Time (ms),Actual Angle (deg),Predicted Angle (deg)
0.0,79.72,79.79
10.0,79.93,79.5
20.0,82.94,78.75
30.0,75.78,78.58
40.0,76.41,78.07
50.0,78.35,76.39
60.0,77.21,76.01
70.0,73.35,74.66
80.0,71.09,74.08
90.0,73.04,72.18
100.0,72.5,69.25
110.0,69.01,68.91
120.0,65.8,66.99
130.0,67.23,66.72
140.0,64.49,65.66
150.0,65.07,64.66
160.0,63.53,63.19
170.0,62.55,63.09
180.0,61.31,60.87
190.0,60.38,61.22
200.0,58.74,58.12
210.0,59.5,58.02
220.0,57.58,57.68
230.0,54.65,55.64
240.0,54.95,55.1
250.0,53.92,54.11
260.0,54.53,54.41
270.0,53.57,53.5
280.0,51.49,53.14
290.0,53.98,53.29
300.0,54.32,52.19
310.0,51.95,55.19
320.0,52.35,54.18
330.0,52.7,53.79
340.0,51.0,53.41
350.0,54.98,54.0
360.0,52.21,52.53
370.0,54.56,53.89
380.0,53.19,53.76
390.0,53.86,53.6
400.0,55.13,53.56
410.0,56.24,54.05
420.0,51.28,54.83
430.0,54.48,54.1
440.0,55.61,53.44
450.0,54.28,55.74
460.0,54.4,55.45
470.0,56.86,54.45
480.0,52.96,53.44
490.0,55.83,53.34
500.0,54.76,53.25
510.0,54.17,53.33
520.0,52.06,51.97
530.0,52.86,51.58
540.0,54.37,51.47
550.0,50.07,50.15
560.0,47.99,49.19
570.0,45.29,47.26
580.0,47.5,46.59
590.0,44.94,46.92
600.0,79.93,79.65
610.0,82.94,79.37
620.0,75.78,78.23
630.0,76.41,78.22
640.0,78.35,77.44
650.0,77.21,75.79
660.0,73.35,75.49
670.0,71.09,74.1
680.0,73.04,73.28
690.0,72.5,71.44
700.0,69.01,68.34
710.0,65.8,67.83
720.0,67.23,66.19
730.0,64.49,65.93
740.0,65.07,64.66
750.0,63.53,63.62
760.0,62.55,62.05
770.0,61.31,62.27
780.0,60.38,60.0
790.0,58.74,60.64
800.0,59.5,56.98
810.0,57.58,57.12
820.0,54.65,56.83
830.0,54.95,55.0
840.0,53.92,54.4
850.0,54.53,53.33
860.0,53.57,54.07
870.0,51.49,53.3
880.0,53.98,52.56
890.0,54.32,52.99
900.0,51.95,51.68
910.0,52.35,54.65
920.0,52.7,54.01
930.0,51.0,53.58
940.0,54.98,53.01
950.0,52.21,53.85
960.0,54.56,52.49
970.0,53.19,53.88
980.0,53.86,53.77
990.0,55.13,53.58
1000.0,56.24,53.51
1010.0,51.28,53.81
1020.0,54.48,54.74
1030.0,55.61,54.2
1040.0,54.28,53.42
1050.0,54.4,55.6
1060.0,56.86,55.26
1070.0,52.96,54.09
1080.0,55.83,53.13
1090.0,54.76,53.09
1100.0,54.17,52.99
1110.0,52.06,53.17
1120.0,52.86,51.66
1130.0,54.37,51.28
1140.0,50.07,51.24
1150.0,47.99,49.74
1160.0,45.29,49.1
1170.0,47.5,46.71
1180.0,44.94,45.92
1190.0,44.8,46.39
1200.0,82.94,79.03
1210.0,75.78,78.58
1220.0,76.41,77.38
1230.0,78.35,77.35
1240.0,77.21,76.37
1250.0,73.35,74.75
1260.0,71.09,74.44
1270.0,73.04,73.03
1280.0,72.5,72.26
1290.0,69.01,70.19
1300.0,65.8,67.2
1310.0,67.23,66.98
1320.0,64.49,65.12
1330.0,65.07,64.92
1340.0,63.53,63.74
1350.0,62.55,62.9
1360.0,61.31,61.51
1370.0,60.38,61.68
1380.0,58.74,59.62
1390.0,59.5,60.32
1400.0,57.58,56.68
1410.0,54.65,56.73
1420.0,54.95,56.63
1430.0,53.92,55.03
1440.0,54.53,54.35
1450.0,53.57,53.53
1460.0,51.49,54.17
1470.0,53.98,53.66
1480.0,54.32,53.04
1490.0,51.95,53.56
1500.0,52.35,52.09
1510.0,52.7,55.31
1520.0,51.0,54.41
1530.0,54.98,54.31
1540.0,52.21,53.44
1550.0,54.56,54.24
1560.0,53.19,53.04
1570.0,53.86,54.45
1580.0,55.13,54.08
1590.0,56.24,53.77
1600.0,51.28,53.67
1610.0,54.48,54.12
1620.0,55.61,54.85
1630.0,54.28,54.07
1640.0,54.4,53.26
1650.0,56.86,55.15
1660.0,52.96,54.69
1670.0,55.83,53.6
1680.0,54.76,52.28
1690.0,54.17,52.25
1700.0,52.06,51.91
1710.0,52.86,52.17
1720.0,54.37,50.48
1730.0,50.07,49.76
1740.0,47.99,49.76
1750.0,45.29,48.26
1760.0,47.5,47.34
1770.0,44.94,44.98
1780.0,44.8,43.96
1790.0,45.09,44.43
1800.0,75.78,79.71
1810.0,76.41,79.39
1820.0,78.35,77.62
1830.0,77.21,77.67
1840.0,73.35,76.21
1850.0,71.09,74.87
1860.0,73.04,74.12
1870.0,72.5,72.46
1880.0,69.01,71.46
1890.0,65.8,69.36
1900.0,67.23,66.82
1910.0,64.49,66.27
1920.0,65.07,63.98
1930.0,63.53,64.25
1940.0,62.55,62.41
1950.0,61.31,61.29
1960.0,60.38,60.5
1970.0,58.74,60.35
1980.0,59.5,58.3
1990.0,57.58,58.61
2000.0,54.65,55.51
2010.0,54.95,55.32
2020.0,53.92,55.28
2030.0,54.53,53.6
2040.0,53.57,53.22
2050.0,51.49,52.48
2060.0,53.98,53.02
2070.0,54.32,52.31
2080.0,51.95,52.13
2090.0,52.35,52.87
2100.0,52.7,51.44
2110.0,51.0,54.39
2120.0,54.98,52.93
2130.0,52.21,53.72
2140.0,54.56,53.66
2150.0,53.19,53.94
2160.0,53.86,52.8
2170.0,55.13,54.31
2180.0,56.24,53.49
2190.0,51.28,53.11
2200.0,54.48,53.04
2210.0,55.61,54.13
2220.0,54.28,54.63
2230.0,54.4,53.82
2240.0,56.86,53.13
2250.0,52.96,54.77
2260.0,55.83,54.31
2270.0,54.76,53.29
2280.0,54.17,51.95
2290.0,52.06,51.88
2300.0,52.86,51.48
2310.0,54.37,51.51
2320.0,50.07,49.97
2330.0,47.99,48.88
2340.0,45.29,48.9
2350.0,47.5,47.53
2360.0,44.94,46.41
2370.0,44.8,43.75
2380.0,45.09,42.48
2390.0,40.3,43.01
2400.0,76.41,76.76
2410.0,78.35,76.59
2420.0,77.21,74.78
2430.0,73.35,74.76
2440.0,71.09,73.45
2450.0,73.04,71.74
2460.0,72.5,71.32
2470.0,69.01,69.83
2480.0,65.8,68.28
2490.0,67.23,66.65
2500.0,64.49,63.75
2510.0,65.07,63.5
2520.0,63.53,61.5
2530.0,62.55,61.5
2540.0,61.31,59.98
2550.0,60.38,59.74
2560.0,58.74,58.22
2570.0,59.5,58.25
2580.0,57.58,56.58
2590.0,54.65,57.21
2600.0,54.95,54.26
2610.0,53.92,54.17
2620.0,54.53,54.59
2630.0,53.57,52.61
2640.0,51.49,52.66
2650.0,53.98,51.81
2660.0,54.32,52.54
2670.0,51.95,52.15
2680.0,52.35,52.14
2690.0,52.7,52.69
2700.0,51.0,51.65
2710.0,54.98,54.5
2720.0,52.21,53.88
2730.0,54.56,53.98
2740.0,53.19,53.58
2750.0,53.86,54.36
2760.0,55.13,53.11
2770.0,56.24,54.38
2780.0,51.28,54.26
2790.0,54.48,53.82
2800.0,55.61,53.88
2810.0,54.28,54.3
2820.0,54.4,54.87
2830.0,56.86,54.32
2840.0,52.96,53.56
2850.0,55.83,55.24
2860.0,54.76,55.03
2870.0,54.17,53.53
2880.0,52.06,52.14
2890.0,52.86,52.28
2900.0,54.37,51.86
2910.0,50.07,51.63
2920.0,47.99,49.88
2930.0,45.29,48.95
2940.0,47.5,48.95
2950.0,44.94,47.15
2960.0,44.8,46.56
2970.0,45.09,43.59
2980.0,40.3,42.6
2990.0,42.84,43.17
3000.0,78.35,75.84
3010.0,77.21,75.29
3020.0,73.35,73.66
3030.0,71.09,73.54
3040.0,73.04,71.88
3050.0,72.5,70.24
3060.0,69.01,69.89
3070.0,65.8,68.13
3080.0,67.23,67.24
3090.0,64.49,65.35
3100.0,65.07,62.55
3110.0,63.53,62.36
3120.0,62.55,60.36
3130.0,61.31,60.47
3140.0,60.38,59.15
3150.0,58.74,59.0
3160.0,59.5,57.8
3170.0,57.58,57.82
3180.0,54.65,56.4
3190.0,54.95,56.98
3200.0,53.92,54.27
3210.0,54.53,54.31
3220.0,53.57,54.92
3230.0,51.49,53.14
3240.0,53.98,53.13
3250.0,54.32,52.51
3260.0,51.95,53.03
3270.0,52.35,53.02
3280.0,52.7,53.14
3290.0,51.0,53.71
3300.0,54.98,52.53
3310.0,52.21,55.83
3320.0,54.56,54.74
3330.0,53.19,54.93
3340.0,53.86,54.61
3350.0,55.13,55.21
3360.0,56.24,53.98
3370.0,51.28,55.35
3380.0,54.48,54.87
3390.0,55.61,54.28
3400.0,54.28,54.21
3410.0,54.4,55.06
3420.0,56.86,55.04
3430.0,52.96,54.06
3440.0,55.83,53.44
3450.0,54.76,54.84
3460.0,54.17,54.42
3470.0,52.06,52.88
3480.0,52.86,51.1
3490.0,54.37,51.17
3500.0,50.07,50.53
3510.0,47.99,49.93
3520.0,45.29,48.22
3530.0,47.5,47.13
3540.0,44.94,46.88
3550.0,44.8,45.0
3560.0,45.09,43.99
3570.0,40.3,41.04
3580.0,42.84,40.08
3590.0,39.78,40.2
3600.0,77.21,76.76
3610.0,73.35,76.13
3620.0,71.09,74.06
3630.0,73.04,74.21
3640.0,72.5,72.49
3650.0,69.01,70.58
3660.0,65.8,69.93
3670.0,67.23,68.52
3680.0,64.49,67.58
3690.0,65.07,65.56
3700.0,63.53,62.61
3710.0,62.55,62.2
3720.0,61.31,59.87
3730.0,60.38,60.3
3740.0,58.74,58.52
3750.0,59.5,58.56
3760.0,57.58,57.23
3770.0,54.65,57.14
3780.0,54.95,55.72
3790.0,53.92,56.16
3800.0,54.53,53.76
3810.0,53.57,53.35
3820.0,51.49,53.81
3830.0,53.98,52.12
3840.0,54.32,52.31
3850.0,51.95,52.06
3860.0,52.35,52.36
3870.0,52.7,52.11
3880.0,51.0,52.48
3890.0,54.98,52.84
3900.0,52.21,51.81
3910.0,54.56,55.32
3920.0,53.19,54.06
3930.0,53.86,54.4
3940.0,55.13,53.89
3950.0,56.24,54.81
3960.0,51.28,53.76
3970.0,54.48,55.19
3980.0,55.61,54.87
3990.0,54.28,54.29
4000.0,54.4,54.23
4010.0,56.86,54.89
4020.0,52.96,55.15
4030.0,55.83,54.33
4040.0,54.76,53.91
4050.0,54.17,55.31
4060.0,52.06,54.77
4070.0,52.86,53.36
4080.0,54.37,51.8
4090.0,50.07,51.9
4100.0,47.99,51.33
4110.0,45.29,50.63
4120.0,47.5,48.8
4130.0,44.94,47.76
4140.0,44.8,47.83
4150.0,45.09,45.6
4160.0,40.3,44.8
4170.0,42.84,41.76
4180.0,39.78,40.99
4190.0,35.66,40.78
4200.0,73.35,75.13
4210.0,71.09,74.68
4220.0,73.04,72.45
4230.0,72.5,72.39
4240.0,69.01,70.32
4250.0,65.8,68.65
4260.0,67.23,68.12
4270.0,64.49,66.42
4280.0,65.07,65.37
4290.0,63.53,63.43
4300.0,62.55,60.85
4310.0,61.31,60.43
4320.0,60.38,58.32
4330.0,58.74,58.79
4340.0,59.5,56.95
4350.0,57.58,57.08
4360.0,54.65,56.17
4370.0,54.95,55.99
4380.0,53.92,54.6
4390.0,54.53,55.11
4400.0,53.57,52.84
4410.0,51.49,52.74
4420.0,53.98,53.4
4430.0,54.32,51.77
4440.0,51.95,52.06
4450.0,52.35,51.48
4460.0,52.7,52.1
4470.0,51.0,52.07
4480.0,54.98,52.36
4490.0,52.21,53.2
4500.0,54.56,51.95
4510.0,53.19,55.17
4520.0,53.86,53.69
4530.0,55.13,54.39
4540.0,56.24,54.39
4550.0,51.28,54.77
4560.0,54.48,53.49
4570.0,55.61,55.08
4580.0,54.28,54.34
4590.0,54.4,53.47
4600.0,56.86,53.29
4610.0,52.96,54.49
4620.0,55.83,54.18
4630.0,54.76,53.13
4640.0,54.17,52.61
4650.0,52.06,53.69
4660.0,52.86,53.32
4670.0,54.37,51.61
4680.0,50.07,49.69
4690.0,47.99,49.76
4700.0,45.29,49.0
4710.0,47.5,48.04
4720.0,44.94,46.34
4730.0,44.8,44.95
4740.0,45.09,44.76
4750.0,40.3,42.81
4760.0,42.84,41.65
4770.0,39.78,38.54
4780.0,35.66,37.42
4790.0,37.67,37.44
4800.0,71.09,73.67
4810.0,73.04,73.09
4820.0,72.5,71.01
4830.0,69.01,70.8
4840.0,65.8,69.07
4850.0,67.23,67.18
4860.0,64.49,66.97
4870.0,65.07,65.4
4880.0,63.53,63.82
4890.0,62.55,62.36
4900.0,61.31,59.43
4910.0,60.38,59.19
4920.0,58.74,57.46
4930.0,59.5,57.7
4940.0,57.58,56.05
4950.0,54.65,56.46
4960.0,54.95,55.14
4970.0,53.92,55.34
4980.0,54.53,53.83
4990.0,53.57,54.87
5000.0,51.49,52.05
5010.0,53.98,52.23
5020.0,54.32,52.86
5030.0,51.95,51.34
5040.0,52.35,51.66
5050.0,52.7,51.03
5060.0,51.0,51.99
5070.0,54.98,51.8
5080.0,52.21,52.06
5090.0,54.56,52.68
5100.0,53.19,51.74
5110.0,53.86,54.72
5120.0,55.13,54.21
5130.0,56.24,54.07
5140.0,51.28,53.74
5150.0,54.48,54.29
5160.0,55.61,52.71
5170.0,54.28,54.41
5180.0,54.4,53.94
5190.0,56.86,53.3
5200.0,52.96,53.0
5210.0,55.83,53.59
5220.0,54.76,53.48
5230.0,54.17,52.77
5240.0,52.06,51.8
5250.0,52.86,53.09
5260.0,54.37,52.67
5270.0,50.07,50.97
5280.0,47.99,48.76
5290.0,45.29,48.9
5300.0,47.5,48.16
5310.0,44.94,47.3
5320.0,44.8,45.33
5330.0,45.09,44.33
5340.0,40.3,43.94
5350.0,42.84,41.85
5360.0,39.78,40.99
5370.0,35.66,37.91
5380.0,37.67,36.87
5390.0,34.71,36.97
5400.0,73.04,71.5
5410.0,72.5,70.56
5420.0,69.01,68.89
5430.0,65.8,68.45
5440.0,67.23,66.79
5450.0,64.49,64.98
5460.0,65.07,65.0
5470.0,63.53,63.24
5480.0,62.55,62.47
5490.0,61.31,60.69
5500.0,60.38,57.94
5510.0,58.74,58.11
5520.0,59.5,56.29
5530.0,57.58,56.67
5540.0,54.65,55.69
5550.0,54.95,56.07
5560.0,53.92,54.98
5570.0,54.53,55.39
5580.0,53.57,54.4
5590.0,51.49,55.47
5600.0,53.98,52.75
5610.0,54.32,53.24
5620.0,51.95,54.03
5630.0,52.35,52.7
5640.0,52.7,53.06
5650.0,51.0,52.85
5660.0,54.98,53.36
5670.0,52.21,53.68
5680.0,54.56,54.19
5690.0,53.19,54.67
5700.0,53.86,53.67
5710.0,55.13,57.13
5720.0,56.24,56.18
5730.0,51.28,56.14
5740.0,54.48,55.49
5750.0,55.61,56.19
5760.0,54.28,54.61
5770.0,54.4,56.04
5780.0,56.86,55.28
5790.0,52.96,54.66
5800.0,55.83,54.26
5810.0,54.76,54.84
5820.0,54.17,54.41
5830.0,52.06,53.05
5840.0,52.86,52.32
5850.0,54.37,53.24
5860.0,50.07,52.31
5870.0,47.99,50.84
5880.0,45.29,48.1
5890.0,47.5,48.22
5900.0,44.94,47.01
5910.0,44.8,45.97
5920.0,45.09,44.02
5930.0,40.3,42.76
5940.0,42.84,42.27
5950.0,39.78,39.96
5960.0,35.66,38.87
5970.0,37.67,35.73
5980.0,34.71,34.7
5990.0,31.05,34.54
6000.0,72.5,71.45
6010.0,69.01,70.67
6020.0,65.8,68.68
6030.0,67.23,68.29
6040.0,64.49,66.41
6050.0,65.07,64.81
6060.0,63.53,64.61
6070.0,62.55,62.94
6080.0,61.31,62.3
6090.0,60.38,60.44
6100.0,58.74,58.11
6110.0,59.5,58.21
6120.0,57.58,55.95
6130.0,54.65,56.97
6140.0,54.95,55.58
6150.0,53.92,55.89
6160.0,54.53,55.28
6170.0,53.57,55.46
6180.0,51.49,54.48
6190.0,53.98,55.38
6200.0,54.32,53.04
6210.0,51.95,53.4
6220.0,52.35,53.95
6230.0,52.7,52.8
6240.0,51.0,53.18
6250.0,54.98,53.06
6260.0,52.21,53.57
6270.0,54.56,53.59
6280.0,53.19,54.41
6290.0,53.86,54.72
6300.0,55.13,53.62
6310.0,56.24,57.18
6320.0,51.28,55.43
6330.0,54.48,56.11
6340.0,55.61,55.72
6350.0,54.28,55.98
6360.0,54.4,54.41
6370.0,56.86,55.8
6380.0,52.96,54.48
6390.0,55.83,53.59
6400.0,54.76,53.24
6410.0,54.17,54.32
6420.0,52.06,53.32
6430.0,52.86,51.88
6440.0,54.37,51.17
6450.0,50.07,51.82
6460.0,47.99,50.77
6470.0,45.29,49.42
6480.0,47.5,46.48
6490.0,44.94,46.61
6500.0,44.8,45.25
6510.0,45.09,44.01
6520.0,40.3,42.38
6530.0,42.84,40.8
6540.0,39.78,40.1
6550.0,35.66,37.99
6560.0,37.67,36.6
6570.0,34.71,33.53
6580.0,31.05,32.53
6590.0,31.59,32.23
6600.0,69.01,70.94
6610.0,65.8,70.38
6620.0,67.23,68.37
6630.0,64.49,68.06
6640.0,65.07,66.49
6650.0,63.53,64.3
6660.0,62.55,64.35
6670.0,61.31,62.92
6680.0,60.38,62.02
6690.0,58.74,60.28
6700.0,59.5,58.09
6710.0,57.58,58.04
6720.0,54.65,55.62
6730.0,54.95,56.9
6740.0,53.92,55.22
6750.0,54.53,55.89
6760.0,53.57,55.17
6770.0,51.49,55.38
6780.0,53.98,54.01
6790.0,54.32,55.14
6800.0,51.95,53.16
6810.0,52.35,53.37
6820.0,52.7,53.42
6830.0,51.0,52.63
6840.0,54.98,52.95
6850.0,52.21,52.65
6860.0,54.56,53.17
6870.0,53.19,52.96
6880.0,53.86,53.86
6890.0,55.13,54.1
6900.0,56.24,53.09
6910.0,51.28,56.11
6920.0,54.48,54.61
6930.0,55.61,55.09
6940.0,54.28,54.94
6950.0,54.4,55.1
6960.0,56.86,53.48
6970.0,52.96,54.72
6980.0,55.83,53.42
6990.0,54.76,52.45
7000.0,54.17,51.98
7010.0,52.06,52.76
7020.0,52.86,51.92
7030.0,54.37,50.72
7040.0,50.07,49.69
7050.0,47.99,50.31
7060.0,45.29,49.34
7070.0,47.5,47.97
7080.0,44.94,45.16
7090.0,44.8,45.05
7100.0,45.09,44.15
7110.0,40.3,42.49
7120.0,42.84,40.79
7130.0,39.78,39.65
7140.0,35.66,39.0
7150.0,37.67,36.82
7160.0,34.71,35.66
7170.0,31.05,32.7
7180.0,31.59,31.61
7190.0,29.65,31.47
7200.0,65.8,68.58
7210.0,67.23,68.42
7220.0,64.49,66.39
7230.0,65.07,65.96
7240.0,63.53,64.26
7250.0,62.55,62.49
7260.0,61.31,62.66
7270.0,60.38,61.5
7280.0,58.74,60.33
7290.0,59.5,58.76
7300.0,57.58,56.77
7310.0,54.65,57.1
7320.0,54.95,54.66
7330.0,53.92,56.21
7340.0,54.53,54.51
7350.0,53.57,55.43
7360.0,51.49,54.85
7370.0,53.98,55.08
7380.0,54.32,53.93
7390.0,51.95,55.3
7400.0,52.35,53.08
7410.0,52.7,53.47
7420.0,51.0,53.63
7430.0,54.98,52.95
7440.0,52.21,53.33
7450.0,54.56,52.91
7460.0,53.19,53.69
7470.0,53.86,53.66
7480.0,55.13,54.36
7490.0,56.24,54.79
7500.0,51.28,53.53
7510.0,54.48,56.35
7520.0,55.61,54.64
7530.0,54.28,55.56
7540.0,54.4,55.05
7550.0,56.86,55.31
7560.0,52.96,53.61
7570.0,55.83,54.55
7580.0,54.76,53.09
7590.0,54.17,51.87
7600.0,52.06,51.47
7610.0,52.86,51.95
7620.0,54.37,51.03
7630.0,50.07,49.74
7640.0,47.99,48.65
7650.0,45.29,49.05
7660.0,47.5,47.83
7670.0,44.94,46.52
7680.0,44.8,43.37
7690.0,45.09,43.59
7700.0,40.3,42.22
7710.0,42.84,40.78
7720.0,39.78,39.15
7730.0,35.66,37.62
7740.0,37.67,37.01
7750.0,34.71,34.89
7760.0,31.05,33.89
7770.0,31.59,30.88
7780.0,29.65,29.65
7790.0,27.94,29.84
7800.0,67.23,66.21
7810.0,64.49,65.56
7820.0,65.07,63.7
7830.0,63.53,63.15
7840.0,62.55,61.26
7850.0,61.31,59.44
7860.0,60.38,59.77
7870.0,58.74,58.61
7880.0,59.5,57.68
7890.0,57.58,56.04
7900.0,54.65,54.11
7910.0,54.95,54.57
7920.0,53.92,52.46
7930.0,54.53,53.66
7940.0,53.57,52.41
7950.0,51.49,53.43
7960.0,53.98,52.99
7970.0,54.32,53.47
7980.0,51.95,52.35
7990.0,52.35,54.03
8000.0,52.7,51.97
8010.0,51.0,52.56
8020.0,54.98,52.97
8030.0,52.21,52.45
8040.0,54.56,52.83
8050.0,53.19,52.5
8060.0,53.86,53.42
8070.0,55.13,53.71
8080.0,56.24,54.52
8090.0,51.28,55.07
8100.0,54.48,53.85
8110.0,55.61,56.86
8120.0,54.28,55.11
8130.0,54.4,55.89
8140.0,56.86,55.3
8150.0,52.96,55.74
8160.0,55.83,53.8
8170.0,54.76,54.67
8180.0,54.17,53.34
8190.0,52.06,52.11
8200.0,52.86,51.54
8210.0,54.37,52.18
8220.0,50.07,50.93
8230.0,47.99,49.38
8240.0,45.29,47.97
8250.0,47.5,48.34
8260.0,44.94,46.78
8270.0,44.8,45.6
8280.0,45.09,42.22
8290.0,40.3,42.31
8300.0,42.84,40.61
8310.0,39.78,38.85
8320.0,35.66,37.47
8330.0,37.67,36.07
8340.0,34.71,35.3
8350.0,31.05,32.94
8360.0,31.59,31.8
8370.0,29.65,28.48
8380.0,27.94,27.66
8390.0,25.34,27.71
8400.0,64.49,66.62
8410.0,65.07,66.23
8420.0,63.53,64.41
8430.0,62.55,63.98
8440.0,61.31,62.68
8450.0,60.38,60.47
8460.0,58.74,60.9
8470.0,59.5,60.06
8480.0,57.58,59.2
8490.0,54.65,57.45
8500.0,54.95,55.78
8510.0,53.92,56.26
8520.0,54.53,53.61
8530.0,53.57,55.44
8540.0,51.49,53.74
8550.0,53.98,55.02
8560.0,54.32,54.61
8570.0,51.95,54.76
8580.0,52.35,53.71
8590.0,52.7,55.4
8600.0,51.0,53.47
8610.0,54.98,53.69
8620.0,52.21,53.55
8630.0,54.56,53.43
8640.0,53.19,53.69
8650.0,53.86,53.64
8660.0,55.13,54.08
8670.0,56.24,53.93
8680.0,51.28,54.92
8690.0,54.48,55.16
8700.0,55.61,54.01
8710.0,54.28,56.58
8720.0,54.4,54.79
8730.0,56.86,55.51
8740.0,52.96,54.82
8750.0,55.83,55.19
8760.0,54.76,53.46
8770.0,54.17,54.11
8780.0,52.06,52.52
8790.0,52.86,51.28
8800.0,54.37,50.62
8810.0,50.07,50.75
8820.0,47.99,49.82
8830.0,45.29,48.34
8840.0,47.5,47.12
8850.0,44.94,47.22
8860.0,44.8,45.33
8870.0,45.09,44.51
8880.0,40.3,41.15
8890.0,42.84,41.21
8900.0,39.78,39.79
8910.0,35.66,38.07
8920.0,37.67,36.39
8930.0,34.71,35.38
8940.0,31.05,34.79
8950.0,31.59,32.4
8960.0,29.65,31.53
8970.0,27.94,28.54
8980.0,25.34,27.53
8990.0,25.45,27.71
9000.0,65.07,64.65
9010.0,63.53,64.06
9020.0,62.55,62.35
9030.0,61.31,61.79
9040.0,60.38,60.27
9050.0,58.74,58.36
9060.0,59.5,58.91
9070.0,57.58,57.81
9080.0,54.65,57.09
9090.0,54.95,55.42
9100.0,53.92,54.05
9110.0,54.53,54.44
9120.0,53.57,52.25
9130.0,51.49,53.88
9140.0,53.98,52.39
9150.0,54.32,53.44
9160.0,51.95,53.46
9170.0,52.35,53.77
9180.0,52.7,52.72
9190.0,51.0,54.54
9200.0,54.98,52.62
9210.0,52.21,53.2
9220.0,54.56,53.32
9230.0,53.19,53.13
9240.0,53.86,53.5
9250.0,55.13,53.29
9260.0,56.24,53.88
9270.0,51.28,53.91
9280.0,54.48,54.86
9290.0,55.61,55.42
9300.0,54.28,54.24
9310.0,54.4,56.7
9320.0,56.86,54.77
9330.0,52.96,55.52
9340.0,55.83,55.14
9350.0,54.76,55.38
9360.0,54.17,53.38
9370.0,52.06,54.01
9380.0,52.86,52.35
9390.0,54.37,51.08
9400.0,50.07,50.2
9410.0,47.99,50.59
9420.0,45.29,49.36
9430.0,47.5,47.74
9440.0,44.94,46.24
9450.0,44.8,46.3
9460.0,45.09,44.19
9470.0,40.3,43.38
9480.0,42.84,39.76
9490.0,39.78,39.81
9500.0,35.66,38.1
9510.0,37.67,36.16
9520.0,34.71,34.79
9530.0,31.05,33.82
9540.0,31.59,33.03
9550.0,29.65,30.7
9560.0,27.94,29.72
9570.0,25.34,26.42
9580.0,25.45,25.54
9590.0,25.56,25.82
9600.0,63.53,64.72
9610.0,62.55,63.7
9620.0,61.31,62.07
9630.0,60.38,61.38
9640.0,58.74,59.75
9650.0,59.5,58.12
9660.0,57.58,58.46
9670.0,54.65,57.66
9680.0,54.95,56.91
9690.0,53.92,55.02
9700.0,54.53,53.5
9710.0,53.57,54.12
9720.0,51.49,52.02
9730.0,53.98,53.45
9740.0,54.32,51.97
9750.0,51.95,53.04
9760.0,52.35,53.07
9770.0,52.7,53.57
9780.0,51.0,52.37
9790.0,54.98,54.33
9800.0,52.21,51.87
9810.0,54.56,52.43
9820.0,53.19,52.68
9830.0,53.86,52.63
9840.0,55.13,52.92
9850.0,56.24,52.94
9860.0,51.28,53.46
9870.0,54.48,53.48
9880.0,55.61,54.24
9890.0,54.28,54.89
9900.0,54.4,53.67
9910.0,56.86,56.19
9920.0,52.96,54.27
9930.0,55.83,55.23
9940.0,54.76,54.17
9950.0,54.17,54.57
9960.0,52.06,52.4
9970.0,52.86,53.35
9980.0,54.37,51.49
9990.0,50.07,50.49
10000.0,47.99,49.43
10010.0,45.29,49.77
10020.0,47.5,48.68
10030.0,44.94,46.96
10040.0,44.8,45.28
10050.0,45.09,45.41
10060.0,40.3,42.86
10070.0,42.84,42.5
10080.0,39.78,38.81
10090.0,35.66,38.93
10100.0,37.67,36.67
10110.0,34.71,35.42
10120.0,31.05,33.94
10130.0,31.59,32.89
10140.0,29.65,32.18
10150.0,27.94,29.93
10160.0,25.34,28.73
10170.0,25.45,25.65
10180.0,25.56,24.83
10190.0,19.34,25.18
10200.0,62.55,63.22
10210.0,61.31,62.76
10220.0,60.38,61.09
10230.0,58.74,60.57
10240.0,59.5,59.23
10250.0,57.58,58.01
10260.0,54.65,58.7
10270.0,54.95,57.81
10280.0,53.92,57.02
10290.0,54.53,55.69
10300.0,53.57,54.74
10310.0,51.49,55.06
10320.0,53.98,53.22
10330.0,54.32,55.32
10340.0,51.95,53.62
10350.0,52.35,54.27
10360.0,52.7,54.82
10370.0,51.0,55.16
10380.0,54.98,54.37
10390.0,52.21,56.4
10400.0,54.56,53.56
10410.0,53.19,54.52
10420.0,53.86,54.44
10430.0,55.13,54.49
10440.0,56.24,54.71
10450.0,51.28,54.43
10460.0,54.48,55.25
10470.0,55.61,54.72
10480.0,54.28,55.24
10490.0,54.4,55.72
10500.0,56.86,54.42
10510.0,52.96,56.33
10520.0,55.83,54.41
10530.0,54.76,55.22
10540.0,54.17,54.55
10550.0,52.06,54.4
10560.0,52.86,52.23
10570.0,54.37,52.74
10580.0,50.07,50.36
10590.0,47.99,49.26
10600.0,45.29,48.1
10610.0,47.5,48.06
10620.0,44.94,46.61
10630.0,44.8,45.09
10640.0,45.09,43.46
10650.0,40.3,43.22
10660.0,42.84,40.27
10670.0,39.78,40.0
10680.0,35.66,35.92
10690.0,37.67,36.19
10700.0,34.71,34.22
10710.0,31.05,32.94
10720.0,31.59,31.49
10730.0,29.65,30.84
10740.0,27.94,29.58
10750.0,25.34,27.57
10760.0,25.45,26.85
10770.0,25.56,23.57
10780.0,19.34,22.8
10790.0,23.61,23.42
10800.0,61.31,61.63
10810.0,60.38,60.88
10820.0,58.74,59.43
10830.0,59.5,58.69
10840.0,57.58,57.36
10850.0,54.65,55.89
10860.0,54.95,56.41
10870.0,53.92,56.06
10880.0,54.53,55.07
10890.0,53.57,53.52
10900.0,51.49,52.67
10910.0,53.98,53.42
10920.0,54.32,51.47
10930.0,51.95,53.24
10940.0,52.35,51.57
10950.0,52.7,52.95
10960.0,51.0,53.35
10970.0,54.98,53.78
10980.0,52.21,52.47
10990.0,54.56,54.48
11000.0,53.19,52.57
11010.0,53.86,53.08
11020.0,55.13,53.14
11030.0,56.24,53.2
11040.0,51.28,53.59
11050.0,54.48,53.17
11060.0,55.61,53.93
11070.0,54.28,53.6
11080.0,54.4,54.4
11090.0,56.86,55.01
11100.0,52.96,53.55
11110.0,55.83,55.71
11120.0,54.76,53.15
11130.0,54.17,54.58
11140.0,52.06,53.5
11150.0,52.86,53.37
11160.0,54.37,50.93
11170.0,50.07,51.38
11180.0,47.99,49.29
11190.0,45.29,48.0
11200.0,47.5,46.69
11210.0,44.94,47.03
11220.0,44.8,45.44
11230.0,45.09,43.6
11240.0,40.3,41.53
11250.0,42.84,41.44
11260.0,39.78,38.67
11270.0,35.66,38.45
11280.0,37.67,34.41
11290.0,34.71,34.6
11300.0,31.05,32.37
11310.0,31.59,30.99
11320.0,29.65,29.85
11330.0,27.94,28.73
11340.0,25.34,27.77
11350.0,25.45,25.93
11360.0,25.56,24.63
11370.0,19.34,21.67
11380.0,23.61,21.29
11390.0,21.29,21.98
11400.0,60.38,60.87
11410.0,58.74,60.3
11420.0,59.5,59.25
11430.0,57.58,58.6
11440.0,54.65,57.95
11450.0,54.95,56.04
11460.0,53.92,56.9
11470.0,54.53,56.85
11480.0,53.57,55.79
11490.0,51.49,54.38
11500.0,53.98,53.69
11510.0,54.32,54.57
11520.0,51.95,52.45
11530.0,52.35,54.46
11540.0,52.7,52.57
11550.0,51.0,54.46
11560.0,54.98,54.65
11570.0,52.21,54.84
11580.0,54.56,53.55
11590.0,53.19,55.53
11600.0,53.86,54.02
11610.0,55.13,54.13
11620.0,56.24,53.86
11630.0,51.28,54.11
11640.0,54.48,54.43
11650.0,55.61,53.85
11660.0,54.28,54.26
11670.0,54.4,53.76
11680.0,56.86,54.62
11690.0,52.96,54.99
11700.0,55.83,53.51
11710.0,54.76,55.23
11720.0,54.17,52.71
11730.0,52.06,53.83
11740.0,52.86,52.56
11750.0,54.37,52.49
11760.0,50.07,50.07
11770.0,47.99,50.09
11780.0,45.29,48.18
11790.0,47.5,46.79
11800.0,44.94,45.39
11810.0,44.8,45.1
11820.0,45.09,43.78
11830.0,40.3,42.1
11840.0,42.84,39.98
11850.0,39.78,39.84
11860.0,35.66,37.0
11870.0,37.67,37.09
11880.0,34.71,32.9
11890.0,31.05,33.18
11900.0,31.59,31.43
11910.0,29.65,29.88
11920.0,27.94,28.63
11930.0,25.34,27.84
11940.0,25.45,27.13
11950.0,25.56,25.25
11960.0,19.34,24.31
11970.0,23.61,21.71
11980.0,21.29,21.39
11990.0,19.06,22.33
12000.0,58.74,59.69
12010.0,59.5,58.93
12020.0,57.58,58.06
12030.0,54.65,57.31
12040.0,54.95,56.63
12050.0,53.92,55.45
12060.0,54.53,56.38
12070.0,53.57,56.02
12080.0,51.49,55.23
12090.0,53.98,54.03
12100.0,54.32,53.63
12110.0,51.95,54.52
12120.0,52.35,52.93
12130.0,52.7,54.8
12140.0,51.0,53.15
12150.0,54.98,54.53
12160.0,52.21,55.24
12170.0,54.56,55.51
12180.0,53.19,54.41
12190.0,53.86,56.34
12200.0,55.13,54.32
12210.0,56.24,55.06
12220.0,51.28,54.88
12230.0,54.48,54.89
12240.0,55.61,55.32
12250.0,54.28,54.67
12260.0,54.4,55.14
12270.0,56.86,54.54
12280.0,52.96,55.13
12290.0,55.83,55.58
12300.0,54.76,53.9
12310.0,54.17,55.8
12320.0,52.06,52.99
12330.0,52.86,54.1
12340.0,54.37,52.92
12350.0,50.07,52.41
12360.0,47.99,49.8
12370.0,45.29,49.85
12380.0,47.5,47.5
12390.0,44.94,46.13
12400.0,44.8,44.58
12410.0,45.09,44.58
12420.0,40.3,42.77
12430.0,42.84,40.97
12440.0,39.78,38.83
12450.0,35.66,38.51
12460.0,37.67,35.39
12470.0,34.71,35.48
12480.0,31.05,30.93
12490.0,31.59,31.22
12500.0,29.65,29.38
12510.0,27.94,28.0
12520.0,25.34,26.86
12530.0,25.45,25.98
12540.0,25.56,24.98
12550.0,19.34,23.41
12560.0,23.61,22.27
12570.0,21.29,19.69
12580.0,19.06,19.51
12590.0,18.51,20.49
12600.0,59.5,58.23
12610.0,57.58,57.71
12620.0,54.65,57.01
12630.0,54.95,56.38
12640.0,53.92,55.82
12650.0,54.53,54.02
12660.0,53.57,55.45
12670.0,51.49,55.41
12680.0,53.98,54.81
12690.0,54.32,53.21
12700.0,51.95,52.98
12710.0,52.35,53.84
12720.0,52.7,52.33
12730.0,51.0,54.26
12740.0,54.98,52.41
12750.0,52.21,54.65
12760.0,54.56,54.87
12770.0,53.19,55.14
12780.0,53.86,53.93
12790.0,55.13,56.0
12800.0,56.24,54.44
12810.0,51.28,54.95
12820.0,54.48,54.46
12830.0,55.61,54.82
12840.0,54.28,55.1
12850.0,54.4,54.14
12860.0,56.86,54.51
12870.0,52.96,54.3
12880.0,55.83,54.71
12890.0,54.76,55.26
12900.0,54.17,53.3
12910.0,52.06,54.89
12920.0,52.86,52.05
12930.0,54.37,53.18
12940.0,50.07,51.64
12950.0,47.99,51.44
12960.0,45.29,48.82
12970.0,47.5,48.52
12980.0,44.94,46.36
12990.0,44.8,44.91
13000.0,45.09,43.13
13010.0,40.3,42.86
13020.0,42.84,41.22
13030.0,39.78,39.23
13040.0,35.66,37.14
13050.0,37.67,36.7
13060.0,34.71,33.52
13070.0,31.05,33.7
13080.0,31.59,29.51
13090.0,29.65,29.69
13100.0,27.94,28.15
13110.0,25.34,26.51
13120.0,25.45,25.4
13130.0,25.56,24.73
13140.0,19.34,24.31
13150.0,23.61,22.34
13160.0,21.29,21.66
13170.0,19.06,18.86
13180.0,18.51,19.1
13190.0,16.6,20.32
13200.0,57.58,58.1
13210.0,54.65,57.35
13220.0,54.95,56.69
13230.0,53.92,56.26
13240.0,54.53,55.78
13250.0,53.57,54.27
13260.0,51.49,55.74
13270.0,53.98,55.46
13280.0,54.32,55.08
13290.0,51.95,53.84
13300.0,52.35,53.68
13310.0,52.7,54.3
13320.0,51.0,52.94
13330.0,54.98,55.05
13340.0,52.21,53.18
13350.0,54.56,55.03
13360.0,53.19,55.56
13370.0,53.86,55.77
13380.0,55.13,54.54
13390.0,56.24,56.54
13400.0,51.28,54.77
13410.0,54.48,55.43
13420.0,55.61,54.87
13430.0,54.28,55.11
13440.0,54.4,55.28
13450.0,56.86,54.21
13460.0,52.96,54.67
13470.0,55.83,53.98
13480.0,54.76,54.38
13490.0,54.17,54.67
13500.0,52.06,52.76
13510.0,52.86,54.17
13520.0,54.37,51.36
13530.0,50.07,52.13
13540.0,47.99,50.91
13550.0,45.29,50.27
13560.0,47.5,47.5
13570.0,44.94,47.24
13580.0,44.8,44.78
13590.0,45.09,43.33
13600.0,40.3,41.46
13610.0,42.84,41.38
13620.0,39.78,39.38
13630.0,35.66,37.61
13640.0,37.67,35.39
13650.0,34.71,34.89
13660.0,31.05,31.75
13670.0,31.59,31.93
13680.0,29.65,27.71
13690.0,27.94,27.78
13700.0,25.34,26.55
13710.0,25.45,24.87
13720.0,25.56,23.83
13730.0,19.34,23.57
13740.0,23.61,22.85
13750.0,21.29,21.17
13760.0,19.06,20.46
13770.0,18.51,17.87
13780.0,16.6,18.31
13790.0,15.59,19.5
13800.0,54.65,56.39
13810.0,54.95,55.63
13820.0,53.92,55.02
13830.0,54.53,54.79
13840.0,53.57,54.37
13850.0,51.49,53.04
13860.0,53.98,54.67
13870.0,54.32,54.21
13880.0,51.95,54.05
13890.0,52.35,52.96
13900.0,52.7,53.17
13910.0,51.0,53.97
13920.0,54.98,52.57
13930.0,52.21,54.64
13940.0,54.56,53.09
13950.0,53.19,54.84
13960.0,53.86,55.67
13970.0,55.13,55.85
13980.0,56.24,54.6
13990.0,51.28,56.52
14000.0,54.48,54.97
14010.0,55.61,55.56
14020.0,54.28,55.42
14030.0,54.4,55.33
14040.0,56.86,55.64
14050.0,52.96,54.17
14060.0,55.83,54.67
14070.0,54.76,54.06
14080.0,54.17,54.47
14090.0,52.06,54.91
14100.0,52.86,52.78
14110.0,54.37,53.88
14120.0,50.07,50.62
14130.0,47.99,51.63
14140.0,45.29,50.76
14150.0,47.5,49.61
14160.0,44.94,46.71
14170.0,44.8,46.09
14180.0,45.09,43.48
14190.0,40.3,41.91
14200.0,42.84,39.92
14210.0,39.78,40.21
14220.0,35.66,37.9
14230.0,37.67,35.99
14240.0,34.71,33.55
14250.0,31.05,32.85
14260.0,31.59,29.97
14270.0,29.65,29.96
14280.0,27.94,25.91
14290.0,25.34,25.92
14300.0,25.45,24.55
14310.0,25.56,22.91
14320.0,19.34,22.07
14330.0,23.61,21.64
14340.0,21.29,20.93
14350.0,19.06,19.74
14360.0,18.51,18.91
14370.0,16.6,16.36
14380.0,15.59,16.83
14390.0,17.23,18.33
14400.0,54.95,55.48
14410.0,53.92,54.97
14420.0,54.53,54.29
14430.0,53.57,53.88
14440.0,51.49,53.3
14450.0,53.98,52.22
14460.0,54.32,53.51
14470.0,51.95,53.62
14480.0,52.35,53.05
14490.0,52.7,51.87
14500.0,51.0,51.7
14510.0,54.98,52.64
14520.0,52.21,51.81
14530.0,54.56,53.24
14540.0,53.19,51.67
14550.0,53.86,53.97
14560.0,55.13,54.15
14570.0,56.24,54.39
14580.0,51.28,53.19
14590.0,54.48,55.11
14600.0,55.61,53.28
14610.0,54.28,54.02
14620.0,54.4,54.01
14630.0,56.86,53.71
14640.0,52.96,54.14
14650.0,55.83,52.63
14660.0,54.76,53.14
14670.0,54.17,52.82
14680.0,52.06,52.75
14690.0,52.86,53.39
14700.0,54.37,51.16
14710.0,50.07,52.42
14720.0,47.99,49.37
14730.0,45.29,50.19
14740.0,47.5,48.53
14750.0,44.94,48.27
14760.0,44.8,45.16
14770.0,45.09,44.56
14780.0,40.3,42.46
14790.0,42.84,40.99
14800.0,39.78,38.97
14810.0,35.66,38.61
14820.0,37.67,36.95
14830.0,34.71,35.02
14840.0,31.05,32.86
14850.0,31.59,32.44
14860.0,29.65,29.44
14870.0,27.94,29.46
14880.0,25.34,25.57
14890.0,25.45,26.02
14900.0,25.56,24.3
14910.0,19.34,23.15
14920.0,23.61,22.18
14930.0,21.29,21.75
14940.0,19.06,21.57
14950.0,18.51,20.23
14960.0,16.6,19.76
14970.0,15.59,17.06
14980.0,17.23,17.95
14990.0,17.3,19.69
15000.0,53.92,55.65
15010.0,54.53,55.13
15020.0,53.57,54.11
15030.0,51.49,54.29
15040.0,53.98,53.73
15050.0,54.32,52.7
15060.0,51.95,54.21
15070.0,52.35,54.56
15080.0,52.7,53.56
15090.0,51.0,53.03
15100.0,54.98,52.38
15110.0,52.21,53.02
15120.0,54.56,52.76
15130.0,53.19,54.02
15140.0,53.86,52.19
15150.0,55.13,54.48
15160.0,56.24,54.22
15170.0,51.28,54.67
15180.0,54.48,53.13
15190.0,55.61,55.31
15200.0,54.28,52.68
15210.0,54.4,53.43
15220.0,56.86,53.25
15230.0,52.96,53.09
15240.0,55.83,53.09
15250.0,54.76,51.09
15260.0,54.17,52.46
15270.0,52.06,51.55
15280.0,52.86,50.88
15290.0,54.37,51.1
15300.0,50.07,48.99
15310.0,47.99,49.67
15320.0,45.29,47.52
15330.0,47.5,47.45
15340.0,44.94,45.5
15350.0,44.8,45.19
15360.0,45.09,41.89
15370.0,40.3,41.44
15380.0,42.84,39.44
15390.0,39.78,38.12
15400.0,35.66,36.14
15410.0,37.67,35.13
15420.0,34.71,33.72
15430.0,31.05,32.41
15440.0,31.59,29.97
15450.0,29.65,29.87
15460.0,27.94,26.78
15470.0,25.34,26.87
15480.0,25.45,23.48
15490.0,25.56,23.88
15500.0,19.34,22.7
15510.0,23.61,21.96
15520.0,21.29,20.74
15530.0,19.06,21.27
15540.0,18.51,20.99
15550.0,16.6,19.65
15560.0,15.59,19.77
15570.0,17.23,17.18
15580.0,17.3,18.54
15590.0,19.13,20.58
15600.0,54.53,54.49
15610.0,53.57,53.49
15620.0,51.49,53.51
15630.0,53.98,53.53
15640.0,54.32,53.57
15650.0,51.95,52.69
15660.0,52.35,54.53
15670.0,52.7,54.36
15680.0,51.0,54.2
15690.0,54.98,53.54
15700.0,52.21,53.08
15710.0,54.56,54.38
15720.0,53.19,53.89
15730.0,53.86,55.04
15740.0,55.13,53.99
15750.0,56.24,56.0
15760.0,51.28,55.91
15770.0,54.48,56.48
15780.0,55.61,54.75
15790.0,54.28,56.93
15800.0,54.4,54.41
15810.0,56.86,55.01
15820.0,52.96,55.24
15830.0,55.83,54.69
15840.0,54.76,54.78
15850.0,54.17,52.42
15860.0,52.06,53.22
15870.0,52.86,52.61
15880.0,54.37,51.8
15890.0,50.07,52.14
15900.0,47.99,49.69
15910.0,45.29,50.4
15920.0,47.5,47.53
15930.0,44.94,47.47
15940.0,44.8,45.43
15950.0,45.09,44.85
15960.0,40.3,41.38
15970.0,42.84,40.69
15980.0,39.78,38.42
15990.0,35.66,36.91
16000.0,37.67,34.84
16010.0,34.71,34.38
16020.0,31.05,32.57
16030.0,31.59,31.09
16040.0,29.65,28.37
16050.0,27.94,28.22
16060.0,25.34,25.62
16070.0,25.45,25.48
16080.0,25.56,21.91
16090.0,19.34,22.29
16100.0,23.61,20.93
16110.0,21.29,20.49
16120.0,19.06,19.59
16130.0,18.51,19.88
16140.0,16.6,19.43
16150.0,15.59,18.88
16160.0,17.23,18.32
16170.0,17.3,16.81
16180.0,19.13,17.93
16190.0,19.62,19.93
16200.0,53.57,54.72
16210.0,51.49,54.11
16220.0,53.98,53.8
16230.0,54.32,54.05
16240.0,51.95,53.76
16250.0,52.35,53.22
16260.0,52.7,55.04
16270.0,51.0,54.74
16280.0,54.98,54.53
16290.0,52.21,53.94
16300.0,54.56,53.82
16310.0,53.19,54.67
16320.0,53.86,54.2
16330.0,55.13,55.58
16340.0,56.24,54.26
16350.0,51.28,55.98
16360.0,54.48,56.06
16370.0,55.61,56.26
16380.0,54.28,54.99
16390.0,54.4,56.83
16400.0,56.86,54.18
16410.0,52.96,54.9
16420.0,55.83,55.05
16430.0,54.76,54.27
16440.0,54.17,54.34
16450.0,52.06,51.9
16460.0,52.86,52.81
16470.0,54.37,51.9
16480.0,50.07,51.02
16490.0,47.99,51.34
16500.0,45.29,48.87
16510.0,47.5,49.19
16520.0,44.94,46.17
16530.0,44.8,46.12
16540.0,45.09,44.73
16550.0,40.3,43.83
16560.0,42.84,40.47
16570.0,39.78,39.68
16580.0,35.66,37.21
16590.0,37.67,35.76
16600.0,34.71,33.6
16610.0,31.05,33.05
16620.0,31.59,31.46
16630.0,29.65,29.79
16640.0,27.94,27.67
16650.0,25.34,27.33
16660.0,25.45,24.69
16670.0,25.56,24.56
16680.0,19.34,21.17
16690.0,23.61,21.53
16700.0,21.29,20.59
16710.0,19.06,20.08
16720.0,18.51,19.13
16730.0,16.6,19.6
16740.0,15.59,19.37
16750.0,17.23,18.83
16760.0,17.3,18.61
16770.0,19.13,16.82
16780.0,19.62,18.09
16790.0,20.1,20.27
16800.0,51.49,53.69
16810.0,53.98,53.25
16820.0,54.32,53.09
16830.0,51.95,53.39
16840.0,52.35,53.74
16850.0,52.7,52.7
16860.0,51.0,54.73
16870.0,54.98,54.72
16880.0,52.21,54.45
16890.0,54.56,53.87
16900.0,53.19,54.04
16910.0,53.86,55.08
16920.0,55.13,54.31
16930.0,56.24,55.68
16940.0,51.28,54.5
16950.0,54.48,56.57
16960.0,55.61,56.34
16970.0,54.28,56.43
16980.0,54.4,54.9
16990.0,56.86,56.56
17000.0,52.96,54.8
17010.0,55.83,54.9
17020.0,54.76,55.04
17030.0,54.17,54.12
17040.0,52.06,54.23
17050.0,52.86,51.4
17060.0,54.37,52.25
17070.0,50.07,51.05
17080.0,47.99,50.51
17090.0,45.29,50.57
17100.0,47.5,48.08
17110.0,44.94,47.99
17120.0,44.8,44.79
17130.0,45.09,44.64
17140.0,40.3,43.38
17150.0,42.84,42.13
17160.0,39.78,38.86
17170.0,35.66,37.65
17180.0,37.67,35.4
17190.0,34.71,33.89
17200.0,31.05,31.75
17210.0,31.59,31.17
17220.0,29.65,29.61
17230.0,27.94,27.8
17240.0,25.34,25.66
17250.0,25.45,25.29
17260.0,25.56,23.16
17270.0,19.34,23.08
17280.0,23.61,20.14
17290.0,21.29,20.36
17300.0,19.06,19.55
17310.0,18.51,19.11
17320.0,16.6,18.34
17330.0,15.59,18.95
17340.0,17.23,18.84
17350.0,17.3,18.71
17360.0,19.13,18.42
17370.0,19.62,17.07
17380.0,20.1,18.7
17390.0,19.76,21.01
17400.0,53.98,53.02
17410.0,54.32,53.2
17420.0,51.95,52.71
17430.0,52.35,52.76
17440.0,52.7,53.17
17450.0,51.0,51.92
17460.0,54.98,53.82
17470.0,52.21,54.49
17480.0,54.56,53.68
17490.0,53.19,53.16
17500.0,53.86,53.04
17510.0,55.13,53.57
17520.0,56.24,53.63
17530.0,51.28,54.51
17540.0,54.48,53.13
17550.0,55.61,55.66
17560.0,54.28,54.76
17570.0,54.4,54.77
17580.0,56.86,53.42
17590.0,52.96,54.96
17600.0,55.83,53.17
17610.0,54.76,53.44
17620.0,54.17,53.32
17630.0,52.06,52.33
17640.0,52.86,52.44
17650.0,54.37,49.4
17660.0,50.07,50.59
17670.0,47.99,49.35
17680.0,45.29,48.35
17690.0,47.5,48.48
17700.0,44.94,45.96
17710.0,44.8,45.81
17720.0,45.09,43.31
17730.0,40.3,42.43
17740.0,42.84,40.95
17750.0,39.78,40.31
17760.0,35.66,36.99
17770.0,37.67,35.76
17780.0,34.71,34.18
17790.0,31.05,32.79
17800.0,31.59,30.61
17810.0,29.65,29.14
17820.0,27.94,28.26
17830.0,25.34,26.42
17840.0,25.45,24.87
17850.0,25.56,24.62
17860.0,19.34,22.51
17870.0,23.61,22.41
17880.0,21.29,19.91
17890.0,19.06,20.43
17900.0,18.51,19.75
17910.0,16.6,19.32
17920.0,15.59,18.5
17930.0,17.23,19.71
17940.0,17.3,19.93
17950.0,19.13,19.54
17960.0,19.62,19.88
17970.0,20.1,18.03
17980.0,19.76,20.38
17990.0,19.47,22.79
18000.0,54.32,54.65
18010.0,51.95,54.7
18020.0,52.35,54.46
18030.0,52.7,54.81
18040.0,51.0,54.59
18050.0,54.98,54.21
18060.0,52.21,56.11
18070.0,54.56,55.99
18080.0,53.19,55.71
18090.0,53.86,55.09
18100.0,55.13,55.22
18110.0,56.24,55.49
18120.0,51.28,55.34
18130.0,54.48,56.53
18140.0,55.61,55.08
18150.0,54.28,56.86
18160.0,54.4,56.41
18170.0,56.86,55.99
18180.0,52.96,55.15
18190.0,55.83,56.42
18200.0,54.76,53.73
18210.0,54.17,54.28
18220.0,52.06,54.16
18230.0,52.86,52.94
18240.0,54.37,52.66
18250.0,50.07,49.76
18260.0,47.99,50.73
18270.0,45.29,49.26
18280.0,47.5,47.99
18290.0,44.94,48.1
18300.0,44.8,45.54
18310.0,45.09,45.19
18320.0,40.3,42.32
18330.0,42.84,41.48
18340.0,39.78,40.44
18350.0,35.66,39.53
18360.0,37.67,36.34
18370.0,34.71,35.28
18380.0,31.05,33.1
18390.0,31.59,31.75
18400.0,29.65,29.59
18410.0,27.94,28.3
18420.0,25.34,27.37
18430.0,25.45,25.63
18440.0,25.56,24.65
18450.0,19.34,24.3
18460.0,23.61,21.96
18470.0,21.29,21.99
18480.0,19.06,19.23
18490.0,18.51,19.73
18500.0,16.6,19.67
18510.0,15.59,19.39
18520.0,17.23,18.55
18530.0,17.3,19.73
18540.0,19.13,20.05
18550.0,19.62,19.78
18560.0,20.1,20.21
18570.0,19.76,18.74
18580.0,19.47,20.77
18590.0,20.9,23.16
18600.0,51.95,54.5
18610.0,52.35,54.63
18620.0,52.7,54.08
18630.0,51.0,54.62
18640.0,54.98,54.67
18650.0,52.21,54.42
18660.0,54.56,55.94
18670.0,53.19,56.26
18680.0,53.86,55.45
18690.0,55.13,55.17
18700.0,56.24,54.94
18710.0,51.28,55.85
18720.0,54.48,55.29
18730.0,55.61,56.71
18740.0,54.28,54.85
18750.0,54.4,56.68
18760.0,56.86,56.26
18770.0,52.96,55.79
18780.0,55.83,54.2
18790.0,54.76,55.4
18800.0,54.17,53.14
18810.0,52.06,52.96
18820.0,52.86,52.87
18830.0,54.37,51.68
18840.0,50.07,51.07
18850.0,47.99,48.04
18860.0,45.29,49.23
18870.0,47.5,47.01
18880.0,44.94,46.19
18890.0,44.8,45.77
18900.0,45.09,43.28
18910.0,40.3,42.76
18920.0,42.84,39.77
18930.0,39.78,39.29
18940.0,35.66,37.79
18950.0,37.67,36.79
18960.0,34.71,33.43
18970.0,31.05,32.55
18980.0,31.59,30.32
18990.0,29.65,28.61
19000.0,27.94,26.85
19010.0,25.34,25.69
19020.0,25.45,24.83
19030.0,25.56,23.25
19040.0,19.34,22.05
19050.0,23.61,21.76
19060.0,21.29,19.98
19070.0,19.06,20.12
19080.0,18.51,17.75
19090.0,16.6,18.54
19100.0,15.59,18.2
19110.0,17.23,18.55
19120.0,17.3,18.08
19130.0,19.13,19.08
19140.0,19.62,19.61
19150.0,20.1,20.09
19160.0,19.76,20.14
19170.0,19.47,19.35
19180.0,20.9,21.46
19190.0,22.59,24.11
19200.0,52.35,54.39
19210.0,52.7,54.63
19220.0,51.0,54.52
19230.0,54.98,54.92
19240.0,52.21,55.29
19250.0,54.56,54.78
19260.0,53.19,56.6
19270.0,53.86,56.65
19280.0,55.13,56.44
19290.0,56.24,55.93
19300.0,51.28,55.65
19310.0,54.48,56.1
19320.0,55.61,55.93
19330.0,54.28,57.09
19340.0,54.4,55.6
19350.0,56.86,57.42
19360.0,52.96,56.35
19370.0,55.83,55.82
19380.0,54.76,55.03
19390.0,54.17,56.03
19400.0,52.06,53.23
19410.0,52.86,53.41
19420.0,54.37,53.23
19430.0,50.07,51.72
19440.0,47.99,51.1
19450.0,45.29,48.26
19460.0,47.5,48.8
19470.0,44.94,46.85
19480.0,44.8,45.64
19490.0,45.09,45.1
19500.0,40.3,42.87
19510.0,42.84,42.23
19520.0,39.78,39.77
19530.0,35.66,38.26
19540.0,37.67,36.63
19550.0,34.71,36.27
19560.0,31.05,33.17
19570.0,31.59,31.88
19580.0,29.65,30.07
19590.0,27.94,28.77
19600.0,25.34,26.87
19610.0,25.45,24.95
19620.0,25.56,24.52
19630.0,19.34,23.18
19640.0,23.61,22.87
19650.0,21.29,22.46
19660.0,19.06,20.47
19670.0,18.51,20.68
19680.0,16.6,18.27
19690.0,15.59,19.41
19700.0,17.23,19.63
19710.0,17.3,19.78
19720.0,19.13,19.16
19730.0,19.62,20.87
19740.0,20.1,21.62
19750.0,19.76,21.69
19760.0,19.47,22.77
19770.0,20.9,21.69
19780.0,22.59,24.08
19790.0,24.65,26.58
19800.0,52.7,53.82
19810.0,51.0,53.99
19820.0,54.98,53.7
19830.0,52.21,54.17
19840.0,54.56,54.62
19850.0,53.19,54.18
19860.0,53.86,55.84
19870.0,55.13,56.29
19880.0,56.24,55.62
19890.0,51.28,55.26
19900.0,54.48,54.48
19910.0,55.61,55.59
19920.0,54.28,55.34
19930.0,54.4,56.73
19940.0,56.86,54.68
19950.0,52.96,56.7
19960.0,55.83,55.55
19970.0,54.76,55.26
19980.0,54.17,53.56
19990.0,52.06,54.76
20000.0,52.86,52.21
20010.0,54.37,51.85
20020.0,50.07,51.52
20030.0,47.99,50.35
20040.0,45.29,49.2
20050.0,47.5,46.1
20060.0,44.94,47.02
20070.0,44.8,44.7
20080.0,45.09,43.55
20090.0,40.3,42.78
20100.0,42.84,40.26
20110.0,39.78,39.63
20120.0,35.66,37.25
20130.0,37.67,36.15
20140.0,34.71,34.02
20150.0,31.05,33.5
20160.0,31.59,30.3
20170.0,29.65,29.34
20180.0,27.94,27.28
20190.0,25.34,25.52
20200.0,25.45,24.08
20210.0,25.56,22.54
20220.0,19.34,22.02
20230.0,23.61,20.6
20240.0,21.29,20.07
20250.0,19.06,19.71
20260.0,18.51,18.21
20270.0,16.6,18.51
20280.0,15.59,16.67
20290.0,17.23,17.93
20300.0,17.3,18.05
20310.0,19.13,18.62
20320.0,19.62,18.49
20330.0,20.1,20.13
20340.0,19.76,21.05
20350.0,19.47,21.62
20360.0,20.9,22.54
20370.0,22.59,21.77
20380.0,24.65,24.61
20390.0,24.23,27.03
20400.0,51.0,54.19
20410.0,54.98,54.26
20420.0,52.21,54.28
20430.0,54.56,54.45
20440.0,53.19,55.0
20450.0,53.86,54.51
20460.0,55.13,55.96
20470.0,56.24,56.14
20480.0,51.28,55.64
20490.0,54.48,54.94
20500.0,55.61,54.27
20510.0,54.28,55.19
20520.0,54.4,54.92
20530.0,56.86,56.12
20540.0,52.96,54.24
20550.0,55.83,55.92
20560.0,54.76,54.77
20570.0,54.17,54.39
20580.0,52.06,52.7
20590.0,52.86,53.58
20600.0,54.37,51.25
20610.0,50.07,50.81
20620.0,47.99,50.4
20630.0,45.29,49.0
20640.0,47.5,47.91
20650.0,44.94,44.88
20660.0,44.8,45.32
20670.0,45.09,43.09
20680.0,40.3,42.02
20690.0,42.84,41.38
20700.0,39.78,38.8
20710.0,35.66,38.41
20720.0,37.67,35.72
20730.0,34.71,34.74
20740.0,31.05,32.83
20750.0,31.59,32.53
20760.0,29.65,29.21
20770.0,27.94,28.51
20780.0,25.34,26.43
20790.0,25.45,24.73
20800.0,25.56,23.28
20810.0,19.34,21.96
20820.0,23.61,21.81
20830.0,21.29,20.22
20840.0,19.06,20.11
20850.0,18.51,19.72
20860.0,16.6,18.51
20870.0,15.59,18.86
20880.0,17.23,16.93
20890.0,17.3,18.32
20900.0,19.13,18.73
20910.0,19.62,19.24
20920.0,20.1,19.3
20930.0,19.76,20.89
20940.0,19.47,22.1
20950.0,20.9,22.89
20960.0,22.59,23.64
20970.0,24.65,23.05
20980.0,24.23,25.83
20990.0,27.13,28.29
21000.0,54.98,53.56
21010.0,52.21,53.68
21020.0,54.56,53.57
21030.0,53.19,53.91
21040.0,53.86,54.29
21050.0,55.13,54.28
21060.0,56.24,55.59
21070.0,51.28,55.9
21080.0,54.48,54.82
21090.0,55.61,54.59
21100.0,54.28,53.88
21110.0,54.4,55.16
21120.0,56.86,54.78
21130.0,52.96,56.02
21140.0,55.83,53.99
21150.0,54.76,55.6
21160.0,54.17,54.34
21170.0,52.06,54.16
21180.0,52.86,52.13
21190.0,54.37,53.18
21200.0,50.07,50.43
21210.0,47.99,50.0
21220.0,45.29,49.82
21230.0,47.5,48.07
21240.0,44.94,46.8
21250.0,44.8,43.55
21260.0,45.09,44.54
21270.0,40.3,41.91
21280.0,42.84,40.72
21290.0,39.78,39.86
21300.0,35.66,37.23
21310.0,37.67,36.9
21320.0,34.71,34.22
21330.0,31.05,33.38
21340.0,31.59,31.39
21350.0,29.65,30.78
21360.0,27.94,27.54
21370.0,25.34,26.65
21380.0,25.45,24.52
21390.0,25.56,22.85
21400.0,19.34,21.69
21410.0,23.61,20.52
21420.0,21.29,20.26
21430.0,19.06,19.01
21440.0,18.51,18.69
21450.0,16.6,18.48
21460.0,15.59,17.59
21470.0,17.23,17.96
21480.0,17.3,15.99
21490.0,19.13,17.89
21500.0,19.62,18.27
21510.0,20.1,19.14
21520.0,19.76,19.63
21530.0,19.47,20.95
21540.0,20.9,22.0
21550.0,22.59,23.31
21560.0,24.65,24.37
21570.0,24.23,23.84
21580.0,27.13,26.87
21590.0,27.82,29.49
21600.0,52.21,55.21
21610.0,54.56,55.11
21620.0,53.19,55.23
21630.0,53.86,55.65
21640.0,55.13,55.87
21650.0,56.24,55.23
21660.0,51.28,56.61
21670.0,54.48,56.95
21680.0,55.61,56.39
21690.0,54.28,55.36
21700.0,54.4,54.47
21710.0,56.86,55.54
21720.0,52.96,54.75
21730.0,55.83,56.26
21740.0,54.76,53.5
21750.0,54.17,55.3
21760.0,52.06,53.95
21770.0,52.86,53.33
21780.0,54.37,51.2
21790.0,50.07,51.91
21800.0,47.99,49.59
21810.0,45.29,48.62
21820.0,47.5,47.45
21830.0,44.94,46.42
21840.0,44.8,44.59
21850.0,45.09,41.81
21860.0,40.3,42.01
21870.0,42.84,39.51
21880.0,39.78,38.5
21890.0,35.66,37.27
21900.0,37.67,34.78
21910.0,34.71,34.21
21920.0,31.05,31.68
21930.0,31.59,30.83
21940.0,29.65,28.73
21950.0,27.94,28.6
21960.0,25.34,25.69
21970.0,25.45,25.29
21980.0,25.56,22.89
21990.0,19.34,21.21
22000.0,23.61,20.38
22010.0,21.29,19.32
22020.0,19.06,19.45
22030.0,18.51,17.81
22040.0,16.6,18.42
22050.0,15.59,18.03
22060.0,17.23,17.06
22070.0,17.3,17.99
22080.0,19.13,16.96
22090.0,19.62,18.3
22100.0,20.1,19.77
22110.0,19.76,20.23
22120.0,19.47,20.82
22130.0,20.9,22.6
22140.0,22.59,24.66
22150.0,24.65,25.3
22160.0,24.23,26.84
22170.0,27.13,26.5
22180.0,27.82,29.89
22190.0,29.85,31.93
22200.0,54.56,54.5
22210.0,53.19,54.75
22220.0,53.86,54.89
22230.0,55.13,55.09
22240.0,56.24,55.62
22250.0,51.28,54.99
22260.0,54.48,56.14
22270.0,55.61,56.31
22280.0,54.28,55.54
22290.0,54.4,54.7
22300.0,56.86,54.32
22310.0,52.96,55.14
22320.0,55.83,54.12
22330.0,54.76,55.46
22340.0,54.17,53.18
22350.0,52.06,54.51
22360.0,52.86,53.2
22370.0,54.37,52.52
22380.0,50.07,50.68
22390.0,47.99,51.07
22400.0,45.29,48.88
22410.0,47.5,47.93
22420.0,44.94,47.07
22430.0,44.8,45.39
22440.0,45.09,43.82
22450.0,40.3,40.96
22460.0,42.84,41.12
22470.0,39.78,38.46
22480.0,35.66,37.63
22490.0,37.67,36.45
22500.0,34.71,34.12
22510.0,31.05,33.6
22520.0,31.59,30.75
22530.0,29.65,29.94
22540.0,27.94,28.4
22550.0,25.34,28.16
22560.0,25.45,25.36
22570.0,25.56,24.38
22580.0,19.34,22.43
22590.0,23.61,20.95
22600.0,21.29,20.07
22610.0,19.06,18.98
22620.0,18.51,19.28
22630.0,16.6,17.95
22640.0,15.59,18.75
22650.0,17.23,18.42
22660.0,17.3,17.74
22670.0,19.13,18.68
22680.0,19.62,17.17
22690.0,20.1,19.1
22700.0,19.76,20.62
22710.0,19.47,20.94
22720.0,20.9,21.83
22730.0,22.59,23.47
22740.0,24.65,25.36
22750.0,24.23,26.44
22760.0,27.13,28.26
22770.0,27.82,27.83
22780.0,29.85,31.08
22790.0,30.46,33.47
22800.0,53.19,56.09
22810.0,53.86,55.84
22820.0,55.13,56.13
22830.0,56.24,56.49
22840.0,51.28,56.7
22850.0,54.48,56.15
22860.0,55.61,57.0
22870.0,54.28,57.29
22880.0,54.4,56.33
22890.0,56.86,55.33
22900.0,52.96,54.72
22910.0,55.83,55.43
22920.0,54.76,54.25
22930.0,54.17,55.48
22940.0,52.06,52.67
22950.0,52.86,54.15
22960.0,54.37,52.48
22970.0,50.07,51.65
22980.0,47.99,49.55
22990.0,45.29,49.82
23000.0,47.5,47.44
23010.0,44.94,46.07
23020.0,44.8,44.9
23030.0,45.09,43.32
23040.0,40.3,41.31
23050.0,42.84,38.8
23060.0,39.78,38.88
23070.0,35.66,35.83
23080.0,37.67,35.14
23090.0,34.71,33.54
23100.0,31.05,31.33
23110.0,31.59,31.04
23120.0,29.65,28.43
23130.0,27.94,27.52
23140.0,25.34,25.7
23150.0,25.45,25.64
23160.0,25.56,23.09
23170.0,19.34,22.53
23180.0,23.61,20.59
23190.0,21.29,19.38
23200.0,19.06,18.79
23210.0,18.51,17.89
23220.0,16.6,18.43
23230.0,15.59,17.39
23240.0,17.23,18.42
23250.0,17.3,18.35
23260.0,19.13,17.75
23270.0,19.62,19.21
23280.0,20.1,18.04
23290.0,19.76,19.91
23300.0,19.47,22.31
23310.0,20.9,22.65
23320.0,22.59,23.64
23330.0,24.65,25.43
23340.0,24.23,27.84
23350.0,27.13,28.69
23360.0,27.82,30.91
23370.0,29.85,30.67
23380.0,30.46,34.51
23390.0,33.95,36.45
23400.0,53.86,55.58
23410.0,55.13,55.47
23420.0,56.24,56.03
23430.0,51.28,56.17
23440.0,54.48,56.46
23450.0,55.61,56.12
23460.0,54.28,56.92
23470.0,54.4,56.93
23480.0,56.86,55.98
23490.0,52.96,55.04
23500.0,55.83,54.72
23510.0,54.76,55.35
23520.0,54.17,54.09
23530.0,52.06,55.24
23540.0,52.86,52.8
23550.0,54.37,53.87
23560.0,50.07,52.27
23570.0,47.99,51.54
23580.0,45.29,49.52
23590.0,47.5,49.76
23600.0,44.94,47.17
23610.0,44.8,45.94
23620.0,45.09,44.97
23630.0,40.3,43.09
23640.0,42.84,41.09
23650.0,39.78,38.31
23660.0,35.66,38.47
23670.0,37.67,35.56
23680.0,34.71,34.72
23690.0,31.05,33.3
23700.0,31.59,31.06
23710.0,29.65,30.93
23720.0,27.94,27.91
23730.0,25.34,27.22
23740.0,25.45,25.72
23750.0,25.56,25.56
23760.0,19.34,23.1
23770.0,23.61,22.14
23780.0,21.29,20.33
23790.0,19.06,19.1
23800.0,18.51,18.58
23810.0,16.6,17.83
23820.0,15.59,18.36
23830.0,17.23,17.64
23840.0,17.3,18.56
23850.0,19.13,18.59
23860.0,19.62,18.11
23870.0,20.1,19.48
23880.0,19.76,17.89
23890.0,19.47,20.22
23900.0,20.9,22.59
23910.0,22.59,22.93
23920.0,24.65,24.26
23930.0,24.23,25.96
23940.0,27.13,28.04
23950.0,27.82,29.36
23960.0,29.85,31.64
23970.0,30.46,31.44
23980.0,33.95,35.02
23990.0,35.93,37.24
24000.0,55.13,55.69
24010.0,56.24,55.54
24020.0,51.28,56.06
24030.0,54.48,56.14
24040.0,55.61,56.01
24050.0,54.28,55.57
24060.0,54.4,56.35
24070.0,56.86,56.58
24080.0,52.96,55.63
24090.0,55.83,54.23
24100.0,54.76,53.86
24110.0,54.17,54.26
24120.0,52.06,53.13
24130.0,52.86,54.02
24140.0,54.37,51.49
24150.0,50.07,52.83
24160.0,47.99,50.87
24170.0,45.29,50.24
24180.0,47.5,48.09
24190.0,44.94,48.36
24200.0,44.8,45.61
24210.0,45.09,44.15
24220.0,40.3,43.14
24230.0,42.84,41.41
24240.0,39.78,39.17
24250.0,35.66,36.41
24260.0,37.67,36.8
24270.0,34.71,34.14
24280.0,31.05,32.95
24290.0,31.59,31.65
24300.0,29.65,29.33
24310.0,27.94,29.16
24320.0,25.34,26.46
24330.0,25.45,25.95
24340.0,25.56,24.25
24350.0,19.34,24.16
24360.0,23.61,21.92
24370.0,21.29,21.31
24380.0,19.06,19.4
24390.0,18.51,18.42
24400.0,16.6,18.13
24410.0,15.59,17.38
24420.0,17.23,18.3
24430.0,17.3,17.34
24440.0,19.13,18.67
24450.0,19.62,18.58
24460.0,20.1,18.05
24470.0,19.76,19.72
24480.0,19.47,18.78
24490.0,20.9,20.93
24500.0,22.59,23.67
24510.0,24.65,24.05
24520.0,24.23,25.49
24530.0,27.13,27.09
24540.0,27.82,29.81
24550.0,29.85,30.69
24560.0,30.46,33.32
24570.0,33.95,32.94
24580.0,35.93,36.94
24590.0,38.58,39.05
24600.0,56.24,56.93
24610.0,51.28,56.52
24620.0,54.48,57.05
24630.0,55.61,57.16
24640.0,54.28,56.55
24650.0,54.4,56.95
24660.0,56.86,57.21
24670.0,52.96,57.31
24680.0,55.83,56.14
24690.0,54.76,54.76
24700.0,54.17,54.17
24710.0,52.06,54.34
24720.0,52.86,53.49
24730.0,54.37,54.05
24740.0,50.07,51.43
24750.0,47.99,52.46
24760.0,45.29,50.37
24770.0,47.5,49.89
24780.0,44.94,47.47
24790.0,44.8,47.79
24800.0,45.09,44.27
24810.0,40.3,42.86
24820.0,42.84,42.16
24830.0,39.78,39.82
24840.0,35.66,37.57
24850.0,37.67,34.74
24860.0,34.71,35.48
24870.0,31.05,32.74
24880.0,31.59,31.06
24890.0,29.65,30.03
24900.0,27.94,27.68
24910.0,25.34,27.83
24920.0,25.45,25.22
24930.0,25.56,24.87
24940.0,19.34,22.94
24950.0,23.61,23.01
24960.0,21.29,20.81
24970.0,19.06,20.55
24980.0,18.51,18.65
24990.0,16.6,17.89
25000.0,15.59,17.64
25010.0,17.23,17.14
25020.0,17.3,18.34
25030.0,19.13,18.06
25040.0,19.62,19.07
25050.0,20.1,19.46
25060.0,19.76,19.06
25070.0,19.47,20.72
25080.0,20.9,19.7
25090.0,22.59,22.29
25100.0,24.65,24.99
25110.0,24.23,25.86
25120.0,27.13,27.41
25130.0,27.82,28.99
25140.0,29.85,31.54
25150.0,30.46,32.71
25160.0,33.95,35.29
25170.0,35.93,35.1
25180.0,38.58,39.16
25190.0,39.0,41.31
25200.0,51.28,57.64
25210.0,54.48,56.98
25220.0,55.61,57.12
25230.0,54.28,57.38
25240.0,54.4,56.65
25250.0,56.86,57.13
25260.0,52.96,57.1
25270.0,55.83,56.97
25280.0,54.76,55.65
25290.0,54.17,54.27
25300.0,52.06,53.75
25310.0,52.86,53.37
25320.0,54.37,52.59
25330.0,50.07,52.85
25340.0,47.99,50.13
25350.0,45.29,50.84
25360.0,47.5,48.85
25370.0,44.94,48.18
25380.0,44.8,45.55
25390.0,45.09,45.75
25400.0,40.3,42.22
25410.0,42.84,40.69
25420.0,39.78,40.03
25430.0,35.66,37.32
25440.0,37.67,35.26
25450.0,34.71,32.55
25460.0,31.05,33.38
25470.0,31.59,30.24
25480.0,29.65,28.86
25490.0,27.94,27.77
25500.0,25.34,25.69
25510.0,25.45,25.82
25520.0,25.56,23.63
25530.0,19.34,23.08
25540.0,23.61,21.62
25550.0,21.29,21.78
25560.0,19.06,19.36
25570.0,18.51,19.62
25580.0,16.6,17.81
25590.0,15.59,17.53
25600.0,17.23,17.22
25610.0,17.3,17.09
25620.0,19.13,18.42
25630.0,19.62,18.55
25640.0,20.1,19.77
25650.0,19.76,20.31
25660.0,19.47,20.01
25670.0,20.9,21.95
25680.0,22.59,21.3
25690.0,24.65,23.89
25700.0,24.23,26.87
25710.0,27.13,27.92
25720.0,27.82,29.44
25730.0,29.85,31.03
25740.0,30.46,33.83
25750.0,33.95,35.17
25760.0,35.93,37.6
25770.0,38.58,37.54
25780.0,39.0,41.7
25790.0,42.24,43.85
25800.0,54.48,55.35
25810.0,55.61,55.28
25820.0,54.28,54.81
25830.0,54.4,55.21
25840.0,56.86,54.48
25850.0,52.96,54.99
25860.0,55.83,55.04
25870.0,54.76,55.06
25880.0,54.17,53.27
25890.0,52.06,52.36
25900.0,52.86,51.55
25910.0,54.37,50.92
25920.0,50.07,50.74
25930.0,47.99,50.7
25940.0,45.29,47.9
25950.0,47.5,48.58
25960.0,44.94,46.35
25970.0,44.8,45.81
25980.0,45.09,42.96
25990.0,40.3,43.21
26000.0,42.84,39.66
26010.0,39.78,38.3
26020.0,35.66,37.97
26030.0,37.67,34.49
26040.0,34.71,32.82
26050.0,31.05,29.46
26060.0,31.59,31.34
26070.0,29.65,28.12
26080.0,27.94,26.54
26090.0,25.34,25.38
26100.0,25.45,23.51
26110.0,25.56,23.58
26120.0,19.34,22.09
26130.0,23.61,21.09
26140.0,21.29,19.74
26150.0,19.06,20.43
26160.0,18.51,17.9
26170.0,16.6,17.92
26180.0,15.59,16.79
26190.0,17.23,16.71
26200.0,17.3,16.86
26210.0,19.13,16.18
26220.0,19.62,17.91
26230.0,20.1,18.93
26240.0,19.76,19.86
26250.0,19.47,20.68
26260.0,20.9,20.89
26270.0,22.59,22.56
26280.0,24.65,22.62
26290.0,24.23,25.83
26300.0,27.13,28.4
26310.0,27.82,29.83
26320.0,29.85,31.81
26330.0,30.46,33.7
26340.0,33.95,36.39
26350.0,35.93,37.91
26360.0,38.58,40.89
26370.0,39.0,40.65
26380.0,42.24,45.1
26390.0,44.63,47.56
26400.0,55.61,56.58
26410.0,54.28,56.2
26420.0,54.4,55.83
26430.0,56.86,56.26
26440.0,52.96,55.89
26450.0,55.83,55.62
26460.0,54.76,55.51
26470.0,54.17,55.43
26480.0,52.06,54.21
26490.0,52.86,52.56
26500.0,54.37,51.84
26510.0,50.07,51.06
26520.0,47.99,50.17
26530.0,45.29,50.1
26540.0,47.5,47.24
26550.0,44.94,48.13
26560.0,44.8,45.69
26570.0,45.09,44.87
26580.0,40.3,41.89
26590.0,42.84,41.75
26600.0,39.78,39.14
26610.0,35.66,37.05
26620.0,37.67,36.37
26630.0,34.71,33.18
26640.0,31.05,31.46
26650.0,31.59,28.59
26660.0,29.65,29.66
26670.0,27.94,26.46
26680.0,25.34,25.52
26690.0,25.45,23.99
26700.0,25.56,22.23
26710.0,19.34,22.68
26720.0,23.61,21.04
26730.0,21.29,20.1
26740.0,19.06,18.85
26750.0,18.51,19.78
26760.0,16.6,17.43
26770.0,15.59,17.74
26780.0,17.23,16.7
26790.0,17.3,16.91
26800.0,19.13,17.08
26810.0,19.62,17.01
26820.0,20.1,18.64
26830.0,19.76,19.54
26840.0,19.47,21.04
26850.0,20.9,21.83
26860.0,22.59,22.33
26870.0,24.65,24.38
26880.0,24.23,24.84
26890.0,27.13,27.72
26900.0,27.82,30.79
26910.0,29.85,32.08
26920.0,30.46,33.98
26930.0,33.95,35.75
26940.0,35.93,38.9
26950.0,38.58,40.34
26960.0,39.0,43.04
26970.0,42.24,43.21
26980.0,44.63,47.94
26990.0,50.8,49.89
27000.0,54.28,58.14
27010.0,54.4,57.2
27020.0,56.86,57.1
27030.0,52.96,57.38
27040.0,55.83,56.65
27050.0,54.76,57.13
27060.0,54.17,56.83
27070.0,52.06,55.71
27080.0,52.86,54.98
27090.0,54.37,52.98
27100.0,50.07,52.31
27110.0,47.99,51.14
27120.0,45.29,50.53
27130.0,47.5,49.97
27140.0,44.94,47.67
27150.0,44.8,47.9
27160.0,45.09,45.53
27170.0,40.3,44.78
27180.0,42.84,42.35
27190.0,39.78,42.19
27200.0,35.66,38.26
27210.0,37.67,36.88
27220.0,34.71,36.62
27230.0,31.05,33.14
27240.0,31.59,31.49
27250.0,29.65,28.78
27260.0,27.94,29.6
27270.0,25.34,26.8
27280.0,25.45,25.24
27290.0,25.56,24.14
27300.0,19.34,22.47
27310.0,23.61,23.52
27320.0,21.29,21.78
27330.0,19.06,20.82
27340.0,18.51,19.5
27350.0,16.6,20.7
27360.0,15.59,18.29
27370.0,17.23,19.15
27380.0,17.3,17.74
27390.0,19.13,18.58
27400.0,19.62,18.44
27410.0,20.1,18.68
27420.0,19.76,20.5
27430.0,19.47,21.66
27440.0,20.9,23.29
27450.0,22.59,24.3
27460.0,24.65,24.56
27470.0,24.23,26.43
27480.0,27.13,26.06
27490.0,27.82,29.19
27500.0,29.85,32.31
27510.0,30.46,34.18
27520.0,33.95,35.61
27530.0,35.93,37.17
27540.0,38.58,40.04
27550.0,39.0,41.6
27560.0,42.24,44.18
27570.0,44.63,44.26
27580.0,50.8,48.43
27590.0,50.61,50.55
27600.0,54.4,56.31
27610.0,56.86,55.71
27620.0,52.96,55.32
27630.0,55.83,55.72
27640.0,54.76,54.85
27650.0,54.17,54.82
27660.0,52.06,54.66
27670.0,52.86,53.65
27680.0,54.37,52.91
27690.0,50.07,50.9
27700.0,47.99,50.32
27710.0,45.29,48.85
27720.0,47.5,48.39
27730.0,44.94,47.65
27740.0,44.8,45.35
27750.0,45.09,45.66
27760.0,40.3,43.41
27770.0,42.84,42.54
27780.0,39.78,39.88
27790.0,35.66,39.69
27800.0,37.67,36.48
27810.0,34.71,34.92
27820.0,31.05,34.6
27830.0,31.59,31.33
27840.0,29.65,29.62
27850.0,27.94,26.65
27860.0,25.34,27.87
27870.0,25.45,25.21
27880.0,25.56,23.95
27890.0,19.34,22.8
27900.0,23.61,21.01
27910.0,21.29,21.95
27920.0,19.06,20.48
27930.0,18.51,19.53
27940.0,16.6,18.84
27950.0,15.59,20.02
27960.0,17.23,17.5
27970.0,17.3,18.53
27980.0,19.13,17.26
27990.0,19.62,17.93
28000.0,20.1,18.21
28010.0,19.76,18.76
28020.0,19.47,20.28
28030.0,20.9,21.52
28040.0,22.59,23.28
28050.0,24.65,24.1
28060.0,24.23,24.65
28070.0,27.13,26.64
28080.0,27.82,27.04
28090.0,29.85,29.96
28100.0,30.46,33.18
28110.0,33.95,34.82
28120.0,35.93,36.55
28130.0,38.58,38.22
28140.0,39.0,41.31
28150.0,42.24,42.98
28160.0,44.63,45.47
28170.0,50.8,45.58
28180.0,50.61,49.87
28190.0,52.55,52.11
28200.0,56.86,56.35
28210.0,52.96,55.47
28220.0,55.83,54.75
28230.0,54.76,55.11
28240.0,54.17,54.16
28250.0,52.06,54.42
28260.0,52.86,53.82
28270.0,54.37,52.77
28280.0,50.07,51.46
28290.0,47.99,49.59
28300.0,45.29,48.92
28310.0,47.5,47.44
28320.0,44.94,46.89
28330.0,44.8,45.88
28340.0,45.09,43.46
28350.0,40.3,43.52
28360.0,42.84,41.52
28370.0,39.78,40.57
28380.0,35.66,37.42
28390.0,37.67,37.13
28400.0,34.71,34.1
28410.0,31.05,32.12
28420.0,31.59,32.29
28430.0,29.65,28.47
28440.0,27.94,27.12
28450.0,25.34,24.07
28460.0,25.45,25.8
28470.0,25.56,22.79
28480.0,19.34,22.0
28490.0,23.61,21.03
28500.0,21.29,19.31
28510.0,19.06,20.59
28520.0,18.51,19.2
28530.0,16.6,18.55
28540.0,15.59,17.95
28550.0,17.23,19.3
28560.0,17.3,16.52
28570.0,19.13,18.18
28580.0,19.62,17.24
28590.0,20.1,18.24
28600.0,19.76,18.61
28610.0,19.47,19.53
28620.0,20.9,21.36
28630.0,22.59,22.96
28640.0,24.65,24.4
28650.0,24.23,25.54
28660.0,27.13,26.55
28670.0,27.82,28.83
28680.0,29.85,29.36
28690.0,30.46,32.56
28700.0,33.95,35.24
28710.0,35.93,37.66
28720.0,38.58,39.54
28730.0,39.0,40.61
28740.0,42.24,43.87
28750.0,44.63,45.98
28760.0,50.8,47.81
28770.0,50.61,48.35
28780.0,52.55,52.44
28790.0,51.62,54.93
28800.0,52.96,57.95
28810.0,55.83,56.58
28820.0,54.76,56.13
28830.0,54.17,56.42
28840.0,52.06,55.59
28850.0,52.86,55.53
28860.0,54.37,54.75
28870.0,50.07,53.25
28880.0,47.99,52.64
28890.0,45.29,50.18
28900.0,47.5,49.49
28910.0,44.94,47.48
28920.0,44.8,46.83
28930.0,45.09,45.67
28940.0,40.3,43.32
28950.0,42.84,43.52
28960.0,39.78,41.15
28970.0,35.66,40.15
28980.0,37.67,37.47
28990.0,34.71,37.15
29000.0,31.05,33.7
29010.0,31.59,31.91
29020.0,29.65,31.84
29030.0,27.94,28.33
29040.0,25.34,26.9
29050.0,25.45,24.31
29060.0,25.56,25.32
29070.0,19.34,22.67
29080.0,23.61,21.81
29090.0,21.29,20.71
29100.0,19.06,19.32
29110.0,18.51,21.11
29120.0,16.6,20.01
29130.0,15.59,18.93
29140.0,17.23,18.26
29150.0,17.3,20.04
29160.0,19.13,17.48
29170.0,19.62,19.42
29180.0,20.1,18.5
29190.0,19.76,20.09
29200.0,19.47,20.27
29210.0,20.9,21.32
29220.0,22.59,23.2
29230.0,24.65,24.95
29240.0,24.23,26.89
29250.0,27.13,28.27
29260.0,27.82,28.84
29270.0,29.85,31.22
29280.0,30.46,31.64
29290.0,33.95,34.63
29300.0,35.93,37.84
29310.0,38.58,40.09
29320.0,39.0,41.54
29330.0,42.24,42.91
29340.0,44.63,46.05
29350.0,50.8,47.81
29360.0,50.61,49.82
29370.0,52.55,50.14
29380.0,51.62,54.34
29390.0,55.73,56.41
29400.0,55.83,55.58
29410.0,54.76,54.25
29420.0,54.17,53.68
29430.0,52.06,53.77
29440.0,52.86,52.81
29450.0,54.37,52.7
29460.0,50.07,51.91
29470.0,47.99,50.51
29480.0,45.29,49.36
29490.0,47.5,47.31
29500.0,44.94,46.65
29510.0,44.8,44.36
29520.0,45.09,44.23
29530.0,40.3,42.48
29540.0,42.84,40.32
29550.0,39.78,40.34
29560.0,35.66,38.25
29570.0,37.67,37.21
29580.0,34.71,34.38
29590.0,31.05,33.97
29600.0,31.59,30.82
29610.0,29.65,28.96
29620.0,27.94,29.4
29630.0,25.34,25.53
29640.0,25.45,24.36
29650.0,25.56,21.31
29660.0,19.34,23.24
29670.0,23.61,20.76
29680.0,21.29,20.08
29690.0,19.06,19.23
29700.0,18.51,17.89
29710.0,16.6,19.74
29720.0,15.59,19.08
29730.0,17.23,17.91
29740.0,17.3,17.51
29750.0,19.13,19.56
29760.0,19.62,16.84
29770.0,20.1,18.92
29780.0,19.76,18.8
29790.0,19.47,20.6
29800.0,20.9,21.09
29810.0,22.59,22.11
29820.0,24.65,24.04
29830.0,24.23,26.23
29840.0,27.13,27.76
29850.0,27.82,29.33
29860.0,29.85,30.35
29870.0,30.46,33.0
29880.0,33.95,33.66
29890.0,35.93,36.96
29900.0,38.58,39.86
29910.0,39.0,42.33
29920.0,42.24,44.24
29930.0,44.63,45.44
29940.0,50.8,48.59
29950.0,50.61,50.69
29960.0,52.55,52.5
29970.0,51.62,52.75
29980.0,55.73,57.08
29990.0,60.64,59.36
30000.0,54.76,56.31
30010.0,54.17,54.5
30020.0,52.06,54.02
30030.0,52.86,54.16
30040.0,54.37,53.28
30050.0,50.07,52.95
30060.0,47.99,51.76
30070.0,45.29,50.35
30080.0,47.5,49.07
30090.0,44.94,46.92
30100.0,44.8,46.22
30110.0,45.09,43.86
30120.0,40.3,43.56
30130.0,42.84,41.74
30140.0,39.78,39.48
30150.0,35.66,39.69
30160.0,37.67,37.51
30170.0,34.71,36.3
30180.0,31.05,33.3
30190.0,31.59,33.13
30200.0,29.65,29.93
30210.0,27.94,27.92
30220.0,25.34,28.2
30230.0,25.45,24.78
30240.0,25.56,23.52
30250.0,19.34,20.84
30260.0,23.61,22.57
30270.0,21.29,19.74
30280.0,19.06,19.34
30290.0,18.51,18.34
30300.0,16.6,17.28
30310.0,15.59,19.53
30320.0,17.23,18.83
30330.0,17.3,17.84
30340.0,19.13,17.47
30350.0,19.62,19.49
30360.0,20.1,16.57
30370.0,19.76,19.26
30380.0,19.47,19.04
30390.0,20.9,21.03
30400.0,22.59,21.5
30410.0,24.65,23.15
30420.0,24.23,24.91
30430.0,27.13,27.24
30440.0,27.82,28.69
30450.0,29.85,30.67
30460.0,30.46,31.56
30470.0,33.95,34.24
30480.0,35.93,34.93
30490.0,38.58,37.83
30500.0,39.0,41.26
30510.0,42.24,43.68
30520.0,44.63,45.42
30530.0,50.8,46.55
30540.0,50.61,49.55
30550.0,52.55,51.85
30560.0,51.62,53.03
30570.0,55.73,53.69
30580.0,60.64,58.19
30590.0,58.62,60.16
30600.0,54.17,55.3
30610.0,52.06,53.73
30620.0,52.86,53.13
30630.0,54.37,53.13
30640.0,50.07,52.23
30650.0,47.99,51.64
30660.0,45.29,50.42
30670.0,47.5,48.94
30680.0,44.94,47.51
30690.0,44.8,45.27
30700.0,45.09,44.83
30710.0,40.3,42.33
30720.0,42.84,41.78
30730.0,39.78,40.03
30740.0,35.66,37.69
30750.0,37.67,37.78
30760.0,34.71,35.91
30770.0,31.05,34.6
30780.0,31.59,31.55
30790.0,29.65,31.22
30800.0,27.94,28.48
30810.0,25.34,26.23
30820.0,25.45,26.64
30830.0,25.56,23.28
30840.0,19.34,22.22
30850.0,23.61,19.48
30860.0,21.29,21.37
30870.0,19.06,18.82
30880.0,18.51,18.66
30890.0,16.6,18.04
30900.0,15.59,17.01
30910.0,17.23,19.09
30920.0,17.3,18.3
30930.0,19.13,17.94
30940.0,19.62,17.78
30950.0,20.1,19.9
30960.0,19.76,17.27
30970.0,19.47,19.87
30980.0,20.9,20.08
30990.0,22.59,22.04
31000.0,24.65,22.7
31010.0,24.23,24.49
31020.0,27.13,26.45
31030.0,27.82,28.74
31040.0,29.85,30.31
31050.0,30.46,32.34
31060.0,33.95,33.34
31070.0,35.93,36.2
31080.0,38.58,37.18
31090.0,39.0,40.07
31100.0,42.24,43.43
31110.0,44.63,45.83
31120.0,50.8,47.7
31130.0,50.61,48.54
31140.0,52.55,51.82
31150.0,51.62,54.01
31160.0,55.73,55.19
31170.0,60.64,55.78
31180.0,58.62,60.01
31190.0,62.59,62.14
31200.0,52.06,55.55
31210.0,52.86,53.6
31220.0,54.37,53.22
31230.0,50.07,53.01
31240.0,47.99,52.22
31250.0,45.29,51.26
31260.0,47.5,50.01
31270.0,44.94,48.09
31280.0,44.8,47.0
31290.0,45.09,44.49
31300.0,40.3,44.07
31310.0,42.84,41.32
31320.0,39.78,40.42
31330.0,35.66,38.63
31340.0,37.67,36.36
31350.0,34.71,36.2
31360.0,31.05,34.32
31370.0,31.59,33.08
31380.0,29.65,30.44
31390.0,27.94,30.13
31400.0,25.34,26.88
31410.0,25.45,24.73
31420.0,25.56,25.51
31430.0,19.34,22.19
31440.0,23.61,21.17
31450.0,21.29,18.98
31460.0,19.06,20.57
31470.0,18.51,18.42
31480.0,16.6,18.53
31490.0,15.59,18.05
31500.0,17.23,17.34
31510.0,17.3,19.52
31520.0,19.13,19.38
31530.0,19.62,18.68
31540.0,20.1,18.42
31550.0,19.76,21.27
31560.0,19.47,18.97
31570.0,20.9,21.5
31580.0,22.59,22.35
31590.0,24.65,25.01
31600.0,24.23,25.71
31610.0,27.13,27.11
31620.0,27.82,29.51
31630.0,29.85,31.84
31640.0,30.46,33.99
31650.0,33.95,36.0
31660.0,35.93,36.68
31670.0,38.58,39.98
31680.0,39.0,40.91
31690.0,42.24,43.89
31700.0,44.63,47.34
31710.0,50.8,49.67
31720.0,50.61,51.42
31730.0,52.55,52.23
31740.0,51.62,55.79
31750.0,55.73,57.3
31760.0,60.64,59.03
31770.0,58.62,58.92
31780.0,62.59,63.15
31790.0,62.85,65.07
31800.0,52.86,54.75
31810.0,54.37,52.38
31820.0,50.07,52.36
31830.0,47.99,51.98
31840.0,45.29,50.81
31850.0,47.5,50.47
31860.0,44.94,49.05
31870.0,44.8,46.43
31880.0,45.09,45.3
31890.0,40.3,43.08
31900.0,42.84,42.67
31910.0,39.78,39.93
31920.0,35.66,39.33
31930.0,37.67,37.25
31940.0,34.71,35.39
31950.0,31.05,34.86
31960.0,31.59,33.04
31970.0,29.65,32.02
31980.0,27.94,29.92
31990.0,25.34,29.85
32000.0,25.45,25.48
32010.0,25.56,24.08
32020.0,19.34,25.6
32030.0,23.61,22.1
32040.0,21.29,21.09
32050.0,19.06,19.09
32060.0,18.51,20.69
32070.0,16.6,18.71
32080.0,15.59,18.57
32090.0,17.23,18.24
32100.0,17.3,17.93
32110.0,19.13,20.35
32120.0,19.62,20.49
32130.0,20.1,19.71
32140.0,19.76,19.55
32150.0,19.47,22.35
32160.0,20.9,20.03
32170.0,22.59,22.69
32180.0,24.65,23.41
32190.0,24.23,26.58
32200.0,27.13,27.25
32210.0,27.82,28.92
32220.0,29.85,31.11
32230.0,30.46,33.73
32240.0,33.95,35.77
32250.0,35.93,37.95
32260.0,38.58,38.52
32270.0,39.0,41.39
32280.0,42.24,41.68
32290.0,44.63,44.86
32300.0,50.8,48.49
32310.0,50.61,50.87
32320.0,52.55,52.6
32330.0,51.62,53.3
32340.0,55.73,56.21
32350.0,60.64,57.95
32360.0,58.62,59.66
32370.0,62.59,59.18
32380.0,62.85,63.27
32390.0,65.85,65.2
32400.0,54.37,53.61
32410.0,50.07,50.81
32420.0,47.99,51.14
32430.0,45.29,50.36
32440.0,47.5,49.29
32450.0,44.94,48.24
32460.0,44.8,46.73
32470.0,45.09,44.7
32480.0,40.3,43.45
32490.0,42.84,40.69
32500.0,39.78,40.21
32510.0,35.66,37.85
32520.0,37.67,36.84
32530.0,34.71,34.53
32540.0,31.05,32.86
32550.0,31.59,32.78
32560.0,29.65,30.74
32570.0,27.94,30.06
32580.0,25.34,27.27
32590.0,25.45,27.53
32600.0,25.56,23.7
32610.0,19.34,21.79
32620.0,23.61,23.37
32630.0,21.29,20.43
32640.0,19.06,19.43
32650.0,18.51,17.89
32660.0,16.6,19.61
32670.0,15.59,17.76
32680.0,17.23,18.01
32690.0,17.3,17.69
32700.0,19.13,17.31
32710.0,19.62,20.11
32720.0,20.1,20.67
32730.0,19.76,20.13
32740.0,19.47,19.6
32750.0,20.9,22.84
32760.0,22.59,20.48
32770.0,24.65,23.71
32780.0,24.23,24.72
32790.0,27.13,28.14
32800.0,27.82,29.03
32810.0,29.85,30.81
32820.0,30.46,33.06
32830.0,33.95,35.47
32840.0,35.93,37.47
32850.0,38.58,39.83
32860.0,39.0,40.38
32870.0,42.24,43.75
32880.0,44.63,44.43
32890.0,50.8,47.07
32900.0,50.61,50.91
32910.0,52.55,53.25
32920.0,51.62,54.98
32930.0,55.73,55.42
32940.0,60.64,58.64
32950.0,58.62,59.98
32960.0,62.59,61.06
32970.0,62.85,61.06
32980.0,65.85,65.62
32990.0,67.2,66.93
33000.0,50.07,53.52
33010.0,47.99,51.43
33020.0,45.29,50.67
33030.0,47.5,50.15
33040.0,44.94,48.49
33050.0,44.8,47.65
33060.0,45.09,46.03
33070.0,40.3,44.15
33080.0,42.84,42.3
33090.0,39.78,39.85
33100.0,35.66,39.42
33110.0,37.67,36.39
33120.0,34.71,35.5
33130.0,31.05,34.01
33140.0,31.59,30.95
33150.0,29.65,30.63
33160.0,27.94,29.34
33170.0,25.34,28.38
33180.0,25.45,24.98
33190.0,25.56,25.16
33200.0,19.34,21.82
33210.0,23.61,19.94
33220.0,21.29,20.89
33230.0,19.06,18.28
33240.0,18.51,17.63
33250.0,16.6,15.85
33260.0,15.59,18.26
33270.0,17.23,15.95
33280.0,17.3,16.34
33290.0,19.13,16.77
33300.0,19.62,16.54
33310.0,20.1,18.3
33320.0,19.76,18.88
33330.0,19.47,19.5
33340.0,20.9,19.78
33350.0,22.59,22.81
33360.0,24.65,20.58
33370.0,24.23,24.0
33380.0,27.13,25.22
33390.0,27.82,28.34
33400.0,29.85,29.21
33410.0,30.46,31.34
33420.0,33.95,33.9
33430.0,35.93,36.66
33440.0,38.58,38.51
33450.0,39.0,41.04
33460.0,42.24,41.39
33470.0,44.63,44.8
33480.0,50.8,46.6
33490.0,50.61,48.96
33500.0,52.55,52.67
33510.0,51.62,55.04
33520.0,55.73,56.88
33530.0,60.64,57.27
33540.0,58.62,60.95
33550.0,62.59,62.09
33560.0,62.85,63.25
33570.0,65.85,63.01
33580.0,67.2,67.05
33590.0,70.98,68.53
33600.0,47.99,51.16
33610.0,45.29,48.47
33620.0,47.5,48.68
33630.0,44.94,47.45
33640.0,44.8,46.12
33650.0,45.09,45.08
33660.0,40.3,43.55
33670.0,42.84,41.19
33680.0,39.78,39.55
33690.0,35.66,37.05
33700.0,37.67,36.88
33710.0,34.71,34.26
33720.0,31.05,33.03
33730.0,31.59,31.09
33740.0,29.65,29.04
33750.0,27.94,28.39
33760.0,25.34,27.19
33770.0,25.45,26.66
33780.0,25.56,23.67
33790.0,19.34,23.77
33800.0,23.61,20.51
33810.0,21.29,18.71
33820.0,19.06,20.43
33830.0,18.51,17.81
33840.0,16.6,17.25
33850.0,15.59,15.91
33860.0,17.23,17.94
33870.0,17.3,16.39
33880.0,19.13,17.2
33890.0,19.62,17.68
33900.0,20.1,17.78
33910.0,19.76,19.69
33920.0,19.47,20.81
33930.0,20.9,21.08
33940.0,22.59,21.32
33950.0,24.65,24.69
33960.0,24.23,22.73
33970.0,27.13,25.97
33980.0,27.82,27.62
33990.0,29.85,31.41
34000.0,30.46,32.34
34010.0,33.95,34.39
34020.0,35.93,36.82
34030.0,38.58,39.48
34040.0,39.0,41.4
34050.0,42.24,43.96
34060.0,44.63,44.39
34070.0,50.8,48.14
34080.0,50.61,49.21
34090.0,52.55,51.61
34100.0,51.62,55.45
34110.0,55.73,57.61
34120.0,60.64,59.53
34130.0,58.62,59.71
34140.0,62.59,63.0
34150.0,62.85,64.01
34160.0,65.85,65.22
34170.0,67.2,64.78
34180.0,70.98,68.78
34190.0,68.81,70.08
34200.0,45.29,49.64
34210.0,47.5,47.47
34220.0,44.94,47.69
34230.0,44.8,46.28
34240.0,45.09,44.4
34250.0,40.3,43.89
34260.0,42.84,42.07
34270.0,39.78,39.43
34280.0,35.66,38.23
34290.0,37.67,35.62
34300.0,34.71,35.41
34310.0,31.05,33.03
34320.0,31.59,31.46
34330.0,29.65,29.82
34340.0,27.94,28.0
34350.0,25.34,27.31
34360.0,25.45,26.17
34370.0,25.56,25.81
34380.0,19.34,23.71
34390.0,23.61,23.62
34400.0,21.29,19.96
34410.0,19.06,18.72
34420.0,18.51,20.92
34430.0,16.6,18.33
34440.0,15.59,17.81
34450.0,17.23,16.99
34460.0,17.3,18.67
34470.0,19.13,17.92
34480.0,19.62,18.35
34490.0,20.1,19.31
34500.0,19.76,19.56
34510.0,19.47,21.28
34520.0,20.9,22.32
34530.0,22.59,23.18
34540.0,24.65,23.41
34550.0,24.23,26.79
34560.0,27.13,25.4
34570.0,27.82,28.22
34580.0,29.85,29.64
34590.0,30.46,33.55
34600.0,33.95,34.5
34610.0,35.93,36.78
34620.0,38.58,38.98
34630.0,39.0,41.27
34640.0,42.24,43.94
34650.0,44.63,46.2
34660.0,50.8,46.4
34670.0,50.61,49.69
34680.0,52.55,50.66
34690.0,51.62,53.04
34700.0,55.73,56.59
34710.0,60.64,58.69
34720.0,58.62,60.43
34730.0,62.59,60.26
34740.0,62.85,63.41
34750.0,65.85,63.96
34760.0,67.2,65.5
34770.0,70.98,64.63
34780.0,68.81,68.07
34790.0,69.82,69.66
34800.0,47.5,47.71
34810.0,44.94,45.11
34820.0,44.8,45.39
34830.0,45.09,43.88
34840.0,40.3,41.97
34850.0,42.84,41.25
34860.0,39.78,39.92
34870.0,35.66,37.3
34880.0,37.67,35.85
34890.0,34.71,33.42
34900.0,31.05,32.94
34910.0,31.59,30.68
34920.0,29.65,29.47
34930.0,27.94,27.6
34940.0,25.34,26.09
34950.0,25.45,25.43
34960.0,25.56,24.1
34970.0,19.34,24.31
34980.0,23.61,21.91
34990.0,21.29,22.39
35000.0,19.06,18.4
35010.0,18.51,17.51
35020.0,16.6,19.85
35030.0,15.59,17.61
35040.0,17.23,16.99
35050.0,17.3,16.21
35060.0,19.13,18.61
35070.0,19.62,17.98
35080.0,20.1,18.41
35090.0,19.76,19.46
35100.0,19.47,19.82
35110.0,20.9,21.53
35120.0,22.59,23.72
35130.0,24.65,23.99
35140.0,24.23,24.02
35150.0,27.13,27.78
35160.0,27.82,26.4
35170.0,29.85,29.51
35180.0,30.46,31.17
35190.0,33.95,35.7
35200.0,35.93,36.63
35210.0,38.58,38.67
35220.0,39.0,40.88
35230.0,42.24,43.36
35240.0,44.63,45.68
35250.0,50.8,48.21
35260.0,50.61,48.32
35270.0,52.55,51.83
35280.0,51.62,53.06
35290.0,55.73,55.13
35300.0,60.64,58.57
35310.0,58.62,61.09
35320.0,62.59,62.66
35330.0,62.85,62.58
35340.0,65.85,65.6
35350.0,67.2,65.79
35360.0,70.98,67.55
35370.0,68.81,66.43
35380.0,69.82,69.97
35390.0,69.47,71.31
35400.0,44.94,47.83
35410.0,44.8,45.39
35420.0,45.09,45.42
35430.0,40.3,43.93
35440.0,42.84,41.98
35450.0,39.78,41.17
35460.0,35.66,39.3
35470.0,37.67,36.54
35480.0,34.71,35.17
35490.0,31.05,32.89
35500.0,31.59,32.25
35510.0,29.65,29.9
35520.0,27.94,28.56
35530.0,25.34,26.96
35540.0,25.45,25.23
35550.0,25.56,24.43
35560.0,19.34,23.44
35570.0,23.61,23.69
35580.0,21.29,21.17
35590.0,19.06,21.5
35600.0,18.51,18.22
35610.0,16.6,17.68
35620.0,15.59,19.35
35630.0,17.23,17.59
35640.0,17.3,17.34
35650.0,19.13,16.97
35660.0,19.62,18.61
35670.0,20.1,18.15
35680.0,19.76,18.85
35690.0,19.47,20.15
35700.0,20.9,20.94
35710.0,22.59,22.53
35720.0,24.65,24.37
35730.0,24.23,25.25
35740.0,27.13,25.95
35750.0,27.82,29.41
35760.0,29.85,27.97
35770.0,30.46,31.35
35780.0,33.95,32.77
35790.0,35.93,36.91
35800.0,38.58,37.71
35810.0,39.0,40.76
35820.0,42.24,42.66
35830.0,44.63,44.89
35840.0,50.8,47.23
35850.0,50.61,50.11
35860.0,52.55,50.04
35870.0,51.62,52.87
35880.0,55.73,54.48
35890.0,60.64,55.95
35900.0,58.62,59.51
35910.0,62.59,61.34
35920.0,62.85,62.91
35930.0,65.85,63.19
35940.0,67.2,65.7
35950.0,70.98,66.03
35960.0,68.81,67.11
35970.0,69.82,65.95
35980.0,69.47,69.05
35990.0,75.32,70.47
36000.0,44.8,45.77
36010.0,45.09,43.06
36020.0,40.3,42.96
36030.0,42.84,41.13
36040.0,39.78,39.43
36050.0,35.66,38.31
36060.0,37.67,36.3
36070.0,34.71,34.23
36080.0,31.05,32.66
36090.0,31.59,30.19
36100.0,29.65,29.63
36110.0,27.94,27.62
36120.0,25.34,25.72
36130.0,25.45,24.25
36140.0,25.56,22.97
36150.0,19.34,22.08
36160.0,23.61,21.24
36170.0,21.29,21.79
36180.0,19.06,18.95
36190.0,18.51,19.37
36200.0,16.6,16.79
36210.0,15.59,15.73
36220.0,17.23,18.07
36230.0,17.3,16.26
36240.0,19.13,16.2
36250.0,19.62,16.29
36260.0,20.1,18.59
36270.0,19.76,18.0
36280.0,19.47,19.32
36290.0,20.9,20.77
36300.0,22.59,21.72
36310.0,24.65,23.34
36320.0,24.23,25.72
36330.0,27.13,26.65
36340.0,27.82,27.31
36350.0,29.85,31.35
36360.0,30.46,30.28
36370.0,33.95,33.44
36380.0,35.93,35.37
36390.0,38.58,40.14
36400.0,39.0,41.02
36410.0,42.24,43.48
36420.0,44.63,45.86
36430.0,50.8,48.15
36440.0,50.61,50.36
36450.0,52.55,53.21
36460.0,51.62,53.18
36470.0,55.73,56.77
36480.0,60.64,58.52
36490.0,58.62,59.95
36500.0,62.59,62.85
36510.0,62.85,65.13
36520.0,65.85,66.56
36530.0,67.2,66.55
36540.0,70.98,69.22
36550.0,68.81,69.07
36560.0,69.82,70.02
36570.0,69.47,69.1
36580.0,75.32,71.97
36590.0,70.66,73.05
36600.0,45.09,44.75
36610.0,40.3,42.09
36620.0,42.84,42.05
36630.0,39.78,40.34
36640.0,35.66,38.58
36650.0,37.67,37.0
36660.0,34.71,35.39
36670.0,31.05,33.35
36680.0,31.59,32.11
36690.0,29.65,29.59
36700.0,27.94,28.45
36710.0,25.34,26.7
36720.0,25.45,25.02
36730.0,25.56,23.69
36740.0,19.34,22.38
36750.0,23.61,22.17
36760.0,21.29,20.83
36770.0,19.06,21.68
36780.0,18.51,18.93
36790.0,16.6,19.74
36800.0,15.59,17.16
36810.0,17.23,16.48
36820.0,17.3,18.57
36830.0,19.13,17.37
36840.0,19.62,17.09
36850.0,20.1,17.25
36860.0,19.76,19.41
36870.0,19.47,19.37
36880.0,20.9,20.43
36890.0,22.59,21.96
36900.0,24.65,22.72
36910.0,24.23,24.66
36920.0,27.13,27.46
36930.0,27.82,28.07
36940.0,29.85,28.37
36950.0,30.46,32.53
36960.0,33.95,31.66
36970.0,35.93,34.9
36980.0,38.58,36.84
36990.0,39.0,41.38
37000.0,42.24,42.17
37010.0,44.63,44.93
37020.0,50.8,46.88
37030.0,50.61,48.94
37040.0,52.55,51.13
37050.0,51.62,54.04
37060.0,55.73,54.08
37070.0,60.64,57.17
37080.0,58.62,59.16
37090.0,62.59,60.43
37100.0,62.85,63.13
37110.0,65.85,65.26
37120.0,67.2,66.58
37130.0,70.98,66.84
37140.0,68.81,69.13
37150.0,69.82,68.81
37160.0,69.47,69.71
37170.0,75.32,68.67
37180.0,70.66,71.54
37190.0,72.59,72.29
37200.0,40.3,44.53
37210.0,42.84,41.86
37220.0,39.78,41.46
37230.0,35.66,39.8
37240.0,37.67,37.82
37250.0,34.71,36.33
37260.0,31.05,34.81
37270.0,31.59,32.59
37280.0,29.65,31.26
37290.0,27.94,28.96
37300.0,25.34,27.53
37310.0,25.45,25.67
37320.0,25.56,24.28
37330.0,19.34,23.06
37340.0,23.61,21.66
37350.0,21.29,21.31
37360.0,19.06,20.16
37370.0,18.51,21.16
37380.0,16.6,18.38
37390.0,15.59,19.41
37400.0,17.23,16.58
37410.0,17.3,16.39
37420.0,19.13,18.34
37430.0,19.62,17.45
37440.0,20.1,17.31
37450.0,19.76,17.52
37460.0,19.47,19.88
37470.0,20.9,19.89
37480.0,22.59,20.88
37490.0,24.65,22.74
37500.0,24.23,23.62
37510.0,27.13,25.44
37520.0,27.82,28.71
37530.0,29.85,29.38
37540.0,30.46,29.88
37550.0,33.95,33.96
37560.0,35.93,33.13
37570.0,38.58,36.71
37580.0,39.0,38.46
37590.0,42.24,43.08
37600.0,44.63,43.69
37610.0,50.8,46.65
37620.0,50.61,48.69
37630.0,52.55,50.69
37640.0,51.62,52.71
37650.0,55.73,55.73
37660.0,60.64,55.57
37670.0,58.62,58.44
37680.0,62.59,60.64
37690.0,62.85,61.73
37700.0,65.85,64.15
37710.0,67.2,66.39
37720.0,70.98,67.38
37730.0,68.81,67.9
37740.0,69.82,69.91
37750.0,69.47,69.51
37760.0,75.32,70.26
37770.0,70.66,68.91
37780.0,72.59,71.38
37790.0,71.94,72.06
37800.0,42.84,41.06
37810.0,39.78,38.02
37820.0,35.66,38.11
37830.0,37.67,36.09
37840.0,34.71,34.41
37850.0,31.05,33.12
37860.0,31.59,31.69
37870.0,29.65,29.48
37880.0,27.94,28.58
37890.0,25.34,26.0
37900.0,25.45,24.7
37910.0,25.56,23.77
37920.0,19.34,22.04
37930.0,23.61,20.9
37940.0,21.29,20.48
37950.0,19.06,20.58
37960.0,18.51,19.23
37970.0,16.6,20.49
37980.0,15.59,18.58
37990.0,17.23,19.8
38000.0,17.3,17.08
38010.0,19.13,16.9
38020.0,19.62,20.2
38030.0,20.1,19.08
38040.0,19.76,19.18
38050.0,19.47,19.85
38060.0,20.9,22.22
38070.0,22.59,22.93
38080.0,24.65,24.17
38090.0,24.23,26.13
38100.0,27.13,26.96
38110.0,27.82,29.56
38120.0,29.85,32.82
38130.0,30.46,33.14
38140.0,33.95,33.52
38150.0,35.93,37.82
38160.0,38.58,37.05
38170.0,39.0,40.37
38180.0,42.24,42.02
38190.0,44.63,47.1
38200.0,50.8,47.7
38210.0,50.61,50.45
38220.0,52.55,52.41
38230.0,51.62,53.67
38240.0,55.73,56.0
38250.0,60.64,58.65
38260.0,58.62,58.52
38270.0,62.59,61.5
38280.0,62.85,62.59
38290.0,65.85,64.17
38300.0,67.2,65.63
38310.0,70.98,68.01
38320.0,68.81,68.78
38330.0,69.82,68.83
38340.0,69.47,70.34
38350.0,75.32,69.75
38360.0,70.66,70.32
38370.0,72.59,68.74
38380.0,71.94,71.1
38390.0,71.4,71.63
38400.0,39.78,41.94
38410.0,35.66,38.96
38420.0,37.67,38.7
38430.0,34.71,36.75
38440.0,31.05,35.15
38450.0,31.59,33.6
38460.0,29.65,32.12
38470.0,27.94,30.02
38480.0,25.34,28.93
38490.0,25.45,26.34
38500.0,25.56,24.88
38510.0,19.34,24.08
38520.0,23.61,22.14
38530.0,21.29,21.12
38540.0,19.06,20.53
38550.0,18.51,20.77
38560.0,16.6,19.59
38570.0,15.59,20.73
38580.0,17.23,18.44
38590.0,17.3,19.83
38600.0,19.13,17.26
38610.0,19.62,17.02
38620.0,20.1,19.98
38630.0,19.76,19.23
38640.0,19.47,19.52
38650.0,20.9,20.23
38660.0,22.59,22.59
38670.0,24.65,23.03
38680.0,24.23,24.39
38690.0,27.13,26.58
38700.0,27.82,27.5
38710.0,29.85,29.83
38720.0,30.46,33.33
38730.0,33.95,34.01
38740.0,35.93,34.28
38750.0,38.58,38.41
38760.0,39.0,37.71
38770.0,42.24,41.44
38780.0,44.63,42.8
38790.0,50.8,47.9
38800.0,50.61,48.27
38810.0,52.55,51.34
38820.0,51.62,53.54
38830.0,55.73,54.52
38840.0,60.64,56.57
38850.0,58.62,59.37
38860.0,62.59,59.27
38870.0,62.85,62.1
38880.0,65.85,63.63
38890.0,67.2,64.82
38900.0,70.98,66.01
38910.0,68.81,68.72
38920.0,69.82,69.08
38930.0,69.47,69.16
38940.0,75.32,70.59
38950.0,70.66,70.06
38960.0,72.59,70.1
38970.0,71.94,68.81
38980.0,71.4,70.68
38990.0,70.82,71.11
39000.0,35.66,39.28
39010.0,37.67,36.44
39020.0,34.71,36.05
39030.0,31.05,33.85
39040.0,31.59,32.07
39050.0,29.65,30.73
39060.0,27.94,29.28
39070.0,25.34,27.45
39080.0,25.45,26.3
39090.0,25.56,23.81
39100.0,19.34,22.26
39110.0,23.61,21.64
39120.0,21.29,20.01
39130.0,19.06,19.16
39140.0,18.51,18.73
39150.0,16.6,18.97
39160.0,15.59,17.97
39170.0,17.23,19.35
39180.0,17.3,17.09
39190.0,19.13,18.31
39200.0,19.62,16.51
39210.0,20.1,16.31
39220.0,19.76,19.69
39230.0,19.47,18.95
39240.0,20.9,19.66
39250.0,22.59,20.41
39260.0,24.65,23.33
39270.0,24.23,24.02
39280.0,27.13,25.39
39290.0,27.82,28.14
39300.0,29.85,28.91
39310.0,30.46,31.61
39320.0,33.95,34.72
39330.0,35.93,35.94
39340.0,38.58,36.43
39350.0,39.0,40.74
39360.0,42.24,40.27
39370.0,44.63,43.73
39380.0,50.8,45.45
39390.0,50.61,50.5
39400.0,52.55,50.93
39410.0,51.62,53.93
39420.0,55.73,56.36
39430.0,60.64,57.14
39440.0,58.62,59.09
39450.0,62.59,61.66
39460.0,62.85,61.8
39470.0,65.85,64.54
39480.0,67.2,65.99
39490.0,70.98,67.29
39500.0,68.81,68.09
39510.0,69.82,70.63
39520.0,69.47,71.15
39530.0,75.32,70.97
39540.0,70.66,72.44
39550.0,72.59,71.59
39560.0,71.94,71.33
39570.0,71.4,69.91
39580.0,70.82,71.61
39590.0,68.63,71.85
39600.0,37.67,36.17
39610.0,34.71,33.04
39620.0,31.05,32.92
39630.0,31.59,30.76
39640.0,29.65,29.26
39650.0,27.94,27.89
39660.0,25.34,26.95
39670.0,25.45,25.02
39680.0,25.56,23.91
39690.0,19.34,21.71
39700.0,23.61,20.07
39710.0,21.29,20.0
39720.0,19.06,18.86
39730.0,18.51,17.84
39740.0,16.6,18.13
39750.0,15.59,18.56
39760.0,17.23,17.48
39770.0,17.3,19.42
39780.0,19.13,17.32
39790.0,19.62,19.06
39800.0,20.1,17.08
39810.0,19.76,17.18
39820.0,19.47,21.23
39830.0,20.9,20.49
39840.0,22.59,21.39
39850.0,24.65,22.22
39860.0,24.23,25.7
39870.0,27.13,26.45
39880.0,27.82,27.86
39890.0,29.85,30.54
39900.0,30.46,31.48
39910.0,33.95,34.32
39920.0,35.93,38.22
39930.0,38.58,38.48
39940.0,39.0,38.98
39950.0,42.24,43.3
39960.0,44.63,42.4
39970.0,50.8,46.1
39980.0,50.61,47.77
39990.0,52.55,53.16
40000.0,51.62,53.52
40010.0,55.73,56.05
40020.0,60.64,58.55
40030.0,58.62,59.02
40040.0,62.59,60.62
40050.0,62.85,63.15
40060.0,65.85,63.39
40070.0,67.2,65.67
40080.0,70.98,66.81
40090.0,68.81,67.84
40100.0,69.82,68.51
40110.0,69.47,71.08
40120.0,75.32,71.44
40130.0,70.66,71.06
40140.0,72.59,72.13
40150.0,71.94,71.07
40160.0,71.4,70.77
40170.0,70.82,69.15
40180.0,68.63,70.89
40190.0,72.45,71.03
40200.0,34.71,37.02
40210.0,31.05,34.1
40220.0,31.59,33.97
40230.0,29.65,31.82
40240.0,27.94,30.32
40250.0,25.34,29.32
40260.0,25.45,27.98
40270.0,25.56,25.85
40280.0,19.34,25.14
40290.0,23.61,23.12
40300.0,21.29,21.36
40310.0,19.06,21.18
40320.0,18.51,19.76
40330.0,16.6,19.35
40340.0,15.59,19.26
40350.0,17.23,19.65
40360.0,17.3,18.99
40370.0,19.13,20.36
40380.0,19.62,18.89
40390.0,20.1,20.34
40400.0,19.76,18.56
40410.0,19.47,18.99
40420.0,20.9,22.61
40430.0,22.59,21.87
40440.0,24.65,23.06
40450.0,24.23,24.39
40460.0,27.13,26.94
40470.0,27.82,27.84
40480.0,29.85,29.34
40490.0,30.46,32.24
40500.0,33.95,33.37
40510.0,35.93,36.21
40520.0,38.58,39.67
40530.0,39.0,40.1
40540.0,42.24,40.76
40550.0,44.63,45.21
40560.0,50.8,44.56
40570.0,50.61,47.95
40580.0,52.55,49.56
40590.0,51.62,54.66
40600.0,55.73,54.79
40610.0,60.64,57.7
40620.0,58.62,59.91
40630.0,62.59,60.26
40640.0,62.85,62.3
40650.0,65.85,64.89
40660.0,67.2,64.89
40670.0,70.98,66.82
40680.0,68.81,67.8
40690.0,69.82,68.95
40700.0,69.47,69.35
40710.0,75.32,71.56
40720.0,70.66,71.88
40730.0,72.59,71.55
40740.0,71.94,72.28
40750.0,71.4,71.17
40760.0,70.82,70.8
40770.0,68.63,69.1
40780.0,72.45,70.45
40790.0,72.75,70.37
40800.0,31.05,34.18
40810.0,31.59,31.3
40820.0,29.65,31.09
40830.0,27.94,28.89
40840.0,25.34,27.65
40850.0,25.45,26.41
40860.0,25.56,25.4
40870.0,19.34,23.37
40880.0,23.61,22.44
40890.0,21.29,20.69
40900.0,19.06,19.19
40910.0,18.51,19.39
40920.0,16.6,18.26
40930.0,15.59,17.66
40940.0,17.23,18.15
40950.0,17.3,18.56
40960.0,19.13,18.22
40970.0,19.62,19.83
40980.0,20.1,18.24
40990.0,19.76,19.89
41000.0,19.47,18.71
41010.0,20.9,19.05
41020.0,22.59,23.24
41030.0,24.65,22.53
41040.0,24.23,24.13
41050.0,27.13,25.33
41060.0,27.82,28.49
41070.0,29.85,29.23
41080.0,30.46,31.0
41090.0,33.95,34.12
41100.0,35.93,35.28
41110.0,38.58,38.12
41120.0,39.0,41.7
41130.0,42.24,42.1
41140.0,44.63,43.02
41150.0,50.8,47.2
41160.0,50.61,46.37
41170.0,52.55,49.93
41180.0,51.62,51.51
41190.0,55.73,56.68
41200.0,60.64,56.69
41210.0,58.62,59.57
41220.0,62.59,61.88
41230.0,62.85,61.77
41240.0,65.85,63.4
41250.0,67.2,65.68
41260.0,70.98,66.17
41270.0,68.81,67.59
41280.0,69.82,68.58
41290.0,69.47,69.42
41300.0,75.32,69.67
41310.0,70.66,71.77
41320.0,72.59,72.1
41330.0,71.94,71.38
41340.0,71.4,71.9
41350.0,70.82,70.89
41360.0,68.63,70.02
41370.0,72.45,68.33
41380.0,72.75,69.49
41390.0,67.47,69.42
41400.0,31.59,31.63
41410.0,29.65,29.23
41420.0,27.94,28.79
41430.0,25.34,26.9
41440.0,25.45,25.62
41450.0,25.56,24.87
41460.0,19.34,24.23
41470.0,23.61,22.18
41480.0,21.29,21.31
41490.0,19.06,20.09
41500.0,18.51,18.65
41510.0,16.6,18.89
41520.0,15.59,18.45
41530.0,17.23,18.07
41540.0,17.3,18.77
41550.0,19.13,19.19
41560.0,19.62,19.03
41570.0,20.1,20.97
41580.0,19.76,19.9
41590.0,19.47,22.05
41600.0,20.9,20.01
41610.0,22.59,21.15
41620.0,24.65,25.71
41630.0,24.23,24.97
41640.0,27.13,26.75
41650.0,27.82,27.87
41660.0,29.85,31.62
41670.0,30.46,32.6
41680.0,33.95,33.7
41690.0,35.93,37.21
41700.0,38.58,38.35
41710.0,39.0,40.76
41720.0,42.24,44.96
41730.0,44.63,44.8
41740.0,50.8,45.75
41750.0,50.61,49.96
41760.0,52.55,48.94
41770.0,51.62,52.28
41780.0,55.73,53.81
41790.0,60.64,58.86
41800.0,58.62,58.82
41810.0,62.59,61.16
41820.0,62.85,63.25
41830.0,65.85,63.41
41840.0,67.2,64.81
41850.0,70.98,66.67
41860.0,68.81,67.01
41870.0,69.82,67.99
41880.0,69.47,68.54
41890.0,75.32,69.64
41900.0,70.66,69.56
41910.0,72.59,71.61
41920.0,71.94,71.85
41930.0,71.4,71.07
41940.0,70.82,71.23
41950.0,68.63,70.03
41960.0,72.45,69.82
41970.0,72.75,67.4
41980.0,67.47,68.2
41990.0,65.3,68.46
42000.0,29.65,30.46
42010.0,27.94,28.21
42020.0,25.34,27.97
42030.0,25.45,26.22
42040.0,25.56,25.32
42050.0,19.34,23.65
42060.0,23.61,23.28
42070.0,21.29,21.68
42080.0,19.06,21.24
42090.0,18.51,20.0
42100.0,16.6,18.54
42110.0,15.59,18.75
42120.0,17.23,18.22
42130.0,17.3,18.18
42140.0,19.13,18.94
42150.0,19.62,20.11
42160.0,20.1,19.74
42170.0,19.76,21.74
42180.0,19.47,20.8
42190.0,20.9,23.06
42200.0,22.59,21.82
42210.0,24.65,22.96
42220.0,24.23,27.05
42230.0,27.13,26.79
42240.0,27.82,28.63
42250.0,29.85,30.01
42260.0,30.46,33.32
42270.0,33.95,34.52
42280.0,35.93,35.84
42290.0,38.58,39.13
42300.0,39.0,40.27
42310.0,42.24,42.95
42320.0,44.63,47.21
42330.0,50.8,46.62
42340.0,50.61,47.53
42350.0,52.55,51.73
42360.0,51.62,50.87
42370.0,55.73,54.05
42380.0,60.64,55.77
42390.0,58.62,60.5
42400.0,62.59,60.27
42410.0,62.85,62.64
42420.0,65.85,64.43
42430.0,67.2,64.23
42440.0,70.98,65.63
42450.0,68.81,67.43
42460.0,69.82,68.06
42470.0,69.47,68.37
42480.0,75.32,69.18
42490.0,70.66,69.74
42500.0,72.59,70.1
42510.0,71.94,71.15
42520.0,71.4,71.44
42530.0,70.82,70.84
42540.0,68.63,70.82
42550.0,72.45,69.3
42560.0,72.75,68.87
42570.0,67.47,66.59
42580.0,65.3,67.46
42590.0,67.5,67.28
42600.0,27.94,29.13
42610.0,25.34,27.23
42620.0,25.45,26.31
42630.0,25.56,24.6
42640.0,19.34,23.4
42650.0,23.61,22.2
42660.0,21.29,21.69
42670.0,19.06,20.48
42680.0,18.51,19.7
42690.0,16.6,18.77
42700.0,15.59,17.27
42710.0,17.23,17.46
42720.0,17.3,17.39
42730.0,19.13,17.48
42740.0,19.62,18.24
42750.0,20.1,19.26
42760.0,19.76,19.1
42770.0,19.47,21.52
42780.0,20.9,20.42
42790.0,22.59,22.94
42800.0,24.65,21.42
42810.0,24.23,22.97
42820.0,27.13,27.31
42830.0,27.82,27.08
42840.0,29.85,29.23
42850.0,30.46,30.49
42860.0,33.95,34.69
42870.0,35.93,35.72
42880.0,38.58,36.76
42890.0,39.0,40.49
42900.0,42.24,41.5
42910.0,44.63,44.04
42920.0,50.8,48.4
42930.0,50.61,48.5
42940.0,52.55,49.38
42950.0,51.62,53.43
42960.0,55.73,52.49
42970.0,60.64,55.82
42980.0,58.62,57.26
42990.0,62.59,61.91
43000.0,62.85,61.79
43010.0,65.85,63.98
43020.0,67.2,65.8
43030.0,70.98,65.8
43040.0,68.81,66.83
43050.0,69.82,68.26
43060.0,69.47,68.7
43070.0,75.32,68.91
43080.0,70.66,69.91
43090.0,72.59,70.43
43100.0,71.94,70.28
43110.0,71.4,71.45
43120.0,70.82,71.56
43130.0,68.63,70.77
43140.0,72.45,70.71
43150.0,72.75,69.05
43160.0,67.47,68.63
43170.0,65.3,65.95
43180.0,67.5,66.53
43190.0,62.9,66.52
43200.0,25.34,28.05
43210.0,25.45,25.69
43220.0,25.56,25.23
43230.0,19.34,23.53
43240.0,23.61,22.8
43250.0,21.29,21.74
43260.0,19.06,20.8
43270.0,18.51,20.16
43280.0,16.6,19.89
43290.0,15.59,19.0
43300.0,17.23,17.58
43310.0,17.3,17.84
43320.0,19.13,17.64
43330.0,19.62,18.07
43340.0,20.1,19.08
43350.0,19.76,20.06
43360.0,19.47,19.95
43370.0,20.9,22.81
43380.0,22.59,21.91
43390.0,24.65,24.44
43400.0,24.23,22.94
43410.0,27.13,24.4
43420.0,27.82,28.88
43430.0,29.85,28.66
43440.0,30.46,30.92
43450.0,33.95,32.88
43460.0,35.93,36.9
43470.0,38.58,37.88
43480.0,39.0,39.16
43490.0,42.24,42.58
43500.0,44.63,43.83
43510.0,50.8,46.63
43520.0,50.61,51.13
43530.0,52.55,50.83
43540.0,51.62,51.39
43550.0,55.73,55.77
43560.0,60.64,54.86
43570.0,58.62,57.87
43580.0,62.59,59.61
43590.0,62.85,64.44
43600.0,65.85,64.33
43610.0,67.2,66.04
43620.0,70.98,67.77
43630.0,68.81,68.19
43640.0,69.82,68.9
43650.0,69.47,70.54
43660.0,75.32,70.69
43670.0,70.66,71.21
43680.0,72.59,71.76
43690.0,71.94,72.16
43700.0,71.4,72.07
43710.0,70.82,72.84
43720.0,68.63,72.98
43730.0,72.45,72.11
43740.0,72.75,71.83
43750.0,67.47,69.82
43760.0,65.3,69.47
43770.0,67.5,66.93
43780.0,62.9,67.66
43790.0,61.4,67.18
43800.0,25.45,25.52
43810.0,25.56,23.52
43820.0,19.34,23.05
43830.0,23.61,21.35
43840.0,21.29,21.08
43850.0,19.06,20.06
43860.0,18.51,19.35
43870.0,16.6,18.63
43880.0,15.59,18.23
43890.0,17.23,17.7
43900.0,17.3,16.9
43910.0,19.13,17.48
43920.0,19.62,17.55
43930.0,20.1,18.0
43940.0,19.76,19.54
43950.0,19.47,20.32
43960.0,20.9,20.74
43970.0,22.59,23.78
43980.0,24.65,22.98
43990.0,24.23,25.72
44000.0,27.13,24.62
44010.0,27.82,26.4
44020.0,29.85,31.05
44030.0,30.46,30.82
44040.0,33.95,33.47
44050.0,35.93,35.36
44060.0,38.58,39.3
44070.0,39.0,40.15
44080.0,42.24,41.77
44090.0,44.63,45.3
44100.0,50.8,46.7
44110.0,50.61,49.28
44120.0,52.55,53.37
44130.0,51.62,53.3
44140.0,55.73,54.2
44150.0,60.64,57.86
44160.0,58.62,56.56
44170.0,62.59,59.63
44180.0,62.85,61.06
44190.0,65.85,65.57
44200.0,67.2,65.16
44210.0,70.98,67.33
44220.0,68.81,68.49
44230.0,69.82,68.44
44240.0,69.47,68.84
44250.0,75.32,70.08
44260.0,70.66,70.57
44270.0,72.59,70.19
44280.0,71.94,70.44
44290.0,71.4,70.49
44300.0,70.82,70.21
44310.0,68.63,70.89
44320.0,72.45,71.13
44330.0,72.75,69.62
44340.0,67.47,68.82
44350.0,65.3,67.51
44360.0,67.5,66.42
44370.0,62.9,63.9
44380.0,61.4,64.12
44390.0,63.17,64.07
44400.0,25.56,25.08
44410.0,19.34,23.27
44420.0,23.61,22.96
44430.0,21.29,21.53
44440.0,19.06,21.39
44450.0,18.51,20.59
44460.0,16.6,19.65
44470.0,15.59,19.53
44480.0,17.23,20.12
44490.0,17.3,19.2
44500.0,19.13,18.37
44510.0,19.62,19.26
44520.0,20.1,18.92
44530.0,19.76,20.05
44540.0,19.47,21.43
44550.0,20.9,22.72
44560.0,22.59,23.17
44570.0,24.65,25.96
44580.0,24.23,25.9
44590.0,27.13,28.55
44600.0,27.82,27.42
44610.0,29.85,29.31
44620.0,30.46,33.76
44630.0,33.95,33.8
44640.0,35.93,36.29
44650.0,38.58,39.04
44660.0,39.0,42.31
44670.0,42.24,43.51
44680.0,44.63,45.28
44690.0,50.8,48.45
44700.0,50.61,49.63
44710.0,52.55,52.81
44720.0,51.62,56.32
44730.0,55.73,56.24
44740.0,60.64,56.57
44750.0,58.62,60.62
44760.0,62.59,59.63
44770.0,62.85,62.09
44780.0,65.85,63.61
44790.0,67.2,67.8
44800.0,70.98,67.37
44810.0,68.81,69.21
44820.0,69.82,70.14
44830.0,69.47,69.9
44840.0,75.32,70.6
44850.0,70.66,71.75
44860.0,72.59,71.4
44870.0,71.94,71.56
44880.0,71.4,71.45
44890.0,70.82,71.63
44900.0,68.63,70.63
44910.0,72.45,71.35
44920.0,72.75,71.31
44930.0,67.47,69.66
44940.0,65.3,68.99
44950.0,67.5,67.14
44960.0,62.9,66.06
44970.0,61.4,63.71
44980.0,63.17,63.78
44990.0,60.7,63.43
45000.0,19.34,24.57
45010.0,23.61,23.38
45020.0,21.29,22.82
45030.0,19.06,21.61
45040.0,18.51,21.81
45050.0,16.6,20.99
45060.0,15.59,20.28
45070.0,17.23,19.85
45080.0,17.3,20.45
45090.0,19.13,19.94
45100.0,19.62,19.53
45110.0,20.1,20.25
45120.0,19.76,20.14
45130.0,19.47,21.57
45140.0,20.9,22.92
45150.0,22.59,23.76
45160.0,24.65,24.79
45170.0,24.23,27.47
45180.0,27.13,27.54
45190.0,27.82,30.23
45200.0,29.85,29.45
45210.0,30.46,31.8
45220.0,33.95,35.69
45230.0,35.93,35.95
45240.0,38.58,38.63
45250.0,39.0,41.24
45260.0,42.24,44.14
45270.0,44.63,45.19
45280.0,50.8,47.16
45290.0,50.61,50.55
45300.0,52.55,51.67
45310.0,51.62,54.5
45320.0,55.73,57.64
45330.0,60.64,57.77
45340.0,58.62,58.64
45350.0,62.59,62.24
45360.0,62.85,61.3
45370.0,65.85,63.53
45380.0,67.2,64.79
45390.0,70.98,68.49
45400.0,68.81,67.8
45410.0,69.82,69.86
45420.0,69.47,70.55
45430.0,75.32,70.04
45440.0,70.66,70.84
45450.0,72.59,71.71
45460.0,71.94,71.32
45470.0,71.4,70.95
45480.0,70.82,70.76
45490.0,68.63,70.7
45500.0,72.45,69.72
45510.0,72.75,70.14
45520.0,67.47,69.96
45530.0,65.3,68.18
45540.0,67.5,67.27
45550.0,62.9,65.78
45560.0,61.4,64.57
45570.0,63.17,62.05
45580.0,60.7,61.45
45590.0,58.13,61.36
45600.0,23.61,20.61
45610.0,21.29,19.27
45620.0,19.06,19.04
45630.0,18.51,17.86
45640.0,16.6,18.65
45650.0,15.59,17.63
45660.0,17.23,17.71
45670.0,17.3,17.61
45680.0,19.13,17.93
45690.0,19.62,17.8
45700.0,20.1,17.5
45710.0,19.76,18.49
45720.0,19.47,19.21
45730.0,20.9,20.6
45740.0,22.59,22.51
45750.0,24.65,23.6
45760.0,24.23,24.29
45770.0,27.13,28.05
45780.0,27.82,27.59
45790.0,29.85,31.13
45800.0,30.46,30.18
45810.0,33.95,32.82
45820.0,35.93,37.11
45830.0,38.58,37.35
45840.0,39.0,40.17
45850.0,42.24,42.57
45860.0,44.63,46.37
45870.0,50.8,47.21
45880.0,50.61,48.97
45890.0,52.55,52.22
45900.0,51.62,53.57
45910.0,55.73,56.4
45920.0,60.64,60.03
45930.0,58.62,59.55
45940.0,62.59,60.17
45950.0,62.85,63.61
45960.0,65.85,62.02
45970.0,67.2,64.48
45980.0,70.98,65.94
45990.0,68.81,70.0
46000.0,69.82,68.87
46010.0,69.47,70.6
46020.0,75.32,71.28
46030.0,70.66,71.03
46040.0,72.59,70.73
46050.0,71.94,71.84
46060.0,71.4,71.92
46070.0,70.82,70.78
46080.0,68.63,70.48
46090.0,72.45,70.11
46100.0,72.75,69.22
46110.0,67.47,69.76
46120.0,65.3,69.69
46130.0,67.5,67.74
46140.0,62.9,66.58
46150.0,61.4,65.38
46160.0,63.17,63.95
46170.0,60.7,61.24
46180.0,58.13,60.96
46190.0,59.03,61.09
46200.0,21.29,22.69
46210.0,19.06,21.92
46220.0,18.51,21.53
46230.0,16.6,20.59
46240.0,15.59,21.39
46250.0,17.23,20.46
46260.0,17.3,20.5
46270.0,19.13,20.29
46280.0,19.62,21.02
46290.0,20.1,20.72
46300.0,19.76,20.59
46310.0,19.47,21.69
46320.0,20.9,21.93
46330.0,22.59,23.48
46340.0,24.65,25.28
46350.0,24.23,26.59
46360.0,27.13,27.68
46370.0,27.82,30.54
46380.0,29.85,30.6
46390.0,30.46,34.03
46400.0,33.95,33.01
46410.0,35.93,35.74
46420.0,38.58,39.38
46430.0,39.0,39.87
46440.0,42.24,42.6
46450.0,44.63,45.14
46460.0,50.8,48.06
46470.0,50.61,49.06
46480.0,52.55,50.79
46490.0,51.62,54.12
46500.0,55.73,55.08
46510.0,60.64,57.8
46520.0,58.62,61.09
46530.0,62.59,60.81
46540.0,62.85,61.13
46550.0,65.85,64.49
46560.0,67.2,63.26
46570.0,70.98,65.57
46580.0,68.81,66.39
46590.0,69.82,69.91
46600.0,69.47,68.71
46610.0,75.32,70.54
46620.0,70.66,71.09
46630.0,72.59,70.19
46640.0,71.94,70.47
46650.0,71.4,71.26
46660.0,70.82,70.85
46670.0,68.63,69.96
46680.0,72.45,69.48
46690.0,72.75,69.1
46700.0,67.47,67.8
46710.0,65.3,68.52
46720.0,67.5,67.85
46730.0,62.9,65.87
46740.0,61.4,64.83
46750.0,63.17,63.5
46760.0,60.7,62.0
46770.0,58.13,59.54
46780.0,59.03,58.59
46790.0,58.04,58.79
46800.0,19.06,20.85
46810.0,18.51,20.3
46820.0,16.6,20.07
46830.0,15.59,19.23
46840.0,17.23,20.41
46850.0,17.3,19.42
46860.0,19.13,19.73
46870.0,19.62,19.9
46880.0,20.1,20.86
46890.0,19.76,20.66
46900.0,19.47,20.89
46910.0,20.9,22.01
46920.0,22.59,22.52
46930.0,24.65,24.4
46940.0,24.23,26.61
46950.0,27.13,27.9
46960.0,27.82,29.12
46970.0,29.85,32.26
46980.0,30.46,32.6
46990.0,33.95,36.12
47000.0,35.93,35.4
47010.0,38.58,38.27
47020.0,39.0,41.92
47030.0,42.24,42.55
47040.0,44.63,45.31
47050.0,50.8,47.92
47060.0,50.61,50.68
47070.0,52.55,51.71
47080.0,51.62,53.53
47090.0,55.73,56.7
47100.0,60.64,57.51
47110.0,58.62,60.63
47120.0,62.59,63.31
47130.0,62.85,63.1
47140.0,65.85,63.58
47150.0,67.2,66.61
47160.0,70.98,65.4
47170.0,68.81,67.34
47180.0,69.82,68.07
47190.0,69.47,71.31
47200.0,75.32,69.98
47210.0,70.66,71.47
47220.0,72.59,71.92
47230.0,71.94,70.75
47240.0,71.4,70.91
47250.0,70.82,71.44
47260.0,68.63,70.9
47270.0,72.45,69.65
47280.0,72.75,68.92
47290.0,67.47,68.38
47300.0,65.3,67.02
47310.0,67.5,67.4
47320.0,62.9,66.72
47330.0,61.4,64.6
47340.0,63.17,63.32
47350.0,60.7,62.16
47360.0,58.13,60.43
47370.0,59.03,57.84
47380.0,58.04,56.76
47390.0,57.09,56.97
47400.0,18.51,19.6
47410.0,16.6,19.02
47420.0,15.59,18.71
47430.0,17.23,17.78
47440.0,17.3,19.46
47450.0,19.13,18.26
47460.0,19.62,18.37
47470.0,20.1,19.29
47480.0,19.76,19.84
47490.0,19.47,19.6
47500.0,20.9,20.26
47510.0,22.59,21.59
47520.0,24.65,21.93
47530.0,24.23,23.87
47540.0,27.13,26.32
47550.0,27.82,27.84
47560.0,29.85,29.14
47570.0,30.46,32.44
47580.0,33.95,32.45
47590.0,35.93,36.03
47600.0,38.58,35.95
47610.0,39.0,38.27
47620.0,42.24,42.29
47630.0,44.63,42.83
47640.0,50.8,45.84
47650.0,50.61,48.56
47660.0,52.55,51.54
47670.0,51.62,52.16
47680.0,55.73,54.36
47690.0,60.64,57.38
47700.0,58.62,58.27
47710.0,62.59,61.6
47720.0,62.85,63.89
47730.0,65.85,64.17
47740.0,67.2,64.6
47750.0,70.98,67.38
47760.0,68.81,66.07
47770.0,69.82,68.0
47780.0,69.47,68.67
47790.0,75.32,72.0
47800.0,70.66,70.66
47810.0,72.59,71.91
47820.0,71.94,72.65
47830.0,71.4,71.35
47840.0,70.82,71.09
47850.0,68.63,71.56
47860.0,72.45,71.15
47870.0,72.75,70.0
47880.0,67.47,69.19
47890.0,65.3,68.53
47900.0,67.5,67.02
47910.0,62.9,67.3
47920.0,61.4,66.61
47930.0,63.17,64.28
47940.0,60.7,63.03
47950.0,58.13,62.0
47960.0,59.03,59.84
47970.0,58.04,57.34
47980.0,57.09,56.39
47990.0,56.06,56.79
48000.0,16.6,18.42
48010.0,15.59,18.17
48020.0,17.23,18.52
48030.0,17.3,18.05
48040.0,19.13,20.11
48050.0,19.62,18.82
48060.0,20.1,19.95
48070.0,19.76,20.75
48080.0,19.47,21.79
48090.0,20.9,21.74
48100.0,22.59,22.52
48110.0,24.65,24.06
48120.0,24.23,24.82
48130.0,27.13,26.91
48140.0,27.82,29.86
48150.0,29.85,31.67
48160.0,30.46,32.71
48170.0,33.95,36.13
48180.0,35.93,36.55
48190.0,38.58,40.49
48200.0,39.0,40.18
48210.0,42.24,42.85
48220.0,44.63,46.36
48230.0,50.8,47.18
48240.0,50.61,49.98
48250.0,52.55,52.51
48260.0,51.62,55.09
48270.0,55.73,55.98
48280.0,60.64,57.83
48290.0,58.62,60.61
48300.0,62.59,61.2
48310.0,62.85,64.39
48320.0,65.85,66.53
48330.0,67.2,65.96
48340.0,70.98,66.11
48350.0,68.81,68.74
48360.0,69.82,67.3
48370.0,69.47,68.98
48380.0,75.32,69.58
48390.0,70.66,72.38
48400.0,72.59,70.69
48410.0,71.94,71.53
48420.0,71.4,71.98
48430.0,70.82,70.41
48440.0,68.63,69.96
48450.0,72.45,70.53
48460.0,72.75,70.02
48470.0,67.47,68.2
48480.0,65.3,67.15
48490.0,67.5,66.1
48500.0,62.9,64.84
48510.0,61.4,65.22
48520.0,63.17,64.1
48530.0,60.7,61.94
48540.0,58.13,60.55
48550.0,59.03,59.54
48560.0,58.04,57.52
48570.0,57.09,55.22
48580.0,56.06,53.98
48590.0,50.62,54.5
48600.0,15.59,18.29
48610.0,17.23,17.91
48620.0,17.3,18.16
48630.0,19.13,17.57
48640.0,19.62,19.49
48650.0,20.1,18.79
48660.0,19.76,19.8
48670.0,19.47,20.84
48680.0,20.9,21.67
48690.0,22.59,21.53
48700.0,24.65,22.55
48710.0,24.23,24.11
48720.0,27.13,25.24
48730.0,27.82,27.24
48740.0,29.85,30.38
48750.0,30.46,31.88
48760.0,33.95,33.11
48770.0,35.93,36.64
48780.0,38.58,37.18
48790.0,39.0,41.09
48800.0,42.24,40.42
48810.0,44.63,43.23
48820.0,50.8,47.21
48830.0,50.61,47.64
48840.0,52.55,50.61
48850.0,51.62,53.19
48860.0,55.73,56.18
48870.0,60.64,56.82
48880.0,58.62,58.54
48890.0,62.59,61.52
48900.0,62.85,61.91
48910.0,65.85,65.32
48920.0,67.2,67.12
48930.0,70.98,67.08
48940.0,68.81,67.24
48950.0,69.82,69.64
48960.0,69.47,68.04
48970.0,75.32,69.84
48980.0,70.66,70.1
48990.0,72.59,73.05
49000.0,71.94,71.34
49010.0,71.4,71.88
49020.0,70.82,72.68
49030.0,68.63,70.91
49040.0,72.45,70.37
49050.0,72.75,70.86
49060.0,67.47,69.82
49070.0,65.3,68.33
49080.0,67.5,67.1
49090.0,62.9,66.04
49100.0,61.4,64.41
49110.0,63.17,65.11
49120.0,60.7,63.8
49130.0,58.13,61.42
49140.0,59.03,60.13
49150.0,58.04,58.91
49160.0,57.09,56.82
49170.0,56.06,54.28
49180.0,50.62,53.05
49190.0,49.49,53.81
49200.0,17.23,16.76
49210.0,17.3,17.02
49220.0,19.13,17.54
49230.0,19.62,17.51
49240.0,20.1,20.56
49250.0,19.76,19.2
49260.0,19.47,20.47
49270.0,20.9,22.15
49280.0,22.59,23.24
49290.0,24.65,23.39
49300.0,24.23,25.13
49310.0,27.13,26.78
49320.0,27.82,27.41
49330.0,29.85,30.33
49340.0,30.46,33.59
49350.0,33.95,35.29
49360.0,35.93,36.59
49370.0,38.58,40.14
49380.0,39.0,40.82
49390.0,42.24,44.55
49400.0,44.63,45.13
49410.0,50.8,47.31
49420.0,50.61,50.62
49430.0,52.55,51.48
49440.0,51.62,54.46
49450.0,55.73,57.21
49460.0,60.64,59.47
49470.0,58.62,59.66
49480.0,62.59,62.27
49490.0,62.85,64.42
49500.0,65.85,64.96
49510.0,67.2,68.18
49520.0,70.98,69.15
49530.0,68.81,68.83
49540.0,69.82,69.39
49550.0,69.47,71.42
49560.0,75.32,69.92
49570.0,70.66,70.72
49580.0,72.59,71.4
49590.0,71.94,73.69
49600.0,71.4,71.79
49610.0,70.82,71.85
49620.0,68.63,72.43
49630.0,72.45,70.6
49640.0,72.75,69.87
49650.0,67.47,70.36
49660.0,65.3,69.35
49670.0,67.5,67.68
49680.0,62.9,66.22
49690.0,61.4,64.92
49700.0,63.17,63.77
49710.0,60.7,63.64
49720.0,58.13,62.35
49730.0,59.03,60.19
49740.0,58.04,58.7
49750.0,57.09,57.68
49760.0,56.06,55.84
49770.0,50.62,53.38
49780.0,49.49,52.18
49790.0,48.12,52.93
49800.0,17.3,17.87
49810.0,19.13,18.27
49820.0,19.62,18.87
49830.0,20.1,18.91
49840.0,19.76,21.34
49850.0,19.47,19.85
49860.0,20.9,22.03
49870.0,22.59,23.67
49880.0,24.65,24.97
49890.0,24.23,24.66
49900.0,27.13,26.24
49910.0,27.82,28.08
49920.0,29.85,29.16
49930.0,30.46,31.51
49940.0,33.95,35.11
49950.0,35.93,37.54
49960.0,38.58,38.49
49970.0,39.0,41.75
49980.0,42.24,42.52
49990.0,44.63,46.85
50000.0,50.8,46.8
50010.0,50.61,49.23
50020.0,52.55,52.3
50030.0,51.62,53.43
50040.0,55.73,55.88
50050.0,60.64,57.99
50060.0,58.62,60.68
50070.0,62.59,61.54
50080.0,62.85,63.06
50090.0,65.85,65.79
50100.0,67.2,65.34
50110.0,70.98,68.59
50120.0,68.81,69.8
50130.0,69.82,69.34
50140.0,69.47,69.31
50150.0,75.32,71.13
50160.0,70.66,69.74
50170.0,72.59,70.79
50180.0,71.94,70.75
50190.0,71.4,72.6
50200.0,70.82,70.63
50210.0,68.63,70.79
50220.0,72.45,71.05
50230.0,72.75,68.56
50240.0,67.47,67.81
50250.0,65.3,68.13
50260.0,67.5,66.79
50270.0,62.9,65.16
50280.0,61.4,63.84
50290.0,63.17,62.17
50300.0,60.7,60.9
50310.0,58.13,60.98
50320.0,59.03,59.32
50330.0,58.04,57.44
50340.0,57.09,56.05
50350.0,56.06,54.55
50360.0,50.62,52.69
50370.0,49.49,50.19
50380.0,48.12,49.14
50390.0,46.02,49.85
50400.0,19.13,19.02
50410.0,19.62,19.14
50420.0,20.1,19.95
50430.0,19.76,20.14
50440.0,19.47,22.3
50450.0,20.9,22.07
50460.0,22.59,23.88
50470.0,24.65,25.05
50480.0,24.23,26.24
50490.0,27.13,26.73
50500.0,27.82,28.06
50510.0,29.85,29.96
50520.0,30.46,31.58
50530.0,33.95,33.79
50540.0,35.93,37.17
50550.0,38.58,39.02
50560.0,39.0,40.47
50570.0,42.24,43.57
50580.0,44.63,44.58
50590.0,50.8,48.75
50600.0,50.61,47.86
50610.0,52.55,50.74
50620.0,51.62,54.03
50630.0,55.73,54.61
50640.0,60.64,57.33
50650.0,58.62,59.3
50660.0,62.59,61.83
50670.0,62.85,62.49
50680.0,65.85,63.85
50690.0,67.2,66.42
50700.0,70.98,66.09
50710.0,68.81,69.28
50720.0,69.82,70.49
50730.0,69.47,69.64
50740.0,75.32,69.65
50750.0,70.66,71.41
50760.0,72.59,69.58
50770.0,71.94,70.99
50780.0,71.4,70.67
50790.0,70.82,72.25
50800.0,68.63,70.39
50810.0,72.45,70.48
50820.0,72.75,70.56
50830.0,67.47,68.3
50840.0,65.3,67.42
50850.0,67.5,68.02
50860.0,62.9,66.39
50870.0,61.4,64.74
50880.0,63.17,62.76
50890.0,60.7,61.54
50900.0,58.13,60.06
50910.0,59.03,60.16
50920.0,58.04,58.48
50930.0,57.09,56.52
50940.0,56.06,54.83
50950.0,50.62,53.64
50960.0,49.49,51.8
50970.0,48.12,49.37
50980.0,46.02,48.13
50990.0,44.14,48.76
51000.0,19.62,20.26
51010.0,20.1,20.24
51020.0,19.76,21.55
51030.0,19.47,22.11
51040.0,20.9,24.97
51050.0,22.59,24.52
51060.0,24.65,26.77
51070.0,24.23,27.7
51080.0,27.13,29.19
51090.0,27.82,30.15
51100.0,29.85,32.09
51110.0,30.46,34.18
51120.0,33.95,35.61
51130.0,35.93,37.83
51140.0,38.58,41.6
51150.0,39.0,43.14
51160.0,42.24,45.27
51170.0,44.63,47.98
51180.0,50.8,49.11
51190.0,50.61,53.17
51200.0,52.55,52.63
51210.0,51.62,55.24
51220.0,55.73,57.85
51230.0,60.64,58.98
51240.0,58.62,61.42
51250.0,62.59,62.99
51260.0,62.85,64.53
51270.0,65.85,65.22
51280.0,67.2,66.93
51290.0,70.98,69.31
51300.0,68.81,68.73
51310.0,69.82,71.44
51320.0,69.47,71.7
51330.0,75.32,70.83
51340.0,70.66,71.3
51350.0,72.59,71.9
51360.0,71.94,70.24
51370.0,71.4,70.85
51380.0,70.82,70.43
51390.0,68.63,71.07
51400.0,72.45,68.84
51410.0,72.75,69.54
51420.0,67.47,68.66
51430.0,65.3,65.99
51440.0,67.5,64.65
51450.0,62.9,65.18
51460.0,61.4,63.08
51470.0,63.17,61.72
51480.0,60.7,59.25
51490.0,58.13,57.67
51500.0,59.03,56.45
51510.0,58.04,55.81
51520.0,57.09,54.05
51530.0,56.06,52.55
51540.0,50.62,50.35
51550.0,49.49,49.87
51560.0,48.12,47.7
51570.0,46.02,45.58
51580.0,44.14,43.94
51590.0,43.21,44.52
51600.0,20.1,20.29
51610.0,19.76,20.98
51620.0,19.47,21.81
51630.0,20.9,22.73
51640.0,22.59,25.88
51650.0,24.65,25.19
51660.0,24.23,27.02
51670.0,27.13,28.86
51680.0,27.82,30.25
51690.0,29.85,31.09
51700.0,30.46,33.13
51710.0,33.95,34.98
51720.0,35.93,35.99
51730.0,38.58,38.87
51740.0,39.0,42.07
51750.0,42.24,44.21
51760.0,44.63,45.93
51770.0,50.8,48.36
51780.0,50.61,49.66
51790.0,52.55,53.46
51800.0,51.62,53.67
51810.0,55.73,55.65
51820.0,60.64,57.88
51830.0,58.62,59.08
51840.0,62.59,61.63
51850.0,62.85,63.6
51860.0,65.85,65.05
51870.0,67.2,65.29
51880.0,70.98,67.49
51890.0,68.81,69.35
51900.0,69.82,68.84
51910.0,69.47,71.47
51920.0,75.32,71.67
51930.0,70.66,70.97
51940.0,72.59,71.05
51950.0,71.94,72.45
51960.0,71.4,70.92
51970.0,70.82,71.2
51980.0,68.63,71.08
51990.0,72.45,71.4
52000.0,72.75,69.44
52010.0,67.47,69.15
52020.0,65.3,68.81
52030.0,67.5,66.66
52040.0,62.9,65.6
52050.0,61.4,65.88
52060.0,63.17,63.66
52070.0,60.7,62.68
52080.0,58.13,60.26
52090.0,59.03,58.91
52100.0,58.04,57.96
52110.0,57.09,56.87
52120.0,56.06,54.82
52130.0,50.62,53.62
52140.0,49.49,52.03
52150.0,48.12,50.84
52160.0,46.02,49.19
52170.0,44.14,46.94
52180.0,43.21,45.57
52190.0,44.36,46.26
52200.0,19.76,21.19
52210.0,19.47,22.21
52220.0,20.9,23.13
52230.0,22.59,24.21
52240.0,24.65,26.73
52250.0,24.23,26.65
52260.0,27.13,28.65
52270.0,27.82,30.53
52280.0,29.85,31.72
52290.0,30.46,33.0
52300.0,33.95,34.57
52310.0,35.93,36.49
52320.0,38.58,37.89
52330.0,39.0,40.84
52340.0,42.24,43.47
52350.0,44.63,46.25
52360.0,50.8,47.62
52370.0,50.61,49.61
52380.0,52.55,51.39
52390.0,51.62,55.25
52400.0,55.73,54.78
52410.0,60.64,56.96
52420.0,58.62,59.28
52430.0,62.59,60.1
52440.0,62.85,62.57
52450.0,65.85,64.08
52460.0,67.2,65.86
52470.0,70.98,66.3
52480.0,68.81,67.93
52490.0,69.82,69.64
52500.0,69.47,68.73
52510.0,75.32,71.4
52520.0,70.66,71.8
52530.0,72.59,70.65
52540.0,71.94,70.32
52550.0,71.4,71.8
52560.0,70.82,70.01
52570.0,68.63,70.47
52580.0,72.45,70.21
52590.0,72.75,70.03
52600.0,67.47,68.31
52610.0,65.3,67.85
52620.0,67.5,67.15
52630.0,62.9,65.12
52640.0,61.4,64.03
52650.0,63.17,64.37
52660.0,60.7,62.18
52670.0,58.13,61.04
52680.0,59.03,58.39
52690.0,58.04,57.54
52700.0,57.09,56.39
52710.0,56.06,55.16
52720.0,50.62,53.18
52730.0,49.49,52.12
52740.0,48.12,50.56
52750.0,46.02,49.16
52760.0,44.14,47.87
52770.0,43.21,45.43
52780.0,44.36,44.45
52790.0,40.91,44.99
52800.0,19.47,21.74
52810.0,20.9,22.49
52820.0,22.59,23.54
52830.0,24.65,24.69
52840.0,24.23,27.55
52850.0,27.13,27.36
52860.0,27.82,29.84
52870.0,29.85,31.81
52880.0,30.46,33.23
52890.0,33.95,34.52
52900.0,35.93,36.1
52910.0,38.58,38.01
52920.0,39.0,39.82
52930.0,42.24,42.8
52940.0,44.63,45.86
52950.0,50.8,48.21
52960.0,50.61,49.54
52970.0,52.55,51.88
52980.0,51.62,53.68
52990.0,55.73,57.72
53000.0,60.64,56.85
53010.0,58.62,59.16
53020.0,62.59,61.47
53030.0,62.85,62.54
53040.0,65.85,64.73
53050.0,67.2,65.92
53060.0,70.98,67.78
53070.0,68.81,68.12
53080.0,69.82,69.59
53090.0,69.47,71.34
53100.0,75.32,69.93
53110.0,70.66,72.72
53120.0,72.59,72.78
53130.0,71.94,71.71
53140.0,71.4,71.46
53150.0,70.82,72.54
53160.0,68.63,70.78
53170.0,72.45,70.79
53180.0,72.75,70.38
53190.0,67.47,69.86
53200.0,65.3,68.13
53210.0,67.5,67.3
53220.0,62.9,66.53
53230.0,61.4,64.45
53240.0,63.17,63.04
53250.0,60.7,63.1
53260.0,58.13,60.26
53270.0,59.03,59.44
53280.0,58.04,56.73
53290.0,57.09,55.68
53300.0,56.06,54.41
53310.0,50.62,53.07
53320.0,49.49,50.9
53330.0,48.12,50.36
53340.0,46.02,48.61
53350.0,44.14,47.11
53360.0,43.21,45.88
53370.0,44.36,43.33
53380.0,40.91,42.2
53390.0,40.51,42.78
53400.0,20.9,22.58
53410.0,22.59,23.29
53420.0,24.65,24.63
53430.0,24.23,25.97
53440.0,27.13,28.93
53450.0,27.82,28.82
53460.0,29.85,31.86
53470.0,30.46,33.72
53480.0,33.95,34.93
53490.0,35.93,36.47
53500.0,38.58,38.04
53510.0,39.0,40.49
53520.0,42.24,42.38
53530.0,44.63,45.13
53540.0,50.8,48.24
53550.0,50.61,51.1
53560.0,52.55,52.12
53570.0,51.62,54.32
53580.0,55.73,55.85
53590.0,60.64,60.06
53600.0,58.62,59.08
53610.0,62.59,61.27
53620.0,62.85,63.91
53630.0,65.85,64.39
53640.0,67.2,66.56
53650.0,70.98,66.86
53660.0,68.81,68.97
53670.0,69.82,69.21
53680.0,69.47,70.43
53690.0,75.32,72.13
53700.0,70.66,70.46
53710.0,72.59,72.85
53720.0,71.94,72.62
53730.0,71.4,71.3
53740.0,70.82,71.13
53750.0,68.63,71.35
53760.0,72.45,69.08
53770.0,72.75,69.06
53780.0,67.47,68.43
53790.0,65.3,67.69
53800.0,67.5,65.81
53810.0,62.9,65.36
53820.0,61.4,64.06
53830.0,63.17,61.8
53840.0,60.7,59.77
53850.0,58.13,60.03
53860.0,59.03,57.48
53870.0,58.04,56.29
53880.0,57.09,53.77
53890.0,56.06,52.54
53900.0,50.62,50.91
53910.0,49.49,49.87
53920.0,48.12,47.79
53930.0,46.02,47.3
53940.0,44.14,45.43
53950.0,43.21,44.36
53960.0,44.36,42.94
53970.0,40.91,40.64
53980.0,40.51,39.59
53990.0,39.77,40.48
54000.0,22.59,23.37
54010.0,24.65,24.57
54020.0,24.23,26.0
54030.0,27.13,27.69
54040.0,27.82,31.59
54050.0,29.85,30.96
54060.0,30.46,34.08
54070.0,33.95,36.42
54080.0,35.93,37.2
54090.0,38.58,39.05
54100.0,39.0,40.7
54110.0,42.24,43.46
54120.0,44.63,44.9
54130.0,50.8,48.04
54140.0,50.61,50.64
54150.0,52.55,54.01
54160.0,51.62,54.64
54170.0,55.73,56.84
54180.0,60.64,57.77
54190.0,58.62,62.05
54200.0,62.59,61.72
54210.0,62.85,63.27
54220.0,65.85,65.35
54230.0,67.2,65.92
54240.0,70.98,68.09
54250.0,68.81,68.04
54260.0,69.82,69.72
54270.0,69.47,69.44
54280.0,75.32,71.04
54290.0,70.66,72.2
54300.0,72.59,70.7
54310.0,71.94,72.45
54320.0,71.4,72.12
54330.0,70.82,70.63
54340.0,68.63,70.21
54350.0,72.45,70.39
54360.0,72.75,68.05
54370.0,67.47,67.51
54380.0,65.3,67.28
54390.0,67.5,65.99
54400.0,62.9,64.14
54410.0,61.4,63.36
54420.0,63.17,62.12
54430.0,60.7,60.33
54440.0,58.13,57.65
54450.0,59.03,58.22
54460.0,58.04,56.15
54470.0,57.09,54.76
54480.0,56.06,52.36
54490.0,50.62,51.21
54500.0,49.49,49.74
54510.0,48.12,48.33
54520.0,46.02,46.33
54530.0,44.14,46.39
54540.0,43.21,44.48
54550.0,44.36,43.73
54560.0,40.91,42.55
54570.0,40.51,40.62
54580.0,39.77,39.65
54590.0,37.64,40.85
54600.0,24.65,25.86
54610.0,24.23,26.37
54620.0,27.13,28.09
54630.0,27.82,29.81
54640.0,29.85,33.32
54650.0,30.46,33.38
54660.0,33.95,36.46
54670.0,35.93,38.38
54680.0,38.58,39.84
54690.0,39.0,41.49
54700.0,42.24,42.54
54710.0,44.63,45.68
54720.0,50.8,47.32
54730.0,50.61,50.01
54740.0,52.55,52.98
54750.0,51.62,55.83
54760.0,55.73,56.57
54770.0,60.64,58.57
54780.0,58.62,59.78
54790.0,62.59,63.62
54800.0,62.85,62.74
54810.0,65.85,64.53
54820.0,67.2,67.03
54830.0,70.98,67.01
54840.0,68.81,69.04
54850.0,69.82,69.15
54860.0,69.47,70.47
54870.0,75.32,70.07
54880.0,70.66,71.61
54890.0,72.59,72.29
54900.0,71.94,70.87
54910.0,71.4,73.13
54920.0,70.82,72.31
54930.0,68.63,70.73
54940.0,72.45,69.96
54950.0,72.75,70.11
54960.0,67.47,67.3
54970.0,65.3,67.21
54980.0,67.5,66.52
54990.0,62.9,65.34
55000.0,61.4,63.72
55010.0,63.17,62.83
55020.0,60.7,61.53
55030.0,58.13,59.44
55040.0,59.03,56.89
55050.0,58.04,57.43
55060.0,57.09,54.88
55070.0,56.06,53.68
55080.0,50.62,51.24
55090.0,49.49,50.03
55100.0,48.12,48.03
55110.0,46.02,47.16
55120.0,44.14,45.03
55130.0,43.21,45.09
55140.0,44.36,43.32
55150.0,40.91,42.35
55160.0,40.51,40.84
55170.0,39.77,39.33
55180.0,37.64,38.43
55190.0,37.98,39.36
55200.0,24.23,27.57
55210.0,27.13,28.56
55220.0,27.82,30.19
55230.0,29.85,32.1
55240.0,30.46,35.34
55250.0,33.95,35.5
55260.0,35.93,38.58
55270.0,38.58,40.94
55280.0,39.0,42.71
55290.0,42.24,44.16
55300.0,44.63,45.03
55310.0,50.8,48.27
55320.0,50.61,49.54
55330.0,52.55,52.71
55340.0,51.62,55.27
55350.0,55.73,58.47
55360.0,60.64,58.91
55370.0,58.62,60.51
55380.0,62.59,62.18
55390.0,62.85,65.61
55400.0,65.85,64.79
55410.0,67.2,66.43
55420.0,70.98,68.71
55430.0,68.81,68.58
55440.0,69.82,70.39
55450.0,69.47,70.37
55460.0,75.32,71.5
55470.0,70.66,71.19
55480.0,72.59,72.57
55490.0,71.94,72.79
55500.0,71.4,71.17
55510.0,70.82,73.4
55520.0,68.63,71.87
55530.0,72.45,70.69
55540.0,72.75,69.76
55550.0,67.47,69.75
55560.0,65.3,67.05
55570.0,67.5,66.51
55580.0,62.9,65.59
55590.0,61.4,64.04
55600.0,63.17,62.74
55610.0,60.7,61.56
55620.0,58.13,60.1
55630.0,59.03,57.81
55640.0,58.04,55.52
55650.0,57.09,55.8
55660.0,56.06,52.96
55670.0,50.62,51.79
55680.0,49.49,49.75
55690.0,48.12,48.61
55700.0,46.02,46.35
55710.0,44.14,45.38
55720.0,43.21,43.29
55730.0,44.36,43.61
55740.0,40.91,41.99
55750.0,40.51,40.76
55760.0,39.77,39.51
55770.0,37.64,37.98
55780.0,37.98,37.25
55790.0,38.57,38.17
55800.0,27.13,28.12
55810.0,27.82,28.88
55820.0,29.85,30.99
55830.0,30.46,33.11
55840.0,33.95,37.15
55850.0,35.93,37.23
55860.0,38.58,40.54
55870.0,39.0,42.94
55880.0,42.24,44.52
55890.0,44.63,46.26
55900.0,50.8,47.0
55910.0,50.61,50.43
55920.0,52.55,51.98
55930.0,51.62,54.96
55940.0,55.73,57.42
55950.0,60.64,60.56
55960.0,58.62,60.57
55970.0,62.59,62.61
55980.0,62.85,63.79
55990.0,65.85,67.31
56000.0,67.2,66.22
56010.0,70.98,67.69
56020.0,68.81,69.85
56030.0,69.82,69.6
56040.0,69.47,71.24
56050.0,75.32,71.03
56060.0,70.66,72.21
56070.0,72.59,71.34
56080.0,71.94,72.65
56090.0,71.4,72.4
56100.0,70.82,70.92
56110.0,68.63,72.77
56120.0,72.45,71.71
56130.0,72.75,69.56
56140.0,67.47,68.29
56150.0,65.3,68.35
56160.0,67.5,65.22
56170.0,62.9,64.78
56180.0,61.4,64.13
56190.0,63.17,62.76
56200.0,60.7,61.18
56210.0,58.13,59.64
56220.0,59.03,58.45
56230.0,58.04,56.6
56240.0,57.09,53.68
56250.0,56.06,54.32
56260.0,50.62,52.06
56270.0,49.49,50.75
56280.0,48.12,48.39
56290.0,46.02,47.26
56300.0,44.14,45.47
56310.0,43.21,44.63
56320.0,44.36,42.5
56330.0,40.91,43.1
56340.0,40.51,41.57
56350.0,39.77,40.61
56360.0,37.64,39.59
56370.0,37.98,38.39
56380.0,38.57,37.84
56390.0,39.46,39.02
56400.0,27.82,30.55
56410.0,29.85,31.94
56420.0,30.46,33.88
56430.0,33.95,35.94
56440.0,35.93,39.59
56450.0,38.58,39.57
56460.0,39.0,43.09
56470.0,42.24,45.18
56480.0,44.63,46.94
56490.0,50.8,48.27
56500.0,50.61,49.22
56510.0,52.55,52.12
56520.0,51.62,53.72
56530.0,55.73,56.54
56540.0,60.64,58.74
56550.0,58.62,61.88
56560.0,62.59,61.84
56570.0,62.85,63.33
56580.0,65.85,64.79
56590.0,67.2,67.95
56600.0,70.98,66.76
56610.0,68.81,68.5
56620.0,69.82,70.04
56630.0,69.47,69.84
56640.0,75.32,71.26
56650.0,70.66,70.55
56660.0,72.59,71.53
56670.0,71.94,70.97
56680.0,71.4,71.75
56690.0,70.82,71.62
56700.0,68.63,69.83
56710.0,72.45,71.38
56720.0,72.75,70.1
56730.0,67.47,68.22
56740.0,65.3,67.31
56750.0,67.5,67.03
56760.0,62.9,63.86
56770.0,61.4,63.57
56780.0,63.17,62.13
56790.0,60.7,60.83
56800.0,58.13,59.23
56810.0,59.03,58.03
56820.0,58.04,56.74
56830.0,57.09,54.53
56840.0,56.06,51.99
56850.0,50.62,52.22
56860.0,49.49,50.01
56870.0,48.12,48.63
56880.0,46.02,46.49
56890.0,44.14,45.35
56900.0,43.21,43.77
56910.0,44.36,42.83
56920.0,40.91,40.61
56930.0,40.51,41.56
56940.0,39.77,40.19
56950.0,37.64,39.27
56960.0,37.98,38.49
56970.0,38.57,36.85
56980.0,39.46,36.18
56990.0,36.14,37.74
57000.0,29.85,31.92
57010.0,30.46,33.74
57020.0,33.95,35.33
57030.0,35.93,37.7
57040.0,38.58,41.44
57050.0,39.0,42.07
57060.0,42.24,45.21
57070.0,44.63,47.56
57080.0,50.8,49.24
57090.0,50.61,50.65
57100.0,52.55,51.6
57110.0,51.62,54.65
57120.0,55.73,55.92
57130.0,60.64,59.23
57140.0,58.62,61.03
57150.0,62.59,63.82
57160.0,62.85,63.84
57170.0,65.85,65.31
57180.0,67.2,66.77
57190.0,70.98,69.73
57200.0,68.81,68.11
57210.0,69.82,69.74
57220.0,69.47,71.25
57230.0,75.32,70.8
57240.0,70.66,72.09
57250.0,72.59,71.45
57260.0,71.94,72.45
57270.0,71.4,71.42
57280.0,70.82,72.09
57290.0,68.63,71.71
57300.0,72.45,69.92
57310.0,72.75,71.18
57320.0,67.47,69.54
57330.0,65.3,67.98
57340.0,67.5,66.94
57350.0,62.9,66.64
57360.0,61.4,63.51
57370.0,63.17,62.91
57380.0,60.7,61.17
57390.0,58.13,59.82
57400.0,59.03,58.31
57410.0,58.04,56.65
57420.0,57.09,55.67
57430.0,56.06,53.96
57440.0,50.62,51.4
57450.0,49.49,51.46
57460.0,48.12,49.06
57470.0,46.02,47.9
57480.0,44.14,45.6
57490.0,43.21,44.9
57500.0,44.36,42.99
57510.0,40.91,42.54
57520.0,40.51,40.12
57530.0,39.77,41.26
57540.0,37.64,39.97
57550.0,37.98,39.32
57560.0,38.57,38.75
57570.0,39.46,37.21
57580.0,36.14,36.28
57590.0,38.09,38.2
57600.0,30.46,33.18
57610.0,33.95,34.59
57620.0,35.93,36.75
57630.0,38.58,38.87
57640.0,39.0,42.48
57650.0,42.24,42.52
57660.0,44.63,45.83
57670.0,50.8,48.37
57680.0,50.61,50.33
57690.0,52.55,51.29
57700.0,51.62,51.94
57710.0,55.73,55.03
57720.0,60.64,56.26
57730.0,58.62,59.26
57740.0,62.59,61.16
57750.0,62.85,64.56
57760.0,65.85,63.95
57770.0,67.2,65.5
57780.0,70.98,66.65
57790.0,68.81,69.54
57800.0,69.82,68.33
57810.0,69.47,69.82
57820.0,75.32,71.12
57830.0,70.66,70.59
57840.0,72.59,71.7
57850.0,71.94,70.69
57860.0,71.4,71.48
57870.0,70.82,70.83
57880.0,68.63,71.29
57890.0,72.45,70.71
57900.0,72.75,68.57
57910.0,67.47,70.32
57920.0,65.3,68.51
57930.0,67.5,67.01
57940.0,62.9,65.49
57950.0,61.4,65.3
57960.0,63.17,61.96
57970.0,60.7,61.64
57980.0,58.13,59.72
57990.0,59.03,58.23
58000.0,58.04,56.74
58010.0,57.09,55.46
58020.0,56.06,54.16
58030.0,50.62,52.14
58040.0,49.49,49.51
58050.0,48.12,49.63
58060.0,46.02,47.65
58070.0,44.14,46.23
58080.0,43.21,44.18
58090.0,44.36,43.17
58100.0,40.91,41.7
58110.0,40.51,40.76
58120.0,39.77,38.59
58130.0,37.64,39.77
58140.0,37.98,38.61
58150.0,38.57,37.76
58160.0,39.46,36.75
58170.0,36.14,35.68
58180.0,38.09,35.21
58190.0,34.15,36.73
58200.0,33.95,34.78
58210.0,35.93,35.99
58220.0,38.58,38.38
58230.0,39.0,40.44
58240.0,42.24,44.14
58250.0,44.63,44.79
58260.0,50.8,47.66
58270.0,50.61,49.91
58280.0,52.55,51.69
58290.0,51.62,52.94
58300.0,55.73,53.46
58310.0,60.64,56.56
58320.0,58.62,57.9
58330.0,62.59,60.59
58340.0,62.85,62.45
58350.0,65.85,65.21
58360.0,67.2,64.87
58370.0,70.98,66.48
58380.0,68.81,67.3
58390.0,69.82,69.9
58400.0,69.47,68.43
58410.0,75.32,69.92
58420.0,70.66,71.31
58430.0,72.59,70.29
58440.0,71.94,71.36
58450.0,71.4,70.32
58460.0,70.82,70.94
58470.0,68.63,69.91
58480.0,72.45,70.4
58490.0,72.75,69.57
58500.0,67.47,67.62
58510.0,65.3,69.4
58520.0,67.5,67.57
58530.0,62.9,65.81
58540.0,61.4,64.32
58550.0,63.17,64.13
58560.0,60.7,60.31
58570.0,58.13,60.25
58580.0,59.03,58.26
58590.0,58.04,56.93
58600.0,57.09,55.43
58610.0,56.06,54.19
58620.0,50.62,53.01
58630.0,49.49,51.37
58640.0,48.12,48.45
58650.0,46.02,48.9
58660.0,44.14,47.15
58670.0,43.21,45.76
58680.0,44.36,43.21
58690.0,40.91,42.51
58700.0,40.51,41.09
58710.0,39.77,40.26
58720.0,37.64,38.27
58730.0,37.98,39.34
58740.0,38.57,38.15
58750.0,39.46,37.69
58760.0,36.14,36.6
58770.0,38.09,35.75
58780.0,34.15,35.31
58790.0,35.05,36.99
58800.0,35.93,38.01
58810.0,38.58,39.32
58820.0,39.0,41.77
58830.0,42.24,44.15
58840.0,44.63,48.32
58850.0,50.8,48.65
58860.0,50.61,51.72
58870.0,52.55,54.22
58880.0,51.62,56.27
58890.0,55.73,57.32
58900.0,60.64,57.79
58910.0,58.62,60.54
58920.0,62.59,61.52
58930.0,62.85,64.37
58940.0,65.85,66.22
58950.0,67.2,68.47
58960.0,70.98,67.63
58970.0,68.81,69.5
58980.0,69.82,70.2
58990.0,69.47,72.67
59000.0,75.32,70.54
59010.0,70.66,71.74
59020.0,72.59,72.5
59030.0,71.94,71.71
59040.0,71.4,72.06
59050.0,70.82,71.18
59060.0,68.63,71.52
59070.0,72.45,70.08
59080.0,72.75,69.98
59090.0,67.47,68.83
59100.0,65.3,66.84
59110.0,67.5,67.87
59120.0,62.9,66.39
59130.0,61.4,64.07
59140.0,63.17,62.38
59150.0,60.7,61.84
59160.0,58.13,58.74
59170.0,59.03,58.21
59180.0,58.04,56.03
59190.0,57.09,55.04
59200.0,56.06,53.14
59210.0,50.62,51.48
59220.0,49.49,50.48
59230.0,48.12,49.2
59240.0,46.02,46.67
59250.0,44.14,47.03
59260.0,43.21,45.18
59270.0,44.36,44.19
59280.0,40.91,41.83
59290.0,40.51,41.05
59300.0,39.77,40.2
59310.0,37.64,39.77
59320.0,37.98,37.33
59330.0,38.57,39.22
59340.0,39.46,37.96
59350.0,36.14,37.62
59360.0,38.09,37.16
59370.0,34.15,36.57
59380.0,35.05,36.15
59390.0,35.73,37.85
59400.0,38.58,39.7
59410.0,39.0,40.68
59420.0,42.24,43.47
59430.0,44.63,45.44
59440.0,50.8,49.04
59450.0,50.61,49.7
59460.0,52.55,52.5
59470.0,51.62,54.54
59480.0,55.73,56.71
59490.0,60.64,57.57
59500.0,58.62,57.83
59510.0,62.59,60.58
59520.0,62.85,61.69
59530.0,65.85,64.06
59540.0,67.2,65.99
59550.0,70.98,67.98
59560.0,68.81,67.44
59570.0,69.82,69.11
59580.0,69.47,69.61
59590.0,75.32,71.8
59600.0,70.66,69.64
59610.0,72.59,71.0
59620.0,71.94,71.87
59630.0,71.4,70.65
59640.0,70.82,71.06
59650.0,68.63,69.86
59660.0,72.45,70.05
59670.0,72.75,68.9
59680.0,67.47,68.59
59690.0,65.3,67.49
59700.0,67.5,65.29
59710.0,62.9,67.0
59720.0,61.4,65.0
59730.0,63.17,63.13
59740.0,60.7,61.26
59750.0,58.13,60.76
59760.0,59.03,57.14
59770.0,58.04,57.21
59780.0,57.09,54.61
59790.0,56.06,53.48
59800.0,50.62,51.8
59810.0,49.49,50.77
59820.0,48.12,49.51
59830.0,46.02,47.9
59840.0,44.14,45.29
59850.0,43.21,45.8
59860.0,44.36,44.17
59870.0,40.91,42.89
59880.0,40.51,40.35
59890.0,39.77,39.66
59900.0,37.64,38.76
59910.0,37.98,38.11
59920.0,38.57,36.11
59930.0,39.46,37.62
59940.0,36.14,36.33
59950.0,38.09,36.12
59960.0,34.15,35.02
59970.0,35.05,34.65
59980.0,35.73,34.44
59990.0,35.47,35.9
60000.0,39.0,42.27
60010.0,42.24,43.66
60020.0,44.63,46.24
60030.0,50.8,48.38
60040.0,50.61,52.28
60050.0,52.55,52.69
60060.0,51.62,55.59
60070.0,55.73,57.51
60080.0,60.64,59.7
60090.0,58.62,60.47
60100.0,62.59,60.93
60110.0,62.85,63.18
60120.0,65.85,64.02
60130.0,67.2,66.32
60140.0,70.98,68.19
60150.0,68.81,69.7
60160.0,69.82,69.16
60170.0,69.47,70.62
60180.0,75.32,71.06
60190.0,70.66,72.9
60200.0,72.59,70.67
60210.0,71.94,71.67
60220.0,71.4,72.02
60230.0,70.82,70.84
60240.0,68.63,70.88
60250.0,72.45,69.56
60260.0,72.75,69.51
60270.0,67.47,68.11
60280.0,65.3,67.44
60290.0,67.5,66.39
60300.0,62.9,64.24
60310.0,61.4,65.1
60320.0,63.17,63.37
60330.0,60.7,61.2
60340.0,58.13,59.59
60350.0,59.03,58.74
60360.0,58.04,55.6
60370.0,57.09,55.36
60380.0,56.06,52.63
60390.0,50.62,51.75
60400.0,49.49,49.79
60410.0,48.12,48.55
60420.0,46.02,47.72
60430.0,44.14,46.14
60440.0,43.21,43.9
60450.0,44.36,44.23
60460.0,40.91,42.85
60470.0,40.51,41.66
60480.0,39.77,39.41
60490.0,37.64,38.67
60500.0,37.98,38.27
60510.0,38.57,37.74
60520.0,39.46,35.56
60530.0,36.14,37.44
60540.0,38.09,36.34
60550.0,34.15,36.28
60560.0,35.05,35.79
60570.0,35.73,35.26
60580.0,35.47,34.89
60590.0,35.23,36.71
60600.0,42.24,42.86
60610.0,44.63,44.32
60620.0,50.8,46.82
60630.0,50.61,49.06
60640.0,52.55,53.36
60650.0,51.62,53.18
60660.0,55.73,56.11
60670.0,60.64,58.28
60680.0,58.62,61.0
60690.0,62.59,61.15
60700.0,62.85,61.77
60710.0,65.85,64.01
60720.0,67.2,64.4
60730.0,70.98,66.74
60740.0,68.81,68.74
60750.0,69.82,70.65
60760.0,69.47,69.89
60770.0,75.32,70.82
60780.0,70.66,71.51
60790.0,72.59,72.78
60800.0,71.94,71.66
60810.0,71.4,72.04
60820.0,70.82,72.3
60830.0,68.63,70.84
60840.0,72.45,71.11
60850.0,72.75,70.01
60860.0,67.47,69.36
60870.0,65.3,67.9
60880.0,67.5,67.86
60890.0,62.9,66.45
60900.0,61.4,64.32
60910.0,63.17,65.31
60920.0,60.7,63.15
60930.0,58.13,61.08
60940.0,59.03,59.21
60950.0,58.04,58.92
60960.0,57.09,55.59
60970.0,56.06,55.29
60980.0,50.62,52.67
60990.0,49.49,51.85
61000.0,48.12,49.88
61010.0,46.02,48.29
61020.0,44.14,47.82
61030.0,43.21,46.07
61040.0,44.36,44.19
61050.0,40.91,44.1
61060.0,40.51,42.92
61070.0,39.77,42.01
61080.0,37.64,39.95
61090.0,37.98,39.14
61100.0,38.57,38.68
61110.0,39.46,38.15
61120.0,36.14,35.83
61130.0,38.09,37.52
61140.0,34.15,37.2
61150.0,35.05,36.75
61160.0,35.73,36.09
61170.0,35.47,35.86
61180.0,35.23,35.48
61190.0,36.11,37.38
61200.0,44.63,46.18
61210.0,50.8,47.24
61220.0,50.61,50.12
61230.0,52.55,52.1
61240.0,51.62,55.98
61250.0,55.73,56.13
61260.0,60.64,59.1
61270.0,58.62,60.68
61280.0,62.59,63.5
61290.0,62.85,63.61
61300.0,65.85,63.84
61310.0,67.2,65.64
61320.0,70.98,66.38
61330.0,68.81,67.97
61340.0,69.82,70.31
61350.0,69.47,71.32
61360.0,75.32,70.65
61370.0,70.66,71.78
61380.0,72.59,72.08
61390.0,71.94,73.36
61400.0,71.4,71.19
61410.0,70.82,71.83
61420.0,68.63,71.95
61430.0,72.45,70.34
61440.0,72.75,70.08
61450.0,67.47,68.74
61460.0,65.3,68.09
61470.0,67.5,66.7
61480.0,62.9,65.71
61490.0,61.4,64.6
61500.0,63.17,62.35
61510.0,60.7,63.22
61520.0,58.13,61.62
61530.0,59.03,58.92
61540.0,58.04,57.14
61550.0,57.09,56.53
61560.0,56.06,53.36
61570.0,50.62,53.39
61580.0,49.49,50.52
61590.0,48.12,50.02
61600.0,46.02,47.93
61610.0,44.14,46.56
61620.0,43.21,46.09
61630.0,44.36,44.25
61640.0,40.91,42.6
61650.0,40.51,42.83
61660.0,39.77,41.63
61670.0,37.64,40.67
61680.0,37.98,38.73
61690.0,38.57,37.83
61700.0,39.46,37.71
61710.0,36.14,37.4
61720.0,38.09,35.13
61730.0,34.15,37.19
61740.0,35.05,36.62
61750.0,35.73,36.28
61760.0,35.47,35.84
61770.0,35.23,35.6
61780.0,36.11,35.43
61790.0,35.13,37.03
61800.0,50.8,48.49
61810.0,50.61,49.72
61820.0,52.55,52.63
61830.0,51.62,54.28
61840.0,55.73,57.97
61850.0,60.64,58.47
61860.0,58.62,60.96
61870.0,62.59,62.49
61880.0,62.85,64.64
61890.0,65.85,64.98
61900.0,67.2,65.1
61910.0,70.98,66.96
61920.0,68.81,67.42
61930.0,69.82,68.73
61940.0,69.47,70.74
61950.0,75.32,71.58
61960.0,70.66,71.13
61970.0,72.59,71.89
61980.0,71.94,71.7
61990.0,71.4,72.74
62000.0,70.82,70.63
62010.0,68.63,70.98
62020.0,72.45,71.03
62030.0,72.75,69.07
62040.0,67.47,68.74
62050.0,65.3,67.02
62060.0,67.5,66.44
62070.0,62.9,64.88
62080.0,61.4,63.64
62090.0,63.17,62.75
62100.0,60.7,60.27
62110.0,58.13,61.34
62120.0,59.03,59.43
62130.0,58.04,57.04
62140.0,57.09,55.16
62150.0,56.06,54.4
62160.0,50.62,51.29
62170.0,49.49,51.34
62180.0,48.12,48.48
62190.0,46.02,47.84
62200.0,44.14,45.88
62210.0,43.21,44.85
62220.0,44.36,44.44
62230.0,40.91,42.66
62240.0,40.51,40.81
62250.0,39.77,41.34
62260.0,37.64,40.69
62270.0,37.98,39.74
62280.0,38.57,37.4
62290.0,39.46,37.08
62300.0,36.14,36.86
62310.0,38.09,36.59
62320.0,34.15,34.77
62330.0,35.05,36.52
62340.0,35.73,35.79
62350.0,35.47,36.0
62360.0,35.23,35.25
62370.0,36.11,35.29
62380.0,35.13,35.19
62390.0,34.02,36.83
62400.0,50.61,52.92
62410.0,52.55,54.44
62420.0,51.62,56.89
62430.0,55.73,58.56
62440.0,60.64,62.02
62450.0,58.62,62.56
62460.0,62.59,64.83
62470.0,62.85,66.44
62480.0,65.85,67.86
62490.0,67.2,68.32
62500.0,70.98,68.11
62510.0,68.81,69.82
62520.0,69.82,69.65
62530.0,69.47,71.01
62540.0,75.32,72.33
62550.0,70.66,72.91
62560.0,72.59,72.43
62570.0,71.94,72.71
62580.0,71.4,72.03
62590.0,70.82,72.97
62600.0,68.63,70.37
62610.0,72.45,70.14
62620.0,72.75,69.72
62630.0,67.47,68.0
62640.0,65.3,66.95
62650.0,67.5,65.12
62660.0,62.9,64.67
62670.0,61.4,62.42
62680.0,63.17,60.86
62690.0,60.7,60.04
62700.0,58.13,57.34
62710.0,59.03,58.11
62720.0,58.04,56.41
62730.0,57.09,54.25
62740.0,56.06,52.1
62750.0,50.62,50.79
62760.0,49.49,48.56
62770.0,48.12,48.59
62780.0,46.02,45.6
62790.0,44.14,44.89
62800.0,43.21,43.09
62810.0,44.36,41.93
62820.0,40.91,41.97
62830.0,40.51,40.23
62840.0,39.77,38.71
62850.0,37.64,39.43
62860.0,37.98,38.94
62870.0,38.57,38.35
62880.0,39.46,36.19
62890.0,36.14,36.24
62900.0,38.09,36.13
62910.0,34.15,36.44
62920.0,35.05,34.37
62930.0,35.73,36.42
62940.0,35.47,35.6
62950.0,35.23,36.31
62960.0,36.11,35.66
62970.0,35.13,35.92
62980.0,34.02,35.85
62990.0,35.21,37.4
63000.0,52.55,53.21
63010.0,51.62,54.8
63020.0,55.73,57.16
63030.0,60.64,58.76
63040.0,58.62,61.99
63050.0,62.59,62.65
63060.0,62.85,64.82
63070.0,65.85,66.03
63080.0,67.2,67.77
63090.0,70.98,68.04
63100.0,68.81,68.18
63110.0,69.82,69.69
63120.0,69.47,69.43
63130.0,75.32,70.69
63140.0,70.66,72.22
63150.0,72.59,72.29
63160.0,71.94,72.11
63170.0,71.4,72.25
63180.0,70.82,71.86
63190.0,68.63,72.42
63200.0,72.45,70.05
63210.0,72.75,69.89
63220.0,67.47,69.6
63230.0,65.3,67.56
63240.0,67.5,66.66
63250.0,62.9,64.82
63260.0,61.4,64.14
63270.0,63.17,62.07
63280.0,60.7,60.7
63290.0,58.13,59.97
63300.0,59.03,57.31
63310.0,58.04,57.98
63320.0,57.09,55.81
63330.0,56.06,53.98
63340.0,50.62,52.4
63350.0,49.49,50.9
63360.0,48.12,48.61
63370.0,46.02,48.34
63380.0,44.14,45.29
63390.0,43.21,44.54
63400.0,44.36,42.86
63410.0,40.91,41.86
63420.0,40.51,41.78
63430.0,39.77,39.83
63440.0,37.64,38.68
63450.0,37.98,39.07
63460.0,38.57,38.29
63470.0,39.46,37.8
63480.0,36.14,35.7
63490.0,38.09,35.67
63500.0,34.15,35.62
63510.0,35.05,35.6
63520.0,35.73,33.72
63530.0,35.47,35.65
63540.0,35.23,34.92
63550.0,36.11,35.57
63560.0,35.13,34.91
63570.0,34.02,34.79
63580.0,35.21,34.72
63590.0,33.77,36.43
63600.0,51.62,55.12
63610.0,55.73,56.31
63620.0,60.64,59.02
63630.0,58.62,60.32
63640.0,62.59,63.29
63650.0,62.85,64.0
63660.0,65.85,66.2
63670.0,67.2,67.16
63680.0,70.98,69.13
63690.0,68.81,69.17
63700.0,69.82,68.84
63710.0,69.47,70.2
63720.0,75.32,70.12
63730.0,70.66,71.05
63740.0,72.59,72.56
63750.0,71.94,72.47
63760.0,71.4,72.04
63770.0,70.82,72.12
63780.0,68.63,71.7
63790.0,72.45,72.21
63800.0,72.75,69.32
63810.0,67.47,69.28
63820.0,65.3,68.95
63830.0,67.5,66.72
63840.0,62.9,65.65
63850.0,61.4,63.89
63860.0,63.17,63.05
63870.0,60.7,60.99
63880.0,58.13,59.39
63890.0,59.03,58.57
63900.0,58.04,55.89
63910.0,57.09,57.04
63920.0,56.06,55.02
63930.0,50.62,52.74
63940.0,49.49,50.78
63950.0,48.12,49.63
63960.0,46.02,47.29
63970.0,44.14,47.36
63980.0,43.21,44.48
63990.0,44.36,43.86
64000.0,40.91,42.23
64010.0,40.51,41.13
64020.0,39.77,41.17
64030.0,37.64,39.21
64040.0,37.98,38.33
64050.0,38.57,38.91
64060.0,39.46,38.1
64070.0,36.14,37.72
64080.0,38.09,35.49
64090.0,34.15,35.68
64100.0,35.05,35.64
64110.0,35.73,35.72
64120.0,35.47,33.98
64130.0,35.23,36.01
64140.0,36.11,35.32
64150.0,35.13,35.83
64160.0,34.02,35.11
64170.0,35.21,35.18
64180.0,33.77,35.48
64190.0,36.15,36.63
64200.0,55.73,55.97
64210.0,60.64,57.04
64220.0,58.62,59.69
64230.0,62.59,61.14
64240.0,62.85,64.32
64250.0,65.85,65.04
64260.0,67.2,67.03
64270.0,70.98,67.96
64280.0,68.81,69.57
64290.0,69.82,69.86
64300.0,69.47,69.54
64310.0,75.32,70.85
64320.0,70.66,70.71
64330.0,72.59,71.43
64340.0,71.94,72.78
64350.0,71.4,72.6
64360.0,70.82,71.99
64370.0,68.63,72.06
64380.0,72.45,71.34
64390.0,72.75,71.86
64400.0,67.47,68.95
64410.0,65.3,68.58
64420.0,67.5,68.49
64430.0,62.9,65.75
64440.0,61.4,64.77
64450.0,63.17,62.95
64460.0,60.7,62.07
64470.0,58.13,59.65
64480.0,59.03,58.28
64490.0,58.04,57.2
64500.0,57.09,54.86
64510.0,56.06,55.71
64520.0,50.62,54.0
64530.0,49.49,51.16
64540.0,48.12,49.32
64550.0,46.02,48.32
64560.0,44.14,45.61
64570.0,43.21,45.71
64580.0,44.36,43.29
64590.0,40.91,42.81
64600.0,40.51,41.1
64610.0,39.77,40.03
64620.0,37.64,40.04
64630.0,37.98,38.57
64640.0,38.57,37.47
64650.0,39.46,38.31
64660.0,36.14,37.92
64670.0,38.09,37.51
64680.0,34.15,35.18
64690.0,35.05,35.69
64700.0,35.73,35.76
64710.0,35.47,35.86
64720.0,35.23,34.4
64730.0,36.11,36.3
64740.0,35.13,35.61
64750.0,34.02,36.6
64760.0,35.21,36.02
64770.0,33.77,35.97
64780.0,36.15,36.57
64790.0,36.04,37.81
64800.0,60.64,58.68
64810.0,58.62,59.81
64820.0,62.59,62.06
64830.0,62.85,63.52
64840.0,65.85,66.45
64850.0,67.2,66.6
64860.0,70.98,68.45
64870.0,68.81,69.49
64880.0,69.82,70.54
64890.0,69.47,70.82
64900.0,75.32,70.24
64910.0,70.66,71.46
64920.0,72.59,70.85
64930.0,71.94,71.63
64940.0,71.4,72.38
64950.0,70.82,72.38
64960.0,68.63,71.53
64970.0,72.45,71.43
64980.0,72.75,70.0
64990.0,67.47,70.62
65000.0,65.3,67.98
65010.0,67.5,67.13
65020.0,62.9,66.66
65030.0,61.4,64.24
65040.0,63.17,62.85
65050.0,60.7,60.65
65060.0,58.13,59.97
65070.0,59.03,57.21
65080.0,58.04,55.95
65090.0,57.09,54.71
65100.0,56.06,52.31
65110.0,50.62,53.04
65120.0,49.49,51.39
65130.0,48.12,49.03
65140.0,46.02,47.2
65150.0,44.14,45.88
65160.0,43.21,43.47
65170.0,44.36,43.62
65180.0,40.91,41.18
65190.0,40.51,40.28
65200.0,39.77,38.93
65210.0,37.64,38.25
65220.0,37.98,38.08
65230.0,38.57,36.81
65240.0,39.46,35.45
65250.0,36.14,36.47
65260.0,38.09,36.36
65270.0,34.15,35.92
65280.0,35.05,34.05
65290.0,35.73,34.55
65300.0,35.47,34.86
65310.0,35.23,34.89
65320.0,36.11,33.61
65330.0,35.13,35.69
65340.0,34.02,34.77
65350.0,35.21,36.13
65360.0,33.77,35.34
65370.0,36.15,35.49
65380.0,36.04,36.12
65390.0,37.58,37.29
65400.0,58.62,62.05
65410.0,62.59,63.71
65420.0,62.85,64.89
65430.0,65.85,66.29
65440.0,67.2,68.56
65450.0,70.98,69.12
65460.0,68.81,70.31
65470.0,69.82,71.15
65480.0,69.47,72.16
65490.0,75.32,72.13
65500.0,70.66,71.35
65510.0,72.59,72.08
65520.0,71.94,71.19
65530.0,71.4,72.18
65540.0,70.82,72.19
65550.0,68.63,71.65
65560.0,72.45,71.07
65570.0,72.75,70.12
65580.0,67.47,69.29
65590.0,65.3,69.35
65600.0,67.5,66.38
65610.0,62.9,65.66
65620.0,61.4,64.8
65630.0,63.17,62.47
65640.0,60.7,60.88
65650.0,58.13,59.04
65660.0,59.03,58.37
65670.0,58.04,55.29
65680.0,57.09,54.03
65690.0,56.06,52.98
65700.0,50.62,50.68
65710.0,49.49,51.4
65720.0,48.12,49.49
65730.0,46.02,47.84
65740.0,44.14,46.3
65750.0,43.21,45.02
65760.0,44.36,43.15
65770.0,40.91,43.33
65780.0,40.51,40.5
65790.0,39.77,39.65
65800.0,37.64,38.73
65810.0,37.98,37.76
65820.0,38.57,38.1
65830.0,39.46,36.85
65840.0,36.14,36.47
65850.0,38.09,37.16
65860.0,34.15,36.21
65870.0,35.05,36.43
65880.0,35.73,34.67
65890.0,35.47,35.6
65900.0,35.23,35.4
65910.0,36.11,35.94
65920.0,35.13,34.36
65930.0,34.02,36.64
65940.0,35.21,35.69
65950.0,33.77,36.8
65960.0,36.15,36.26
65970.0,36.04,36.08
65980.0,37.58,36.24
65990.0,37.39,37.52
66000.0,62.59,62.53
66010.0,62.85,63.34
66020.0,65.85,65.19
66030.0,67.2,66.36
66040.0,70.98,68.61
66050.0,68.81,69.39
66060.0,69.82,70.65
66070.0,69.47,71.02
66080.0,75.32,72.37
66090.0,70.66,72.31
66100.0,72.59,71.15
66110.0,71.94,71.8
66120.0,71.4,71.45
66130.0,70.82,71.71
66140.0,68.63,72.12
66150.0,72.45,71.19
66160.0,72.75,70.42
66170.0,67.47,69.68
66180.0,65.3,69.05
66190.0,67.5,69.08
66200.0,62.9,65.41
66210.0,61.4,64.98
66220.0,63.17,64.66
66230.0,60.7,61.64
66240.0,58.13,60.29
66250.0,59.03,58.68
66260.0,58.04,57.74
66270.0,57.09,54.87
66280.0,56.06,53.52
66290.0,50.62,52.23
66300.0,49.49,50.25
66310.0,48.12,51.45
66320.0,46.02,50.03
66330.0,44.14,47.18
66340.0,43.21,45.48
66350.0,44.36,44.91
66360.0,40.91,42.46
66370.0,40.51,43.01
66380.0,39.77,40.76
66390.0,37.64,40.48
66400.0,37.98,39.49
66410.0,38.57,38.19
66420.0,39.46,38.61
66430.0,36.14,37.62
66440.0,38.09,37.3
66450.0,34.15,38.29
66460.0,35.05,37.24
66470.0,35.73,37.66
66480.0,35.47,35.43
66490.0,35.23,36.71
66500.0,36.11,36.41
66510.0,35.13,37.03
66520.0,34.02,35.74
66530.0,35.21,37.87
66540.0,33.77,36.96
66550.0,36.15,37.91
66560.0,36.04,37.54
66570.0,37.58,37.32
66580.0,37.39,37.93
66590.0,37.72,38.67
66600.0,62.85,64.81
66610.0,65.85,65.72
66620.0,67.2,67.08
66630.0,70.98,68.17
66640.0,68.81,70.14
66650.0,69.82,70.22
66660.0,69.47,71.25
66670.0,75.32,71.51
66680.0,70.66,72.37
66690.0,72.59,72.12
66700.0,71.94,71.08
66710.0,71.4,71.3
66720.0,70.82,70.61
66730.0,68.63,70.85
66740.0,72.45,70.63
66750.0,72.75,69.77
66760.0,67.47,68.96
66770.0,65.3,67.75
66780.0,67.5,66.68
66790.0,62.9,66.57
66800.0,61.4,63.61
66810.0,63.17,62.78
66820.0,60.7,61.91
66830.0,58.13,59.49
66840.0,59.03,57.72
66850.0,58.04,55.83
66860.0,57.09,55.16
66870.0,56.06,51.92
66880.0,50.62,50.94
66890.0,49.49,49.93
66900.0,48.12,47.84
66910.0,46.02,48.73
66920.0,44.14,47.11
66930.0,43.21,44.98
66940.0,44.36,43.91
66950.0,40.91,42.9
66960.0,40.51,40.81
66970.0,39.77,41.2
66980.0,37.64,39.04
66990.0,37.98,38.39
67000.0,38.57,37.61
67010.0,39.46,36.95
67020.0,36.14,37.26
67030.0,38.09,36.33
67040.0,34.15,35.87
67050.0,35.05,36.93
67060.0,35.73,35.98
67070.0,35.47,36.58
67080.0,35.23,34.75
67090.0,36.11,35.65
67100.0,35.13,35.93
67110.0,34.02,36.0
67120.0,35.21,34.88
67130.0,33.77,37.19
67140.0,36.15,36.19
67150.0,36.04,37.22
67160.0,37.58,36.61
67170.0,37.39,36.42
67180.0,37.72,36.91
67190.0,36.25,37.78
67200.0,65.85,65.51
67210.0,67.2,66.67
67220.0,70.98,67.69
67230.0,68.81,68.88
67240.0,69.82,70.45
67250.0,69.47,71.48
67260.0,75.32,72.1
67270.0,70.66,72.5
67280.0,72.59,73.02
67290.0,71.94,73.03
67300.0,71.4,71.69
67310.0,70.82,72.21
67320.0,68.63,71.3
67330.0,72.45,71.85
67340.0,72.75,71.36
67350.0,67.47,70.4
67360.0,65.3,69.32
67370.0,67.5,68.18
67380.0,62.9,67.18
67390.0,61.4,67.1
67400.0,63.17,63.35
67410.0,60.7,62.58
67420.0,58.13,62.13
67430.0,59.03,59.14
67440.0,58.04,57.35
67450.0,57.09,55.54
67460.0,56.06,55.26
67470.0,50.62,51.8
67480.0,49.49,50.53
67490.0,48.12,49.48
67500.0,46.02,47.42
67510.0,44.14,48.12
67520.0,43.21,46.45
67530.0,44.36,44.48
67540.0,40.91,43.21
67550.0,40.51,42.1
67560.0,39.77,40.08
67570.0,37.64,40.4
67580.0,37.98,38.16
67590.0,38.57,37.51
67600.0,39.46,36.9
67610.0,36.14,35.98
67620.0,38.09,36.37
67630.0,34.15,35.74
67640.0,35.05,35.58
67650.0,35.73,36.62
67660.0,35.47,35.61
67670.0,35.23,36.28
67680.0,36.11,34.29
67690.0,35.13,35.72
67700.0,34.02,35.46
67710.0,35.21,36.43
67720.0,33.77,35.07
67730.0,36.15,37.09
67740.0,36.04,36.05
67750.0,37.58,37.36
67760.0,37.39,36.86
67770.0,37.72,36.8
67780.0,36.25,37.06
67790.0,38.16,38.19
67800.0,67.2,66.75
67810.0,70.98,67.72
67820.0,68.81,68.94
67830.0,69.82,69.91
67840.0,69.47,71.42
67850.0,75.32,71.55
67860.0,70.66,72.34
67870.0,72.59,72.59
67880.0,71.94,73.02
67890.0,71.4,72.46
67900.0,70.82,71.38
67910.0,68.63,71.9
67920.0,72.45,70.32
67930.0,72.75,71.1
67940.0,67.47,70.13
67950.0,65.3,69.59
67960.0,67.5,68.46
67970.0,62.9,67.05
67980.0,61.4,65.45
67990.0,63.17,65.26
68000.0,60.7,62.53
68010.0,58.13,61.27
68020.0,59.03,60.44
68030.0,58.04,57.97
68040.0,57.09,55.9
68050.0,56.06,53.84
68060.0,50.62,53.45
68070.0,49.49,50.03
68080.0,48.12,49.36
68090.0,46.02,48.33
68100.0,44.14,46.06
68110.0,43.21,46.74
68120.0,44.36,44.56
68130.0,40.91,43.26
68140.0,40.51,42.32
68150.0,39.77,41.01
68160.0,37.64,39.1
68170.0,37.98,39.38
68180.0,38.57,37.25
68190.0,39.46,36.22
68200.0,36.14,35.7
68210.0,38.09,35.41
68220.0,34.15,35.57
68230.0,35.05,34.72
68240.0,35.73,34.36
68250.0,35.47,35.46
68260.0,35.23,34.8
68270.0,36.11,35.47
68280.0,35.13,33.75
68290.0,34.02,34.66
68300.0,35.21,34.93
68310.0,33.77,35.41
68320.0,36.15,34.27
68330.0,36.04,36.01
68340.0,37.58,35.25
68350.0,37.39,36.49
68360.0,37.72,35.45
68370.0,36.25,35.86
68380.0,38.16,35.92
68390.0,37.89,36.99
68400.0,70.98,68.37
68410.0,68.81,68.97
68420.0,69.82,70.05
68430.0,69.47,70.99
68440.0,75.32,72.35
68450.0,70.66,72.47
68460.0,72.59,73.1
68470.0,71.94,73.03
68480.0,71.4,73.42
68490.0,70.82,72.65
68500.0,68.63,71.49
68510.0,72.45,71.78
68520.0,72.75,70.24
68530.0,67.47,70.75
68540.0,65.3,69.58
68550.0,67.5,68.81
68560.0,62.9,67.62
68570.0,61.4,66.13
68580.0,63.17,64.45
68590.0,60.7,64.2
68600.0,58.13,61.15
68610.0,59.03,59.9
68620.0,58.04,59.09
68630.0,57.09,56.59
68640.0,56.06,54.44
68650.0,50.62,52.51
68660.0,49.49,52.16
68670.0,48.12,48.64
68680.0,46.02,48.06
68690.0,44.14,47.08
68700.0,43.21,44.94
68710.0,44.36,45.57
68720.0,40.91,43.68
68730.0,40.51,42.13
68740.0,39.77,41.33
68750.0,37.64,40.22
68760.0,37.98,38.25
68770.0,38.57,38.83
68780.0,39.46,36.76
68790.0,36.14,36.05
68800.0,38.09,35.51
68810.0,34.15,35.2
68820.0,35.05,35.54
68830.0,35.73,34.89
68840.0,35.47,34.67
68850.0,35.23,35.8
68860.0,36.11,34.99
68870.0,35.13,36.03
68880.0,34.02,34.23
68890.0,35.21,35.15
68900.0,33.77,35.49
68910.0,36.15,36.19
68920.0,36.04,34.91
68930.0,37.58,36.59
68940.0,37.39,35.96
68950.0,37.72,37.13
68960.0,36.25,36.16
68970.0,38.16,36.55
68980.0,37.89,36.44
68990.0,35.83,37.48
69000.0,68.81,70.24
69010.0,69.82,70.45
69020.0,69.47,71.67
69030.0,75.32,72.01
69040.0,70.66,72.85
69050.0,72.59,72.58
69060.0,71.94,72.98
69070.0,71.4,72.48
69080.0,70.82,73.13
69090.0,68.63,71.61
69100.0,72.45,70.54
69110.0,72.75,70.19
69120.0,67.47,68.73
69130.0,65.3,68.98
69140.0,67.5,67.42
69150.0,62.9,66.64
69160.0,61.4,65.63
69170.0,63.17,63.66
69180.0,60.7,62.23
69190.0,58.13,61.62
69200.0,59.03,58.72
69210.0,58.04,57.68
69220.0,57.09,56.51
69230.0,56.06,54.32
69240.0,50.62,52.3
69250.0,49.49,50.43
69260.0,48.12,49.8
69270.0,46.02,46.75
69280.0,44.14,46.25
69290.0,43.21,45.54
69300.0,44.36,43.36
69310.0,40.91,44.4
69320.0,40.51,42.37
69330.0,39.77,41.17
69340.0,37.64,40.52
69350.0,37.98,39.88
69360.0,38.57,37.85
69370.0,39.46,38.95
69380.0,36.14,36.73
69390.0,38.09,36.24
69400.0,34.15,35.79
69410.0,35.05,35.82
69420.0,35.73,36.18
69430.0,35.47,35.16
69440.0,35.23,35.37
69450.0,36.11,36.36
69460.0,35.13,35.3
69470.0,34.02,36.48
69480.0,35.21,34.81
69490.0,33.77,35.45
69500.0,36.15,36.1
69510.0,36.04,36.29
69520.0,37.58,35.22
69530.0,37.39,36.7
69540.0,37.72,36.16
69550.0,36.25,36.83
69560.0,38.16,35.53
69570.0,37.89,35.83
69580.0,35.83,35.75
69590.0,37.3,36.34
69600.0,69.82,70.47
69610.0,69.47,70.51
69620.0,75.32,71.76
69630.0,70.66,72.04
69640.0,72.59,73.25
69650.0,71.94,72.61
69660.0,71.4,73.11
69670.0,70.82,72.44
69680.0,68.63,72.92
69690.0,72.45,71.35
69700.0,72.75,70.26
69710.0,67.47,69.84
69720.0,65.3,68.34
69730.0,67.5,68.23
69740.0,62.9,66.84
69750.0,61.4,65.99
69760.0,63.17,64.73
69770.0,60.7,62.76
69780.0,58.13,61.43
69790.0,59.03,60.8
69800.0,58.04,57.82
69810.0,57.09,56.72
69820.0,56.06,55.74
69830.0,50.62,53.28
69840.0,49.49,51.41
69850.0,48.12,49.66
69860.0,46.02,48.87
69870.0,44.14,45.89
69880.0,43.21,45.55
69890.0,44.36,44.73
69900.0,40.91,42.87
69910.0,40.51,43.85
69920.0,39.77,42.27
69930.0,37.64,40.29
69940.0,37.98,39.82
69950.0,38.57,39.56
69960.0,39.46,37.4
69970.0,36.14,38.41
69980.0,38.09,36.77
69990.0,34.15,36.71
70000.0,35.05,36.06
70010.0,35.73,35.73
70020.0,35.47,36.5
70030.0,35.23,35.71
70040.0,36.11,35.9
70050.0,35.13,37.15
70060.0,34.02,36.26
70070.0,35.21,37.6
70080.0,33.77,35.63
70090.0,36.15,36.49
70100.0,36.04,37.18
70110.0,37.58,37.41
70120.0,37.39,36.19
70130.0,37.72,37.75
70140.0,36.25,37.36
70150.0,38.16,38.01
70160.0,37.89,37.14
70170.0,35.83,37.22
70180.0,37.3,37.15
70190.0,37.17,37.76
70200.0,69.47,71.56
70210.0,75.32,71.54
70220.0,70.66,72.74
70230.0,72.59,72.86
70240.0,71.94,73.72
70250.0,71.4,72.83
70260.0,70.82,73.03
70270.0,68.63,72.34
70280.0,72.45,72.24
70290.0,72.75,70.52
70300.0,67.47,69.38
70310.0,65.3,68.5
70320.0,67.5,67.0
70330.0,62.9,66.92
70340.0,61.4,64.63
70350.0,63.17,64.3
70360.0,60.7,62.65
70370.0,58.13,60.5
70380.0,59.03,58.83
70390.0,58.04,58.25
70400.0,57.09,55.37
70410.0,56.06,54.16
70420.0,50.62,52.9
70430.0,49.49,50.62
70440.0,48.12,48.78
70450.0,46.02,46.88
70460.0,44.14,46.08
70470.0,43.21,43.22
70480.0,44.36,43.04
70490.0,40.91,42.37
70500.0,40.51,40.52
70510.0,39.77,41.56
70520.0,37.64,40.1
70530.0,37.98,38.27
70540.0,38.57,37.98
70550.0,39.46,38.01
70560.0,36.14,35.87
70570.0,38.09,36.99
70580.0,34.15,35.81
70590.0,35.05,35.73
70600.0,35.73,34.92
70610.0,35.47,35.09
70620.0,35.23,35.92
70630.0,36.11,35.5
70640.0,35.13,35.49
70650.0,34.02,37.11
70660.0,35.21,36.58
70670.0,33.77,37.85
70680.0,36.15,35.96
70690.0,36.04,36.83
70700.0,37.58,38.06
70710.0,37.39,37.91
70720.0,37.72,36.77
70730.0,36.25,38.29
70740.0,38.16,38.19
70750.0,37.89,38.75
70760.0,35.83,37.82
70770.0,37.3,37.68
70780.0,37.17,37.89
70790.0,38.3,38.29
70800.0,75.32,71.72
70810.0,70.66,71.23
70820.0,72.59,72.25
70830.0,71.94,72.37
70840.0,71.4,72.54
70850.0,70.82,71.86
70860.0,68.63,72.06
70870.0,72.45,71.07
70880.0,72.75,70.77
70890.0,67.47,69.04
70900.0,65.3,67.61
70910.0,67.5,66.61
70920.0,62.9,65.58
70930.0,61.4,64.98
70940.0,63.17,62.85
70950.0,60.7,62.41
70960.0,58.13,60.54
70970.0,59.03,58.64
70980.0,58.04,56.94
70990.0,57.09,56.74
71000.0,56.06,52.99
71010.0,50.62,52.2
71020.0,49.49,51.22
71030.0,48.12,49.02
71040.0,46.02,47.02
71050.0,44.14,45.03
71060.0,43.21,44.83
71070.0,44.36,42.13
71080.0,40.91,41.59
71090.0,40.51,41.14
71100.0,39.77,39.31
71110.0,37.64,40.41
71120.0,37.98,39.45
71130.0,38.57,37.5
71140.0,39.46,37.05
71150.0,36.14,37.37
71160.0,38.09,35.04
71170.0,34.15,36.47
71180.0,35.05,35.24
71190.0,35.73,35.49
71200.0,35.47,34.7
71210.0,35.23,34.87
71220.0,36.11,35.67
71230.0,35.13,35.27
71240.0,34.02,35.31
71250.0,35.21,36.87
71260.0,33.77,35.96
71270.0,36.15,37.28
71280.0,36.04,35.54
71290.0,37.58,36.26
71300.0,37.39,37.68
71310.0,37.72,37.62
71320.0,36.25,36.36
71330.0,38.16,37.84
71340.0,37.89,37.7
71350.0,35.83,38.0
71360.0,37.3,37.2
71370.0,37.17,36.63
71380.0,38.3,37.11
71390.0,36.26,37.47
71400.0,70.66,73.65
71410.0,72.59,72.73
71420.0,71.94,73.73
71430.0,71.4,73.65
71440.0,70.82,73.01
71450.0,68.63,73.06
71460.0,72.45,72.57
71470.0,72.75,71.26
71480.0,67.47,71.22
71490.0,65.3,69.07
71500.0,67.5,67.77
71510.0,62.9,66.76
71520.0,61.4,65.32
71530.0,63.17,65.12
71540.0,60.7,62.51
71550.0,58.13,61.66
71560.0,59.03,60.21
71570.0,58.04,58.31
71580.0,57.09,56.46
71590.0,56.06,56.04
71600.0,50.62,52.05
71610.0,49.49,51.29
71620.0,48.12,50.36
71630.0,46.02,48.42
71640.0,44.14,46.12
71650.0,43.21,44.52
71660.0,44.36,44.25
71670.0,40.91,41.57
71680.0,40.51,41.27
71690.0,39.77,40.96
71700.0,37.64,38.97
71710.0,37.98,40.42
71720.0,38.57,38.7
71730.0,39.46,37.67
71740.0,36.14,37.57
71750.0,38.09,37.35
71760.0,34.15,35.38
71770.0,35.05,36.88
71780.0,35.73,35.08
71790.0,35.47,35.23
71800.0,35.23,34.72
71810.0,36.11,35.64
71820.0,35.13,35.99
71830.0,34.02,35.38
71840.0,35.21,35.6
71850.0,33.77,36.92
71860.0,36.15,35.5
71870.0,36.04,37.29
71880.0,37.58,35.36
71890.0,37.39,35.96
71900.0,37.72,37.07
71910.0,36.25,37.19
71920.0,38.16,36.15
71930.0,37.89,37.36
71940.0,35.83,36.84
71950.0,37.3,37.15
71960.0,37.17,35.65
71970.0,38.3,35.14
71980.0,36.26,35.42
71990.0,35.11,35.62
72000.0,72.59,72.07
72010.0,71.94,71.06
72020.0,71.4,72.31
72030.0,70.82,71.48
72040.0,68.63,71.17
72050.0,72.45,69.92
72060.0,72.75,69.89
72070.0,67.47,68.37
72080.0,65.3,68.08
72090.0,67.5,65.34
72100.0,62.9,64.07
72110.0,61.4,63.02
72120.0,63.17,61.67
72130.0,60.7,60.81
72140.0,58.13,58.55
72150.0,59.03,58.44
72160.0,58.04,56.33
72170.0,57.09,54.49
72180.0,56.06,52.8
72190.0,50.62,52.35
72200.0,49.49,49.08
72210.0,48.12,48.46
72220.0,46.02,47.78
72230.0,44.14,45.56
72240.0,43.21,44.04
72250.0,44.36,42.15
72260.0,40.91,41.63
72270.0,40.51,39.78
72280.0,39.77,39.57
72290.0,37.64,39.43
72300.0,37.98,37.69
72310.0,38.57,39.28
72320.0,39.46,38.09
72330.0,36.14,36.9
72340.0,38.09,36.51
72350.0,34.15,37.26
72360.0,35.05,34.89
72370.0,35.73,36.67
72380.0,35.47,35.35
72390.0,35.23,36.04
72400.0,36.11,35.25
72410.0,35.13,36.18
72420.0,34.02,36.73
72430.0,35.21,35.79
72440.0,33.77,36.11
72450.0,36.15,37.46
72460.0,36.04,36.81
72470.0,37.58,38.06
72480.0,37.39,36.24
72490.0,37.72,36.65
72500.0,36.25,38.1
72510.0,38.16,37.5
72520.0,37.89,36.53
72530.0,35.83,37.35
72540.0,37.3,37.26
72550.0,37.17,37.02
72560.0,38.3,35.66
72570.0,36.26,34.84
72580.0,35.11,35.52
72590.0,36.21,35.48
72600.0,71.94,73.03
72610.0,71.4,71.99
72620.0,70.82,72.76
72630.0,68.63,72.11
72640.0,72.45,71.57
72650.0,72.75,70.75
72660.0,67.47,70.31
72670.0,65.3,68.71
72680.0,67.5,68.13
72690.0,62.9,65.62
72700.0,61.4,64.22
72710.0,63.17,63.02
72720.0,60.7,61.59
72730.0,58.13,61.15
72740.0,59.03,58.29
72750.0,58.04,58.0
72760.0,57.09,55.86
72770.0,56.06,54.07
72780.0,50.62,52.13
72790.0,49.49,51.68
72800.0,48.12,48.2
72810.0,46.02,47.55
72820.0,44.14,46.82
72830.0,43.21,44.63
72840.0,44.36,43.08
72850.0,40.91,41.25
72860.0,40.51,41.02
72870.0,39.77,38.69
72880.0,37.64,38.68
72890.0,37.98,38.46
72900.0,38.57,36.85
72910.0,39.46,38.32
72920.0,36.14,37.04
72930.0,38.09,36.12
72940.0,34.15,36.06
72950.0,35.05,36.53
72960.0,35.73,34.26
72970.0,35.47,35.96
72980.0,35.23,34.56
72990.0,36.11,35.24
73000.0,35.13,34.51
73010.0,34.02,35.69
73020.0,35.21,36.18
73030.0,33.77,35.64
73040.0,36.15,35.84
73050.0,36.04,37.24
73060.0,37.58,36.5
73070.0,37.39,37.95
73080.0,37.72,36.09
73090.0,36.25,36.7
73100.0,38.16,38.0
73110.0,37.89,37.67
73120.0,35.83,36.68
73130.0,37.3,37.54
73140.0,37.17,37.19
73150.0,38.3,37.17
73160.0,36.26,35.76
73170.0,35.11,34.86
73180.0,36.21,35.46
73190.0,36.02,35.5
73200.0,71.4,72.31
73210.0,70.82,70.94
73220.0,68.63,71.79
73230.0,72.45,70.68
73240.0,72.75,69.83
73250.0,67.47,68.68
73260.0,65.3,68.4
73270.0,67.5,66.41
73280.0,62.9,65.97
73290.0,61.4,63.2
73300.0,63.17,61.95
73310.0,60.7,60.49
73320.0,58.13,59.25
73330.0,59.03,58.43
73340.0,58.04,56.01
73350.0,57.09,55.59
73360.0,56.06,53.57
73370.0,50.62,51.81
73380.0,49.49,50.35
73390.0,48.12,49.8
73400.0,46.02,46.39
73410.0,44.14,46.09
73420.0,43.21,45.54
73430.0,44.36,43.42
73440.0,40.91,41.99
73450.0,40.51,40.21
73460.0,39.77,40.08
73470.0,37.64,38.31
73480.0,37.98,38.24
73490.0,38.57,38.26
73500.0,39.46,36.78
73510.0,36.14,38.26
73520.0,38.09,37.29
73530.0,34.15,36.22
73540.0,35.05,36.38
73550.0,35.73,36.9
73560.0,35.47,34.7
73570.0,35.23,36.55
73580.0,36.11,35.09
73590.0,35.13,36.03
73600.0,34.02,35.35
73610.0,35.21,36.58
73620.0,33.77,36.75
73630.0,36.15,35.76
73640.0,36.04,36.27
73650.0,37.58,37.35
73660.0,37.39,36.55
73670.0,37.72,37.88
73680.0,36.25,36.0
73690.0,38.16,36.21
73700.0,37.89,37.75
73710.0,35.83,36.82
73720.0,37.3,35.87
73730.0,37.17,36.68
73740.0,38.3,36.07
73750.0,36.26,35.61
73760.0,35.11,34.28
73770.0,36.21,32.93
73780.0,36.02,33.68
73790.0,35.51,33.46
73800.0,70.82,72.07
73810.0,68.63,70.27
73820.0,72.45,70.74
73830.0,72.75,69.61
73840.0,67.47,68.5
73850.0,65.3,67.45
73860.0,67.5,67.02
73870.0,62.9,64.76
73880.0,61.4,63.83
73890.0,63.17,61.27
73900.0,60.7,59.78
73910.0,58.13,58.12
73920.0,59.03,57.32
73930.0,58.04,56.29
73940.0,57.09,53.71
73950.0,56.06,53.12
73960.0,50.62,50.99
73970.0,49.49,49.47
73980.0,48.12,47.75
73990.0,46.02,47.41
74000.0,44.14,43.79
74010.0,43.21,43.61
74020.0,44.36,43.35
74030.0,40.91,41.15
74040.0,40.51,39.98
74050.0,39.77,37.9
74060.0,37.64,38.41
74070.0,37.98,36.47
74080.0,38.57,36.39
74090.0,39.46,36.72
74100.0,36.14,35.32
74110.0,38.09,36.73
74120.0,34.15,36.01
74130.0,35.05,35.17
74140.0,35.73,35.38
74150.0,35.47,36.17
74160.0,35.23,33.67
74170.0,36.11,35.87
74180.0,35.13,34.49
74190.0,34.02,35.58
74200.0,35.21,34.76
74210.0,33.77,36.25
74220.0,36.15,36.53
74230.0,36.04,35.87
74240.0,37.58,35.95
74250.0,37.39,37.1
74260.0,37.72,36.45
74270.0,36.25,37.62
74280.0,38.16,35.85
74290.0,37.89,36.0
74300.0,35.83,37.59
74310.0,37.3,36.76
74320.0,37.17,35.74
74330.0,38.3,36.4
74340.0,36.26,35.72
74350.0,35.11,35.37
74360.0,36.21,33.85
74370.0,36.02,32.32
74380.0,35.51,33.08
74390.0,33.48,32.96
74400.0,68.63,71.9
74410.0,72.45,70.64
74420.0,72.75,71.08
74430.0,67.47,69.9
74440.0,65.3,69.31
74450.0,67.5,67.54
74460.0,62.9,67.33
74470.0,61.4,65.12
74480.0,63.17,64.65
74490.0,60.7,61.74
74500.0,58.13,60.55
74510.0,59.03,58.89
74520.0,58.04,57.39
74530.0,57.09,56.76
74540.0,56.06,54.36
74550.0,50.62,53.7
74560.0,49.49,51.62
74570.0,48.12,50.02
74580.0,46.02,48.9
74590.0,44.14,48.15
74600.0,43.21,44.97
74610.0,44.36,44.77
74620.0,40.91,44.26
74630.0,40.51,42.18
74640.0,39.77,41.03
74650.0,37.64,39.36
74660.0,37.98,39.14
74670.0,38.57,37.64
74680.0,39.46,37.74
74690.0,36.14,37.84
74700.0,38.09,36.73
74710.0,34.15,37.84
74720.0,35.05,37.07
74730.0,35.73,35.94
74740.0,35.47,36.52
74750.0,35.23,37.25
74760.0,36.11,35.45
74770.0,35.13,36.85
74780.0,34.02,35.67
74790.0,35.21,36.8
74800.0,33.77,35.94
74810.0,36.15,36.85
74820.0,36.04,37.4
74830.0,37.58,36.57
74840.0,37.39,37.14
74850.0,37.72,38.04
74860.0,36.25,37.38
74870.0,38.16,38.5
74880.0,37.89,36.59
74890.0,35.83,36.73
74900.0,37.3,38.38
74910.0,37.17,37.23
74920.0,38.3,35.93
74930.0,36.26,36.91
74940.0,35.11,36.21
74950.0,36.21,35.56
74960.0,36.02,34.62
74970.0,35.51,32.98
74980.0,33.48,33.15
74990.0,30.81,33.09
75000.0,72.45,70.47
75010.0,72.75,68.84
75020.0,67.47,68.85
75030.0,65.3,67.18
75040.0,67.5,66.38
75050.0,62.9,64.38
75060.0,61.4,63.83
75070.0,63.17,61.67
75080.0,60.7,60.4
75090.0,58.13,57.46
75100.0,59.03,56.3
75110.0,58.04,54.53
75120.0,57.09,53.11
75130.0,56.06,52.11
75140.0,50.62,49.81
75150.0,49.49,49.35
75160.0,48.12,47.31
75170.0,46.02,45.6
75180.0,44.14,44.39
75190.0,43.21,43.57
75200.0,44.36,41.12
75210.0,40.91,40.67
75220.0,40.51,40.88
75230.0,39.77,38.24
75240.0,37.64,37.96
75250.0,37.98,36.03
75260.0,38.57,36.33
75270.0,39.46,34.98
75280.0,36.14,35.23
75290.0,38.09,35.94
75300.0,34.15,35.14
75310.0,35.05,36.13
75320.0,35.73,35.3
75330.0,35.47,34.96
75340.0,35.23,35.66
75350.0,36.11,36.71
75360.0,35.13,34.55
75370.0,34.02,36.51
75380.0,35.21,35.56
75390.0,33.77,36.84
75400.0,36.15,35.92
75410.0,36.04,37.28
75420.0,37.58,37.99
75430.0,37.39,37.0
75440.0,37.72,37.29
75450.0,36.25,38.2
75460.0,38.16,38.24
75470.0,37.89,38.98
75480.0,35.83,37.3
75490.0,37.3,37.24
75500.0,37.17,38.69
75510.0,38.3,37.4
75520.0,36.26,36.22
75530.0,35.11,36.59
75540.0,36.21,36.04
75550.0,36.02,35.32
75560.0,35.51,33.9
75570.0,33.48,32.09
75580.0,30.81,32.36
75590.0,29.71,32.37
75600.0,72.75,71.51
75610.0,67.47,69.39
75620.0,65.3,69.16
75630.0,67.5,67.57
75640.0,62.9,66.51
75650.0,61.4,64.61
75660.0,63.17,63.85
75670.0,60.7,61.73
75680.0,58.13,60.25
75690.0,59.03,57.49
75700.0,58.04,56.2
75710.0,57.09,53.97
75720.0,56.06,52.87
75730.0,50.62,52.06
75740.0,49.49,49.38
75750.0,48.12,48.87
75760.0,46.02,46.75
75770.0,44.14,45.19
75780.0,43.21,43.51
75790.0,44.36,43.01
75800.0,40.91,40.28
75810.0,40.51,39.85
75820.0,39.77,39.66
75830.0,37.64,37.58
75840.0,37.98,36.98
75850.0,38.57,35.11
75860.0,39.46,35.96
75870.0,36.14,33.97
75880.0,38.09,34.3
75890.0,34.15,34.9
75900.0,35.05,34.0
75910.0,35.73,35.18
75920.0,35.47,34.52
75930.0,35.23,34.1
75940.0,36.11,34.96
75950.0,35.13,35.6
75960.0,34.02,33.36
75970.0,35.21,35.66
75980.0,33.77,34.53
75990.0,36.15,35.81
76000.0,36.04,34.91
76010.0,37.58,36.65
76020.0,37.39,36.95
76030.0,37.72,36.26
76040.0,36.25,36.12
76050.0,38.16,37.14
76060.0,37.89,36.96
76070.0,35.83,38.03
76080.0,37.3,36.37
76090.0,37.17,36.05
76100.0,38.3,37.76
76110.0,36.26,36.38
76120.0,35.11,35.24
76130.0,36.21,35.94
76140.0,36.02,34.92
76150.0,35.51,34.32
76160.0,33.48,32.54
76170.0,30.81,30.71
76180.0,29.71,31.43
76190.0,26.9,31.06
76200.0,67.47,71.26
76210.0,65.3,69.42
76220.0,67.5,69.12
76230.0,62.9,67.38
76240.0,61.4,66.52
76250.0,63.17,64.62
76260.0,60.7,63.57
76270.0,58.13,61.51
76280.0,59.03,60.24
76290.0,58.04,57.29
76300.0,57.09,56.13
76310.0,56.06,54.19
76320.0,50.62,52.57
76330.0,49.49,52.01
76340.0,48.12,49.53
76350.0,46.02,48.87
76360.0,44.14,47.02
76370.0,43.21,45.36
76380.0,44.36,44.05
76390.0,40.91,43.26
76400.0,40.51,40.75
76410.0,39.77,40.31
76420.0,37.64,40.13
76430.0,37.98,38.02
76440.0,38.57,37.49
76450.0,39.46,35.9
76460.0,36.14,36.39
76470.0,38.09,34.66
76480.0,34.15,35.05
76490.0,35.05,35.73
76500.0,35.73,34.85
76510.0,35.47,36.04
76520.0,35.23,35.04
76530.0,36.11,34.94
76540.0,35.13,35.8
76550.0,34.02,36.34
76560.0,35.21,34.43
76570.0,33.77,36.39
76580.0,36.15,35.1
76590.0,36.04,36.24
76600.0,37.58,35.38
76610.0,37.39,37.13
76620.0,37.72,37.34
76630.0,36.25,36.56
76640.0,38.16,36.5
76650.0,37.89,37.37
76660.0,35.83,37.29
76670.0,37.3,38.38
76680.0,37.17,36.28
76690.0,38.3,36.1
76700.0,36.26,37.46
76710.0,35.11,36.14
76720.0,36.21,34.85
76730.0,36.02,35.42
76740.0,35.51,34.16
76750.0,33.48,33.7
76760.0,30.81,31.84
76770.0,29.71,30.22
76780.0,26.9,30.41
76790.0,26.68,30.1
76800.0,65.3,68.44
76810.0,67.5,66.69
76820.0,62.9,66.36
76830.0,61.4,64.24
76840.0,63.17,63.53
76850.0,60.7,60.98
76860.0,58.13,60.38
76870.0,59.03,58.3
76880.0,58.04,56.93
76890.0,57.09,53.79
76900.0,56.06,52.68
76910.0,50.62,50.91
76920.0,49.49,49.37
76930.0,48.12,48.33
76940.0,46.02,46.7
76950.0,44.14,46.05
76960.0,43.21,44.3
76970.0,44.36,42.95
76980.0,40.91,41.85
76990.0,40.51,41.16
77000.0,39.77,38.96
77010.0,37.64,38.55
77020.0,37.98,38.97
77030.0,38.57,36.74
77040.0,39.46,36.59
77050.0,36.14,34.92
77060.0,38.09,35.52
77070.0,34.15,34.58
77080.0,35.05,34.74
77090.0,35.73,35.89
77100.0,35.47,35.26
77110.0,35.23,36.07
77120.0,36.11,35.43
77130.0,35.13,35.38
77140.0,34.02,35.98
77150.0,35.21,37.0
77160.0,33.77,35.1
77170.0,36.15,37.06
77180.0,36.04,36.18
77190.0,37.58,37.41
77200.0,37.39,36.51
77210.0,37.72,37.64
77220.0,36.25,38.24
77230.0,38.16,37.09
77240.0,37.89,37.04
77250.0,35.83,37.65
77260.0,37.3,37.89
77270.0,37.17,38.63
77280.0,38.3,36.52
77290.0,36.26,36.22
77300.0,35.11,37.34
77310.0,36.21,35.9
77320.0,36.02,34.37
77330.0,35.51,34.55
77340.0,33.48,33.67
77350.0,30.81,32.85
77360.0,29.71,31.28
77370.0,26.9,29.47
77380.0,26.68,29.18
77390.0,26.04,29.07
77400.0,67.5,67.34
77410.0,62.9,65.72
77420.0,61.4,65.14
77430.0,63.17,63.1
77440.0,60.7,62.45
77450.0,58.13,59.74
77460.0,59.03,59.3
77470.0,58.04,57.28
77480.0,57.09,55.75
77490.0,56.06,52.89
77500.0,50.62,51.51
77510.0,49.49,49.54
77520.0,48.12,48.35
77530.0,46.02,47.55
77540.0,44.14,45.59
77550.0,43.21,45.06
77560.0,44.36,43.1
77570.0,40.91,42.0
77580.0,40.51,41.02
77590.0,39.77,40.52
77600.0,37.64,38.04
77610.0,37.98,38.02
77620.0,38.57,38.22
77630.0,39.46,36.11
77640.0,36.14,36.18
77650.0,38.09,34.49
77660.0,34.15,35.18
77670.0,35.05,34.3
77680.0,35.73,34.26
77690.0,35.47,35.43
77700.0,35.23,34.96
77710.0,36.11,35.64
77720.0,35.13,35.44
77730.0,34.02,35.2
77740.0,35.21,35.62
77750.0,33.77,37.03
77760.0,36.15,35.2
77770.0,36.04,36.98
77780.0,37.58,36.4
77790.0,37.39,37.57
77800.0,37.72,36.55
77810.0,36.25,37.39
77820.0,38.16,38.15
77830.0,37.89,37.37
77840.0,35.83,37.24
77850.0,37.3,38.05
77860.0,37.17,38.24
77870.0,38.3,38.61
77880.0,36.26,36.62
77890.0,35.11,36.45
77900.0,36.21,37.75
77910.0,36.02,36.07
77920.0,35.51,34.46
77930.0,33.48,34.86
77940.0,30.81,33.92
77950.0,29.71,32.87
77960.0,26.9,31.81
77970.0,26.68,29.66
77980.0,26.04,29.48
77990.0,26.15,29.22
78000.0,62.9,66.95
78010.0,61.4,65.01
78020.0,63.17,64.62
78030.0,60.7,62.34
78040.0,58.13,61.83
78050.0,59.03,58.88
78060.0,58.04,58.22
78070.0,57.09,56.34
78080.0,56.06,54.79
78090.0,50.62,51.69
78100.0,49.49,50.8
78110.0,48.12,49.11
78120.0,46.02,47.38
78130.0,44.14,46.82
78140.0,43.21,45.05
78150.0,44.36,44.42
78160.0,40.91,42.89
78170.0,40.51,41.84
78180.0,39.77,40.4
78190.0,37.64,40.04
78200.0,37.98,38.24
78210.0,38.57,37.77
78220.0,39.46,37.85
78230.0,36.14,36.32
78240.0,38.09,36.01
78250.0,34.15,34.65
78260.0,35.05,35.33
78270.0,35.73,34.08
78280.0,35.47,34.64
78290.0,35.23,35.68
78300.0,36.11,35.02
78310.0,35.13,35.99
78320.0,34.02,35.13
78330.0,35.21,35.48
78340.0,33.77,35.98
78350.0,36.15,36.83
78360.0,36.04,35.05
78370.0,37.58,36.8
78380.0,37.39,35.92
78390.0,37.72,36.79
78400.0,36.25,35.89
78410.0,38.16,37.31
78420.0,37.89,37.4
78430.0,35.83,36.36
78440.0,37.3,35.79
78450.0,37.17,36.52
78460.0,38.3,36.73
78470.0,36.26,37.43
78480.0,35.11,34.99
78490.0,36.21,34.48
78500.0,36.02,35.74
78510.0,35.51,33.8
78520.0,33.48,32.45
78530.0,30.81,32.53
78540.0,29.71,31.2
78550.0,26.9,30.48
78560.0,26.68,28.7
78570.0,26.04,26.95
78580.0,26.15,26.82
78590.0,27.95,26.28
78600.0,61.4,64.32
78610.0,63.17,62.17
78620.0,60.7,61.72
78630.0,58.13,59.2
78640.0,59.03,58.51
78650.0,58.04,55.87
78660.0,57.09,55.49
78670.0,56.06,53.35
78680.0,50.62,51.48
78690.0,49.49,48.71
78700.0,48.12,47.8
78710.0,46.02,46.31
78720.0,44.14,45.08
78730.0,43.21,44.35
78740.0,44.36,42.93
78750.0,40.91,41.9
78760.0,40.51,40.69
78770.0,39.77,40.08
78780.0,37.64,38.78
78790.0,37.98,38.69
78800.0,38.57,36.54
78810.0,39.46,36.54
78820.0,36.14,37.15
78830.0,38.09,35.39
78840.0,34.15,35.4
78850.0,35.05,33.99
78860.0,35.73,35.17
78870.0,35.47,34.1
78880.0,35.23,34.55
78890.0,36.11,35.82
78900.0,35.13,35.21
78910.0,34.02,36.19
78920.0,35.21,35.61
78930.0,33.77,36.04
78940.0,36.15,36.35
78950.0,36.04,37.38
78960.0,37.58,35.34
78970.0,37.39,37.37
78980.0,37.72,36.47
78990.0,36.25,37.34
79000.0,38.16,36.54
79010.0,37.89,37.65
79020.0,35.83,37.69
79030.0,37.3,36.59
79040.0,37.17,35.91
79050.0,38.3,36.61
79060.0,36.26,36.68
79070.0,35.11,37.16
79080.0,36.21,34.38
79090.0,36.02,34.01
79100.0,35.51,34.91
79110.0,33.48,33.11
79120.0,30.81,31.72
79130.0,29.71,31.46
79140.0,26.9,29.97
79150.0,26.68,29.17
79160.0,26.04,27.62
79170.0,26.15,25.52
79180.0,27.95,25.3
79190.0,23.94,24.75
79200.0,63.17,62.65
79210.0,60.7,60.43
79220.0,58.13,59.86
79230.0,59.03,57.26
79240.0,58.04,56.79
79250.0,57.09,53.87
79260.0,56.06,53.24
79270.0,50.62,51.05
79280.0,49.49,49.5
79290.0,48.12,46.54
79300.0,46.02,46.19
79310.0,44.14,44.79
79320.0,43.21,42.97
79330.0,44.36,42.67
79340.0,40.91,41.24
79350.0,40.51,40.13
79360.0,39.77,39.36
79370.0,37.64,38.62
79380.0,37.98,37.63
79390.0,38.57,37.32
79400.0,39.46,36.23
79410.0,36.14,35.93
79420.0,38.09,36.55
79430.0,34.15,34.88
79440.0,35.05,35.17
79450.0,35.73,34.27
79460.0,35.47,35.05
79470.0,35.23,34.07
79480.0,36.11,35.29
79490.0,35.13,36.51
79500.0,34.02,36.12
79510.0,35.21,37.03
79520.0,33.77,35.9
79530.0,36.15,36.81
79540.0,36.04,37.55
79550.0,37.58,38.56
79560.0,37.39,36.68
79570.0,37.72,38.39
79580.0,36.25,37.48
79590.0,38.16,38.05
79600.0,37.89,37.49
79610.0,35.83,38.86
79620.0,37.3,38.48
79630.0,37.17,37.1
79640.0,38.3,36.81
79650.0,36.26,37.19
79660.0,35.11,37.01
79670.0,36.21,37.69
79680.0,36.02,34.71
79690.0,35.51,34.16
79700.0,33.48,35.11
79710.0,30.81,32.52
79720.0,29.71,31.41
79730.0,26.9,30.88
79740.0,26.68,29.39
79750.0,26.04,28.33
79760.0,26.15,26.86
79770.0,27.95,24.4
79780.0,23.94,24.28
79790.0,21.45,23.44
79800.0,60.7,62.8
79810.0,58.13,60.7
79820.0,59.03,60.2
79830.0,58.04,57.63
79840.0,57.09,57.04
79850.0,56.06,53.99
79860.0,50.62,53.69
79870.0,49.49,51.75
79880.0,48.12,50.27
79890.0,46.02,47.09
79900.0,44.14,46.48
79910.0,43.21,45.26
79920.0,44.36,43.54
79930.0,40.91,43.35
79940.0,40.51,41.77
79950.0,39.77,41.17
79960.0,37.64,40.14
79970.0,37.98,39.47
79980.0,38.57,38.44
79990.0,39.46,38.56
80000.0,36.14,36.72
80010.0,38.09,36.81
80020.0,34.15,36.89
80030.0,35.05,35.97
80040.0,35.73,35.73
80050.0,35.47,34.79
80060.0,35.23,35.66
80070.0,36.11,34.85
80080.0,35.13,35.55
80090.0,34.02,36.69
80100.0,35.21,35.86
80110.0,33.77,37.09
80120.0,36.15,36.22
80130.0,36.04,37.03
80140.0,37.58,36.98
80150.0,37.39,38.15
80160.0,37.72,36.51
80170.0,36.25,38.25
80180.0,38.16,36.99
80190.0,37.89,37.54
80200.0,35.83,36.83
80210.0,37.3,37.94
80220.0,37.17,37.67
80230.0,38.3,36.11
80240.0,36.26,35.62
80250.0,35.11,36.01
80260.0,36.21,35.64
80270.0,36.02,36.29
80280.0,35.51,33.25
80290.0,33.48,32.72
80300.0,30.81,33.64
80310.0,29.71,31.36
80320.0,26.9,29.85
80330.0,26.68,29.54
80340.0,26.04,28.06
80350.0,26.15,26.91
80360.0,27.95,25.53
80370.0,23.94,23.3
80380.0,21.45,23.04
80390.0,22.61,22.07
80400.0,58.13,60.84
80410.0,59.03,58.94
80420.0,58.04,58.18
80430.0,57.09,55.57
80440.0,56.06,55.07
80450.0,50.62,52.23
80460.0,49.49,51.62
80470.0,48.12,49.65
80480.0,46.02,48.19
80490.0,44.14,45.19
80500.0,43.21,45.02
80510.0,44.36,43.84
80520.0,40.91,41.87
80530.0,40.51,42.06
80540.0,39.77,40.33
80550.0,37.64,39.55
80560.0,37.98,39.08
80570.0,38.57,38.28
80580.0,39.46,37.45
80590.0,36.14,37.4
80600.0,38.09,36.22
80610.0,34.15,36.27
80620.0,35.05,36.42
80630.0,35.73,35.37
80640.0,35.47,35.54
80650.0,35.23,34.75
80660.0,36.11,35.52
80670.0,35.13,34.71
80680.0,34.02,35.87
80690.0,35.21,37.22
80700.0,33.77,36.52
80710.0,36.15,37.5
80720.0,36.04,36.16
80730.0,37.58,37.54
80740.0,37.39,37.91
80750.0,37.72,39.05
80760.0,36.25,37.47
80770.0,38.16,38.81
80780.0,37.89,37.61
80790.0,35.83,37.83
80800.0,37.3,37.18
80810.0,37.17,38.42
80820.0,38.3,37.99
80830.0,36.26,36.44
80840.0,35.11,36.08
80850.0,36.21,36.27
80860.0,36.02,35.69
80870.0,35.51,36.42
80880.0,33.48,33.14
80890.0,30.81,32.74
80900.0,29.71,33.48
80910.0,26.9,30.78
80920.0,26.68,29.44
80930.0,26.04,28.8
80940.0,26.15,27.36
80950.0,27.95,26.23
80960.0,23.94,24.93
80970.0,21.45,22.42
80980.0,22.61,22.01
80990.0,20.38,21.08
81000.0,59.03,58.26
81010.0,58.04,55.93
81020.0,57.09,55.34
81030.0,56.06,52.75
81040.0,50.62,52.26
81050.0,49.49,49.2
81060.0,48.12,48.81
81070.0,46.02,47.01
81080.0,44.14,45.35
81090.0,43.21,42.62
81100.0,44.36,42.56
81110.0,40.91,41.39
81120.0,40.51,39.96
81130.0,39.77,39.79
81140.0,37.64,38.3
81150.0,37.98,37.9
81160.0,38.57,37.63
81170.0,39.46,37.02
81180.0,36.14,35.58
81190.0,38.09,36.05
81200.0,34.15,35.23
81210.0,35.05,35.25
81220.0,35.73,35.58
81230.0,35.47,34.73
81240.0,35.23,34.79
81250.0,36.11,33.87
81260.0,35.13,35.16
81270.0,34.02,34.1
81280.0,35.21,35.3
81290.0,33.77,36.63
81300.0,36.15,35.88
81310.0,36.04,37.11
81320.0,37.58,35.99
81330.0,37.39,36.88
81340.0,37.72,37.14
81350.0,36.25,38.25
81360.0,38.16,36.28
81370.0,37.89,37.93
81380.0,35.83,36.77
81390.0,37.3,36.98
81400.0,37.17,36.09
81410.0,38.3,37.42
81420.0,36.26,36.73
81430.0,35.11,35.25
81440.0,36.21,34.16
81450.0,36.02,34.38
81460.0,35.51,34.21
81470.0,33.48,34.58
81480.0,30.81,31.12
81490.0,29.71,30.52
81500.0,26.9,31.55
81510.0,26.68,28.44
81520.0,26.04,27.31
81530.0,26.15,26.56
81540.0,27.95,25.06
81550.0,23.94,24.14
81560.0,21.45,22.4
81570.0,22.61,20.13
81580.0,20.38,20.12
81590.0,17.95,18.93
81600.0,58.04,58.03
81610.0,57.09,55.45
81620.0,56.06,55.21
81630.0,50.62,52.5
81640.0,49.49,51.9
81650.0,48.12,49.42
81660.0,46.02,48.87
81670.0,44.14,46.88
81680.0,43.21,45.98
81690.0,44.36,43.12
81700.0,40.91,43.12
81710.0,40.51,42.14
81720.0,39.77,40.83
81730.0,37.64,40.69
81740.0,37.98,39.32
81750.0,38.57,38.81
81760.0,39.46,38.81
81770.0,36.14,38.13
81780.0,38.09,37.46
81790.0,34.15,37.9
81800.0,35.05,36.38
81810.0,35.73,37.06
81820.0,35.47,37.06
81830.0,35.23,36.6
81840.0,36.11,36.35
81850.0,35.13,35.88
81860.0,34.02,36.7
81870.0,35.21,36.06
81880.0,33.77,37.08
81890.0,36.15,38.34
81900.0,36.04,37.26
81910.0,37.58,39.0
81920.0,37.39,37.7
81930.0,37.72,38.44
81940.0,36.25,38.34
81950.0,38.16,39.44
81960.0,37.89,37.85
81970.0,35.83,39.21
81980.0,37.3,37.55
81990.0,37.17,37.61
82000.0,38.3,36.71
82010.0,36.26,38.16
82020.0,35.11,36.92
82030.0,36.21,35.13
82040.0,36.02,34.4
82050.0,35.51,34.32
82060.0,33.48,33.34
82070.0,30.81,34.01
82080.0,29.71,29.94
82090.0,26.9,29.43
82100.0,26.68,30.34
82110.0,26.04,27.07
82120.0,26.15,25.73
82130.0,27.95,25.08
82140.0,23.94,23.22
82150.0,21.45,22.24
82160.0,22.61,20.61
82170.0,20.38,18.2
82180.0,17.95,18.15
82190.0,16.72,16.58
82200.0,57.09,56.82
82210.0,56.06,54.64
82220.0,50.62,54.28
82230.0,49.49,51.62
82240.0,48.12,51.59
82250.0,46.02,48.4
82260.0,44.14,47.88
82270.0,43.21,46.2
82280.0,44.36,45.31
82290.0,40.91,42.28
82300.0,40.51,42.79
82310.0,39.77,41.8
82320.0,37.64,39.83
82330.0,37.98,40.2
82340.0,38.57,38.57
82350.0,39.46,38.48
82360.0,36.14,38.55
82370.0,38.09,37.55
82380.0,34.15,37.03
82390.0,35.05,37.27
82400.0,35.73,36.92
82410.0,35.47,36.96
82420.0,35.23,36.65
82430.0,36.11,36.46
82440.0,35.13,36.36
82450.0,34.02,36.09
82460.0,35.21,36.37
82470.0,33.77,35.69
82480.0,36.15,37.32
82490.0,36.04,38.48
82500.0,37.58,37.53
82510.0,37.39,38.93
82520.0,37.72,37.22
82530.0,36.25,38.3
82540.0,38.16,38.43
82550.0,37.89,39.54
82560.0,35.83,38.26
82570.0,37.3,39.02
82580.0,37.17,37.58
82590.0,38.3,37.41
82600.0,36.26,36.39
82610.0,35.11,37.67
82620.0,36.21,36.66
82630.0,36.02,34.74
82640.0,35.51,34.16
82650.0,33.48,33.76
82660.0,30.81,32.8
82670.0,29.71,33.68
82680.0,26.9,29.53
82690.0,26.68,29.06
82700.0,26.04,30.21
82710.0,26.15,26.33
82720.0,27.95,24.97
82730.0,23.94,24.42
82740.0,21.45,22.91
82750.0,22.61,21.81
82760.0,20.38,20.44
82770.0,17.95,17.85
82780.0,16.72,17.78
82790.0,15.35,16.34
82800.0,56.06,55.42
82810.0,50.62,53.45
82820.0,49.49,52.83
82830.0,48.12,50.21
82840.0,46.02,49.96
82850.0,44.14,47.23
82860.0,43.21,46.58
82870.0,44.36,45.36
82880.0,40.91,43.92
82890.0,40.51,41.01
82900.0,39.77,41.5
82910.0,37.64,40.87
82920.0,37.98,39.12
82930.0,38.57,39.41
82940.0,39.46,37.68
82950.0,36.14,37.95
82960.0,38.09,37.91
82970.0,34.15,37.18
82980.0,35.05,36.35
82990.0,35.73,36.93
83000.0,35.47,36.07
83010.0,35.23,36.29
83020.0,36.11,36.14
83030.0,35.13,35.9
83040.0,34.02,35.86
83050.0,35.21,35.48
83060.0,33.77,36.23
83070.0,36.15,35.46
83080.0,36.04,36.7
83090.0,37.58,37.97
83100.0,37.39,36.84
83110.0,37.72,38.26
83120.0,36.25,36.58
83130.0,38.16,38.04
83140.0,37.89,37.64
83150.0,35.83,38.54
83160.0,37.3,37.16
83170.0,37.17,38.06
83180.0,38.3,36.37
83190.0,36.26,36.25
83200.0,35.11,35.18
83210.0,36.21,36.32
83220.0,36.02,35.52
83230.0,35.51,33.47
83240.0,33.48,32.58
83250.0,30.81,32.19
83260.0,29.71,31.16
83270.0,26.9,31.88
83280.0,26.68,27.86
83290.0,26.04,27.53
83300.0,26.15,28.24
83310.0,27.95,25.02
83320.0,23.94,23.47
83330.0,21.45,22.63
83340.0,22.61,21.23
83350.0,20.38,20.35
83360.0,17.95,18.9
83370.0,16.72,16.41
83380.0,15.35,16.33
83390.0,17.12,15.31
83400.0,50.62,53.87
83410.0,49.49,51.74
83420.0,48.12,51.28
83430.0,46.02,48.78
83440.0,44.14,48.5
83450.0,43.21,45.67
83460.0,44.36,45.27
83470.0,40.91,44.19
83480.0,40.51,42.98
83490.0,39.77,40.0
83500.0,37.64,40.67
83510.0,37.98,40.09
83520.0,38.57,38.57
83530.0,39.46,38.85
83540.0,36.14,37.25
83550.0,38.09,37.87
83560.0,34.15,37.83
83570.0,35.05,37.15
83580.0,35.73,36.25
83590.0,35.47,37.04
83600.0,35.23,36.37
83610.0,36.11,36.77
83620.0,35.13,36.54
83630.0,34.02,36.42
83640.0,35.21,36.29
83650.0,33.77,35.8
83660.0,36.15,36.68
83670.0,36.04,35.94
83680.0,37.58,37.09
83690.0,37.39,38.23
83700.0,37.72,36.93
83710.0,36.25,38.59
83720.0,38.16,36.72
83730.0,37.89,38.02
83740.0,35.83,37.57
83750.0,37.3,38.34
83760.0,37.17,36.91
83770.0,38.3,37.73
83780.0,36.26,35.76
83790.0,35.11,35.63
83800.0,36.21,34.35
83810.0,36.02,35.6
83820.0,35.51,34.52
83830.0,33.48,32.28
83840.0,30.81,31.13
83850.0,29.71,30.64
83860.0,26.9,29.63
83870.0,26.68,30.2
83880.0,26.04,26.14
83890.0,26.15,25.65
83900.0,27.95,26.45
83910.0,23.94,23.02
83920.0,21.45,21.56
83930.0,22.61,20.81
83940.0,20.38,19.28
83950.0,17.95,18.43
83960.0,16.72,16.83
83970.0,15.35,14.48
83980.0,17.12,14.67
83990.0,13.91,13.53
84000.0,49.49,50.69
84010.0,48.12,48.69
84020.0,46.02,48.33
84030.0,44.14,45.94
84040.0,43.21,45.9
84050.0,44.36,42.89
84060.0,40.91,42.77
84070.0,40.51,41.93
84080.0,39.77,40.56
84090.0,37.64,37.95
84100.0,37.98,38.64
84110.0,38.57,38.35
84120.0,39.46,36.74
84130.0,36.14,37.25
84140.0,38.09,35.86
84150.0,34.15,36.77
84160.0,35.05,36.54
84170.0,35.73,36.15
84180.0,35.47,35.41
84190.0,35.23,36.28
84200.0,36.11,36.1
84210.0,35.13,36.29
84220.0,34.02,36.52
84230.0,35.21,35.99
84240.0,33.77,36.25
84250.0,36.15,35.55
84260.0,36.04,36.46
84270.0,37.58,36.06
84280.0,37.39,37.31
84290.0,37.72,38.36
84300.0,36.25,37.16
84310.0,38.16,38.66
84320.0,37.89,36.66
84330.0,35.83,37.91
84340.0,37.3,37.4
84350.0,37.17,38.29
84360.0,38.3,36.77
84370.0,36.26,37.15
84380.0,35.11,35.55
84390.0,36.21,35.27
84400.0,36.02,33.91
84410.0,35.51,34.91
84420.0,33.48,33.78
84430.0,30.81,31.56
84440.0,29.71,30.32
84450.0,26.9,29.81
84460.0,26.68,29.05
84470.0,26.04,29.25
84480.0,26.15,25.18
84490.0,27.95,25.0
84500.0,23.94,25.56
84510.0,21.45,22.07
84520.0,22.61,20.84
84530.0,20.38,19.84
84540.0,17.95,18.29
84550.0,16.72,17.51
84560.0,15.35,16.28
84570.0,17.12,13.92
84580.0,13.91,14.14
84590.0,11.38,13.3
84600.0,48.12,49.6
84610.0,46.02,47.83
84620.0,44.14,47.35
84630.0,43.21,45.18
84640.0,44.36,45.34
84650.0,40.91,42.31
84660.0,40.51,42.35
84670.0,39.77,41.45
84680.0,37.64,40.06
84690.0,37.98,37.7
84700.0,38.57,38.86
84710.0,39.46,38.26
84720.0,36.14,36.74
84730.0,38.09,37.48
84740.0,34.15,36.04
84750.0,35.05,36.65
84760.0,35.73,36.76
84770.0,35.47,36.33
84780.0,35.23,35.65
84790.0,36.11,36.57
84800.0,35.13,36.44
84810.0,34.02,36.72
84820.0,35.21,36.76
84830.0,33.77,36.34
84840.0,36.15,36.53
84850.0,36.04,35.76
84860.0,37.58,36.76
84870.0,37.39,36.03
84880.0,37.72,37.27
84890.0,36.25,38.27
84900.0,38.16,37.16
84910.0,37.89,38.13
84920.0,35.83,36.17
84930.0,37.3,37.22
84940.0,37.17,37.29
84950.0,38.3,37.86
84960.0,36.26,36.31
84970.0,35.11,36.35
84980.0,36.21,34.56
84990.0,36.02,34.35
85000.0,35.51,32.84
85010.0,33.48,33.62
85020.0,30.81,32.42
85030.0,29.71,30.4
85040.0,26.9,29.14
85050.0,26.68,28.42
85060.0,26.04,27.45
85070.0,26.15,27.76
85080.0,27.95,23.54
85090.0,23.94,23.35
85100.0,21.45,24.25
85110.0,22.61,20.45
85120.0,20.38,19.27
85130.0,17.95,18.58
85140.0,16.72,16.83
85150.0,15.35,16.2
85160.0,17.12,15.32
85170.0,13.91,12.82
85180.0,11.38,12.97
85190.0,11.38,12.44
85200.0,46.02,47.9
85210.0,44.14,45.78
85220.0,43.21,45.55
85230.0,44.36,43.52
85240.0,40.91,43.54
85250.0,40.51,40.51
85260.0,39.77,40.7
85270.0,37.64,40.03
85280.0,37.98,38.99
85290.0,38.57,36.59
85300.0,39.46,37.59
85310.0,36.14,37.25
85320.0,38.09,35.79
85330.0,34.15,36.5
85340.0,35.05,35.41
85350.0,35.73,36.35
85360.0,35.47,36.36
85370.0,35.23,36.03
85380.0,36.11,35.29
85390.0,35.13,36.36
85400.0,34.02,36.4
85410.0,35.21,36.57
85420.0,33.77,36.97
85430.0,36.15,36.51
85440.0,36.04,36.63
85450.0,37.58,35.79
85460.0,37.39,36.84
85470.0,37.72,36.3
85480.0,36.25,37.44
85490.0,38.16,38.33
85500.0,37.89,37.05
85510.0,35.83,38.32
85520.0,37.3,36.04
85530.0,37.17,37.08
85540.0,38.3,36.79
85550.0,36.26,37.41
85560.0,35.11,35.75
85570.0,36.21,35.77
85580.0,36.02,33.93
85590.0,35.51,33.58
85600.0,33.48,32.0
85610.0,30.81,32.92
85620.0,29.71,31.42
85630.0,26.9,29.17
85640.0,26.68,27.73
85650.0,26.04,27.09
85660.0,26.15,26.12
85670.0,27.95,26.28
85680.0,23.94,22.29
85690.0,21.45,21.95
85700.0,22.61,22.56
85710.0,20.38,18.97
85720.0,17.95,17.86
85730.0,16.72,17.18
85740.0,15.35,15.42
85750.0,17.12,14.77
85760.0,13.91,13.59
85770.0,11.38,11.54
85780.0,11.38,11.92
85790.0,10.6,11.31
85800.0,44.14,46.59
85810.0,43.21,44.1
85820.0,44.36,43.73
85830.0,40.91,41.85
85840.0,40.51,41.59
85850.0,39.77,39.03
85860.0,37.64,39.06
85870.0,37.98,38.46
85880.0,38.57,37.39
85890.0,39.46,35.13
85900.0,36.14,36.13
85910.0,38.09,35.8
85920.0,34.15,34.67
85930.0,35.05,35.03
85940.0,35.73,34.23
85950.0,35.47,35.03
85960.0,35.23,35.08
85970.0,36.11,34.97
85980.0,35.13,34.38
85990.0,34.02,35.38
86000.0,35.21,35.08
86010.0,33.77,35.33
86020.0,36.15,36.31
86030.0,36.04,35.49
86040.0,37.58,35.78
86050.0,37.39,35.09
86060.0,37.72,36.3
86070.0,36.25,35.86
86080.0,38.16,36.88
86090.0,37.89,37.78
86100.0,35.83,36.68
86110.0,37.3,37.86
86120.0,37.17,35.66
86130.0,38.3,36.55
86140.0,36.26,36.36
86150.0,35.11,36.65
86160.0,36.21,34.91
86170.0,36.02,35.16
86180.0,35.51,33.24
86190.0,33.48,33.19
86200.0,30.81,31.64
86210.0,29.71,32.46
86220.0,26.9,31.05
86230.0,26.68,28.51
86240.0,26.04,27.3
86250.0,26.15,26.58
86260.0,27.95,25.27
86270.0,23.94,25.6
86280.0,21.45,21.88
86290.0,22.61,21.4
86300.0,20.38,21.71
86310.0,17.95,18.58
86320.0,16.72,17.35
86330.0,15.35,16.67
86340.0,17.12,15.03
86350.0,13.91,14.27
86360.0,11.38,13.18
86370.0,11.38,10.96
86380.0,10.6,11.46
86390.0,8.46,11.19
86400.0,43.21,44.72
86410.0,44.36,42.76
86420.0,40.91,42.27
86430.0,40.51,40.71
86440.0,39.77,40.83
86450.0,37.64,38.17
86460.0,37.98,38.59
86470.0,38.57,38.14
86480.0,39.46,36.94
86490.0,36.14,34.98
86500.0,38.09,36.27
86510.0,34.15,36.15
86520.0,35.05,34.98
86530.0,35.73,35.71
86540.0,35.47,34.88
86550.0,35.23,35.93
86560.0,36.11,36.0
86570.0,35.13,35.91
86580.0,34.02,35.08
86590.0,35.21,36.34
86600.0,33.77,36.26
86610.0,36.15,36.44
86620.0,36.04,37.33
86630.0,37.58,36.58
86640.0,37.39,36.87
86650.0,37.72,35.68
86660.0,36.25,37.18
86670.0,38.16,36.39
86680.0,37.89,37.2
86690.0,35.83,37.93
86700.0,37.3,36.73
86710.0,37.17,37.43
86720.0,38.3,35.12
86730.0,36.26,36.04
86740.0,35.11,35.96
86750.0,36.21,35.8
86760.0,36.02,34.02
86770.0,35.51,33.79
86780.0,33.48,31.58
86790.0,30.81,31.34
86800.0,29.71,29.76
86810.0,26.9,30.51
86820.0,26.68,28.86
86830.0,26.04,26.52
86840.0,26.15,24.77
86850.0,27.95,24.11
86860.0,23.94,23.02
86870.0,21.45,23.06
86880.0,22.61,19.51
86890.0,20.38,19.02
86900.0,17.95,19.26
86910.0,16.72,16.29
86920.0,15.35,15.12
86930.0,17.12,14.65
86940.0,13.91,12.69
86950.0,11.38,12.39
86960.0,11.38,11.39
86970.0,10.6,9.53
86980.0,8.46,10.07
86990.0,10.46,10.19
87000.0,44.36,43.6
87010.0,40.91,41.83
87020.0,40.51,41.65
87030.0,39.77,40.14
87040.0,37.64,40.38
87050.0,37.98,37.47
87060.0,38.57,38.23
87070.0,39.46,37.76
87080.0,36.14,37.25
87090.0,38.09,34.99
87100.0,34.15,36.35
87110.0,35.05,36.32
87120.0,35.73,34.95
87130.0,35.47,35.97
87140.0,35.23,35.13
87150.0,36.11,36.64
87160.0,35.13,36.55
87170.0,34.02,36.26
87180.0,35.21,36.0
87190.0,33.77,37.11
87200.0,36.15,37.17
87210.0,36.04,37.44
87220.0,37.58,38.22
87230.0,37.39,37.56
87240.0,37.72,37.88
87250.0,36.25,36.68
87260.0,38.16,37.53
87270.0,37.89,37.29
87280.0,35.83,37.99
87290.0,37.3,38.54
87300.0,37.17,37.21
87310.0,38.3,37.85
87320.0,36.26,35.38
87330.0,35.11,36.22
87340.0,36.21,35.9
87350.0,36.02,35.96
87360.0,35.51,34.4
87370.0,33.48,33.77
87380.0,30.81,31.48
87390.0,29.71,31.09
87400.0,26.9,29.4
87410.0,26.68,30.06
87420.0,26.04,28.31
87430.0,26.15,25.66
87440.0,27.95,24.26
87450.0,23.94,23.39
87460.0,21.45,22.24
87470.0,22.61,22.18
87480.0,20.38,18.77
87490.0,17.95,18.3
87500.0,16.72,18.57
87510.0,15.35,15.43
87520.0,17.12,14.16
87530.0,13.91,13.89
87540.0,11.38,12.24
87550.0,11.38,11.67
87560.0,10.6,11.01
87570.0,8.46,9.19
87580.0,10.46,9.8
87590.0,8.3,9.84
87600.0,40.91,43.4
87610.0,40.51,41.4
87620.0,39.77,41.28
87630.0,37.64,39.85
87640.0,37.98,40.31
87650.0,38.57,37.51
87660.0,39.46,38.08
87670.0,36.14,37.56
87680.0,38.09,37.17
87690.0,34.15,34.77
87700.0,35.05,36.37
87710.0,35.73,36.56
87720.0,35.47,35.02
87730.0,35.23,35.97
87740.0,36.11,35.19
87750.0,35.13,36.71
87760.0,34.02,36.85
87770.0,35.21,36.51
87780.0,33.77,35.85
87790.0,36.15,36.87
87800.0,36.04,37.24
87810.0,37.58,37.12
87820.0,37.39,38.01
87830.0,37.72,37.44
87840.0,36.25,37.71
87850.0,38.16,36.53
87860.0,37.89,37.21
87870.0,35.83,36.61
87880.0,37.3,37.6
87890.0,37.17,38.0
87900.0,38.3,36.74
87910.0,36.26,37.16
87920.0,35.11,34.5
87930.0,36.21,35.53
87940.0,36.02,35.29
87950.0,35.51,34.83
87960.0,33.48,33.13
87970.0,30.81,32.73
87980.0,29.71,30.05
87990.0,26.9,29.76
88000.0,26.68,28.16
88010.0,26.04,28.99
88020.0,26.15,27.27
88030.0,27.95,24.43
88040.0,23.94,22.8
88050.0,21.45,21.86
88060.0,22.61,20.69
88070.0,20.38,20.97
88080.0,17.95,17.74
88090.0,16.72,16.97
88100.0,15.35,17.08
88110.0,17.12,14.35
88120.0,13.91,13.0
88130.0,11.38,12.72
88140.0,11.38,11.19
88150.0,10.6,10.97
88160.0,8.46,9.79
88170.0,10.46,8.46
88180.0,8.3,9.06
88190.0,9.83,9.39
88200.0,40.51,41.55
88210.0,39.77,39.68
88220.0,37.64,39.48
88230.0,37.98,38.19
88240.0,38.57,38.65
88250.0,39.46,36.09
88260.0,36.14,36.74
88270.0,38.09,36.54
88280.0,34.15,35.79
88290.0,35.05,33.69
88300.0,35.73,35.16
88310.0,35.47,35.51
88320.0,35.23,34.26
88330.0,36.11,35.1
88340.0,35.13,34.34
88350.0,34.02,36.12
88360.0,35.21,36.05
88370.0,33.77,35.99
88380.0,36.15,35.13
88390.0,36.04,36.31
88400.0,37.58,36.44
88410.0,37.39,36.22
88420.0,37.72,37.51
88430.0,36.25,36.57
88440.0,38.16,37.06
88450.0,37.89,35.64
88460.0,35.83,36.58
88470.0,37.3,36.01
88480.0,37.17,36.63
88490.0,38.3,37.0
88500.0,36.26,35.87
88510.0,35.11,36.08
88520.0,36.21,33.63
88530.0,36.02,34.4
88540.0,35.51,33.92
88550.0,33.48,33.41
88560.0,30.81,31.51
88570.0,29.71,31.14
88580.0,26.9,28.69
88590.0,26.68,28.49
88600.0,26.04,26.9
88610.0,26.15,27.33
88620.0,27.95,25.88
88630.0,23.94,23.12
88640.0,21.45,21.39
88650.0,22.61,20.64
88660.0,20.38,19.57
88670.0,17.95,19.66
88680.0,16.72,16.7
88690.0,15.35,16.19
88700.0,17.12,16.04
88710.0,13.91,13.81
88720.0,11.38,12.54
88730.0,11.38,12.22
88740.0,10.6,10.84
88750.0,8.46,10.77
88760.0,10.46,9.86
88770.0,8.3,8.56
88780.0,9.83,9.42
88790.0,9.47,10.14
88800.0,39.77,40.73
88810.0,37.64,39.0
88820.0,37.98,38.9
88830.0,38.57,37.81
88840.0,39.46,38.64
88850.0,36.14,35.8
88860.0,38.09,36.71
88870.0,34.15,36.55
88880.0,35.05,35.98
88890.0,35.73,33.82
88900.0,35.47,35.57
88910.0,35.23,35.86
88920.0,36.11,34.51
88930.0,35.13,35.53
88940.0,34.02,34.72
88950.0,35.21,36.68
88960.0,33.77,36.73
88970.0,36.15,36.47
88980.0,36.04,35.49
88990.0,37.58,36.7
89000.0,37.39,37.13
89010.0,37.72,36.62
89020.0,36.25,37.68
89030.0,38.16,36.92
89040.0,37.89,37.32
89050.0,35.83,35.69
89060.0,37.3,36.43
89070.0,37.17,35.75
89080.0,38.3,36.34
89090.0,36.26,36.51
89100.0,35.11,35.43
89110.0,36.21,35.28
89120.0,36.02,32.8
89130.0,35.51,33.33
89140.0,33.48,32.88
89150.0,30.81,32.33
89160.0,29.71,30.36
89170.0,26.9,29.91
89180.0,26.68,27.32
89190.0,26.04,26.99
89200.0,26.15,25.43
89210.0,27.95,25.64
89220.0,23.94,24.25
89230.0,21.45,21.55
89240.0,22.61,19.78
89250.0,20.38,18.93
89260.0,17.95,17.94
89270.0,16.72,18.12
89280.0,15.35,15.28
89290.0,17.12,14.74
89300.0,13.91,14.85
89310.0,11.38,12.6
89320.0,11.38,11.36
89330.0,10.6,11.33
89340.0,8.46,10.18
89350.0,10.46,10.24
89360.0,8.3,9.48
89370.0,9.83,8.47
89380.0,9.47,9.35
89390.0,10.53,10.29
89400.0,37.64,39.99
89410.0,37.98,38.14
89420.0,38.57,38.17
89430.0,39.46,37.22
89440.0,36.14,38.02
89450.0,38.09,35.29
89460.0,34.15,36.32
89470.0,35.05,35.95
89480.0,35.73,36.08
89490.0,35.47,33.72
89500.0,35.23,35.56
89510.0,36.11,36.01
89520.0,35.13,34.55
89530.0,34.02,35.53
89540.0,35.21,34.98
89550.0,33.77,36.9
89560.0,36.15,37.02
89570.0,36.04,36.66
89580.0,37.58,36.21
89590.0,37.39,37.18
89600.0,37.72,37.48
89610.0,36.25,37.23
89620.0,38.16,38.33
89630.0,37.89,37.55
89640.0,35.83,37.91
89650.0,37.3,36.42
89660.0,37.17,36.74
89670.0,38.3,36.33
89680.0,36.26,37.06
89690.0,35.11,37.03
89700.0,36.21,35.89
89710.0,36.02,35.76
89720.0,35.51,33.08
89730.0,33.48,33.46
89740.0,30.81,33.07
89750.0,29.71,32.42
89760.0,26.9,30.59
89770.0,26.68,29.9
89780.0,26.04,27.14
89790.0,26.15,26.79
89800.0,27.95,25.25
89810.0,23.94,25.53
89820.0,21.45,23.94
89830.0,22.61,20.86
89840.0,20.38,19.56
89850.0,17.95,18.38
89860.0,16.72,17.17
89870.0,15.35,17.45
89880.0,17.12,14.77
89890.0,13.91,14.02
89900.0,11.38,14.12
89910.0,11.38,11.94
89920.0,10.6,10.56
89930.0,8.46,10.55
89940.0,10.46,9.73
89950.0,8.3,9.66
89960.0,9.83,9.03
89970.0,9.47,8.05
89980.0,10.53,8.97
89990.0,14.18,9.89
90000.0,37.98,38.57
90010.0,38.57,36.77
90020.0,39.46,36.94
90030.0,36.14,36.09
90040.0,38.09,36.98
90050.0,34.15,34.26
90060.0,35.05,35.51
90070.0,35.73,35.17
90080.0,35.47,35.31
90090.0,35.23,33.13
90100.0,36.11,35.08
90110.0,35.13,35.28
90120.0,34.02,34.28
90130.0,35.21,35.27
90140.0,33.77,34.83
90150.0,36.15,36.53
90160.0,36.04,36.65
90170.0,37.58,36.49
90180.0,37.39,35.75
90190.0,37.72,36.84
90200.0,36.25,37.29
90210.0,38.16,37.05
90220.0,37.89,38.08
90230.0,35.83,37.24
90240.0,37.3,37.48
90250.0,37.17,35.61
90260.0,38.3,36.28
90270.0,36.26,35.58
90280.0,35.11,36.11
90290.0,36.21,36.14
90300.0,36.02,34.98
90310.0,35.51,34.56
90320.0,33.48,32.02
90330.0,30.81,31.89
90340.0,29.71,31.9
90350.0,26.9,31.08
90360.0,26.68,29.12
90370.0,26.04,28.33
90380.0,26.15,25.69
90390.0,27.95,25.25
90400.0,23.94,23.57
90410.0,21.45,23.86
90420.0,22.61,22.16
90430.0,20.38,19.33
90440.0,17.95,17.84
90450.0,16.72,16.92
90460.0,15.35,15.98
90470.0,17.12,16.04
90480.0,13.91,13.56
90490.0,11.38,12.68
90500.0,11.38,13.13
90510.0,10.6,10.88
90520.0,8.46,9.88
90530.0,10.46,10.17
90540.0,8.3,9.17
90550.0,9.83,9.38
90560.0,9.47,8.7
90570.0,10.53,8.12
90580.0,14.18,9.3
90590.0,10.22,10.13
90600.0,38.57,38.52
90610.0,39.46,36.87
90620.0,36.14,37.16
90630.0,38.09,36.3
90640.0,34.15,37.23
90650.0,35.05,35.01
90660.0,35.73,36.15
90670.0,35.47,35.79
90680.0,35.23,36.01
90690.0,36.11,33.8
90700.0,35.13,35.69
90710.0,34.02,36.05
90720.0,35.21,35.25
90730.0,33.77,36.17
90740.0,36.15,35.51
90750.0,36.04,37.37
90760.0,37.58,37.47
90770.0,37.39,37.1
90780.0,37.72,36.49
90790.0,36.25,37.6
90800.0,38.16,37.42
90810.0,37.89,37.39
90820.0,35.83,38.3
90830.0,37.3,37.46
90840.0,37.17,37.71
90850.0,38.3,35.82
90860.0,36.26,36.17
90870.0,35.11,35.49
90880.0,36.21,35.62
90890.0,36.02,35.7
90900.0,35.51,34.29
90910.0,33.48,33.84
90920.0,30.81,31.35
90930.0,29.71,31.31
90940.0,26.9,30.75
90950.0,26.68,30.15
90960.0,26.04,28.2
90970.0,26.15,27.47
90980.0,27.95,24.5
90990.0,23.94,24.01
91000.0,21.45,22.31
91010.0,22.61,22.57
91020.0,20.38,21.05
91030.0,17.95,18.32
91040.0,16.72,16.95
91050.0,15.35,15.9
91060.0,17.12,14.77
91070.0,13.91,15.01
91080.0,11.38,12.5
91090.0,11.38,11.97
91100.0,10.6,12.31
91110.0,8.46,10.58
91120.0,10.46,9.32
91130.0,8.3,9.68
91140.0,9.83,9.09
91150.0,9.47,9.55
91160.0,10.53,8.9
91170.0,14.18,8.59
91180.0,10.22,9.71
91190.0,11.66,10.77
91200.0,39.46,37.91
91210.0,36.14,36.95
91220.0,38.09,36.97
91230.0,34.15,36.36
91240.0,35.05,37.75
91250.0,35.73,35.37
91260.0,35.47,36.41
91270.0,35.23,36.35
91280.0,36.11,36.26
91290.0,35.13,34.13
91300.0,34.02,36.36
91310.0,35.21,36.66
91320.0,33.77,35.59
91330.0,36.15,36.98
91340.0,36.04,35.76
91350.0,37.58,37.84
91360.0,37.39,38.07
91370.0,37.72,37.37
91380.0,36.25,36.28
91390.0,38.16,37.34
91400.0,37.89,37.94
91410.0,35.83,37.22
91420.0,37.3,37.56
91430.0,37.17,37.04
91440.0,38.3,37.13
91450.0,36.26,35.07
91460.0,35.11,35.39
91470.0,36.21,33.97
91480.0,36.02,34.48
91490.0,35.51,34.32
91500.0,33.48,32.97
91510.0,30.81,31.8
91520.0,29.71,29.31
91530.0,26.9,29.57
91540.0,26.68,29.03
91550.0,26.04,28.34
91560.0,26.15,26.46
91570.0,27.95,25.56
91580.0,23.94,22.46
91590.0,21.45,21.6
91600.0,22.61,19.98
91610.0,20.38,20.12
91620.0,17.95,18.91
91630.0,16.72,16.56
91640.0,15.35,15.03
91650.0,17.12,14.02
91660.0,13.91,12.96
91670.0,11.38,13.45
91680.0,11.38,11.36
91690.0,10.6,10.86
91700.0,8.46,11.53
91710.0,10.46,9.87
91720.0,8.3,8.62
91730.0,9.83,9.38
91740.0,9.47,9.14
91750.0,10.53,10.02
91760.0,14.18,9.32
91770.0,10.22,9.5
91780.0,11.66,10.68
91790.0,9.47,12.22
91800.0,36.14,38.34
91810.0,38.09,37.15
91820.0,34.15,37.58
91830.0,35.05,36.83
91840.0,35.73,38.43
91850.0,35.47,36.07
91860.0,35.23,36.99
91870.0,36.11,36.62
91880.0,35.13,36.94
91890.0,34.02,34.57
91900.0,35.21,37.07
91910.0,33.77,37.02
91920.0,36.15,35.97
91930.0,36.04,37.14
91940.0,37.58,36.0
91950.0,37.39,37.78
91960.0,37.72,38.17
91970.0,36.25,37.19
91980.0,38.16,36.37
91990.0,37.89,37.02
92000.0,35.83,37.75
92010.0,37.3,37.01
92020.0,37.17,37.19
92030.0,38.3,36.45
92040.0,36.26,36.68
92050.0,35.11,34.93
92060.0,36.21,34.37
92070.0,36.02,32.94
92080.0,35.51,33.56
92090.0,33.48,33.41
92100.0,30.81,32.29
92110.0,29.71,31.0
92120.0,26.9,28.42
92130.0,26.68,28.33
92140.0,26.04,28.08
92150.0,26.15,27.55
92160.0,27.95,25.58
92170.0,23.94,24.75
92180.0,21.45,21.79
92190.0,22.61,21.2
92200.0,20.38,19.3
92210.0,17.95,19.51
92220.0,16.72,18.54
92230.0,15.35,16.15
92240.0,17.12,15.11
92250.0,13.91,14.07
92260.0,11.38,12.97
92270.0,11.38,13.61
92280.0,10.6,11.39
92290.0,8.46,10.92
92300.0,10.46,12.1
92310.0,8.3,10.18
92320.0,9.83,9.01
92330.0,9.47,10.04
92340.0,10.53,10.05
92350.0,14.18,11.05
92360.0,10.22,10.27
92370.0,11.66,10.6
92380.0,9.47,11.94
92390.0,12.59,13.36
92400.0,38.09,36.3
92410.0,34.15,35.18
92420.0,35.05,35.85
92430.0,35.73,35.36
92440.0,35.47,37.14
92450.0,35.23,34.69
92460.0,36.11,35.99
92470.0,35.13,35.54
92480.0,34.02,36.26
92490.0,35.21,34.15
92500.0,33.77,36.75
92510.0,36.15,36.68
92520.0,36.04,35.86
92530.0,37.58,37.17
92540.0,37.39,36.34
92550.0,37.72,38.1
92560.0,36.25,38.28
92570.0,38.16,37.57
92580.0,37.89,36.8
92590.0,35.83,37.57
92600.0,37.3,38.42
92610.0,37.17,37.74
92620.0,38.3,38.0
92630.0,36.26,37.22
92640.0,35.11,37.2
92650.0,36.21,35.13
92660.0,36.02,34.78
92670.0,35.51,33.24
92680.0,33.48,33.91
92690.0,30.81,33.33
92700.0,29.71,32.26
92710.0,26.9,30.92
92720.0,26.68,28.34
92730.0,26.04,27.58
92740.0,26.15,27.58
92750.0,27.95,26.8
92760.0,23.94,24.88
92770.0,21.45,23.54
92780.0,22.61,20.72
92790.0,20.38,19.98
92800.0,17.95,18.05
92810.0,16.72,18.38
92820.0,15.35,16.86
92830.0,17.12,14.72
92840.0,13.91,13.57
92850.0,11.38,12.57
92860.0,11.38,11.81
92870.0,10.6,12.05
92880.0,8.46,9.99
92890.0,10.46,9.53
92900.0,8.3,11.04
92910.0,9.83,8.89
92920.0,9.47,8.2
92930.0,10.53,9.4
92940.0,14.18,9.13
92950.0,10.22,10.5
92960.0,11.66,9.95
92970.0,9.47,10.45
92980.0,12.59,12.27
92990.0,15.77,13.58
93000.0,34.15,37.08
93010.0,35.05,35.94
93020.0,35.73,36.54
93030.0,35.47,36.15
93040.0,35.23,37.74
93050.0,36.11,35.75
93060.0,35.13,36.81
93070.0,34.02,36.57
93080.0,35.21,36.91
93090.0,33.77,34.8
93100.0,36.15,37.21
93110.0,36.04,37.23
93120.0,37.58,36.57
93130.0,37.39,37.69
93140.0,37.72,36.66
93150.0,36.25,38.26
93160.0,38.16,38.6
93170.0,37.89,37.81
93180.0,35.83,36.4
93190.0,37.3,37.24
93200.0,37.17,37.8
93210.0,38.3,36.81
93220.0,36.26,36.98
93230.0,35.11,36.22
93240.0,36.21,35.93
93250.0,36.02,33.83
93260.0,35.51,33.63
93270.0,33.48,31.66
93280.0,30.81,32.15
93290.0,29.71,31.5
93300.0,26.9,30.23
93310.0,26.68,28.89
93320.0,26.04,26.37
93330.0,26.15,25.88
93340.0,27.95,25.38
93350.0,23.94,24.83
93360.0,21.45,22.66
93370.0,22.61,21.97
93380.0,20.38,18.74
93390.0,17.95,17.94
93400.0,16.72,16.21
93410.0,15.35,16.4
93420.0,17.12,15.36
93430.0,13.91,13.5
93440.0,11.38,12.15
93450.0,11.38,11.3
93460.0,10.6,10.4
93470.0,8.46,11.19
93480.0,10.46,9.32
93490.0,8.3,9.05
93500.0,9.83,10.4
93510.0,9.47,9.03
93520.0,10.53,8.29
93530.0,14.18,9.65
93540.0,10.22,9.87
93550.0,11.66,11.56
93560.0,9.47,10.63
93570.0,12.59,11.7
93580.0,15.77,13.45
93590.0,15.64,15.22
93600.0,35.05,35.51
93610.0,35.73,34.47
93620.0,35.47,35.22
93630.0,35.23,34.81
93640.0,36.11,36.66
93650.0,35.13,34.67
93660.0,34.02,35.86
93670.0,35.21,35.69
93680.0,33.77,36.15
93690.0,36.15,34.29
93700.0,36.04,36.71
93710.0,37.58,36.63
93720.0,37.39,36.28
93730.0,37.72,37.12
93740.0,36.25,36.47
93750.0,38.16,37.9
93760.0,37.89,37.96
93770.0,35.83,37.41
93780.0,37.3,36.36
93790.0,37.17,37.07
93800.0,38.3,37.42
93810.0,36.26,36.63
93820.0,35.11,36.95
93830.0,36.21,35.87
93840.0,36.02,35.67
93850.0,35.51,33.56
93860.0,33.48,33.17
93870.0,30.81,31.35
93880.0,29.71,31.68
93890.0,26.9,30.91
93900.0,26.68,29.86
93910.0,26.04,28.28
93920.0,26.15,26.03
93930.0,27.95,24.98
93940.0,23.94,24.55
93950.0,21.45,24.09
93960.0,22.61,22.04
93970.0,20.38,20.86
93980.0,17.95,18.1
93990.0,16.72,17.5
94000.0,15.35,15.66
94010.0,17.12,15.56
94020.0,13.91,14.58
94030.0,11.38,12.85
94040.0,11.38,11.88
94050.0,10.6,10.97
94060.0,8.46,10.11
94070.0,10.46,10.76
94080.0,8.3,9.08
94090.0,9.83,9.08
94100.0,9.47,10.63
94110.0,10.53,9.23
94120.0,14.18,8.66
94130.0,10.22,10.25
94140.0,11.66,10.49
94150.0,9.47,12.36
94160.0,12.59,12.09
94170.0,15.77,12.88
94180.0,15.64,14.96
94190.0,15.05,16.84
94200.0,35.73,35.65
94210.0,35.47,34.37
94220.0,35.23,35.37
94230.0,36.11,34.9
94240.0,35.13,36.6
94250.0,34.02,34.79
94260.0,35.21,35.87
94270.0,33.77,35.84
94280.0,36.15,36.29
94290.0,36.04,34.32
94300.0,37.58,36.53
94310.0,37.39,36.65
94320.0,37.72,36.38
94330.0,36.25,36.88
94340.0,38.16,36.37
94350.0,37.89,37.85
94360.0,35.83,37.8
94370.0,37.3,37.25
94380.0,37.17,35.8
94390.0,38.3,36.45
94400.0,36.26,36.9
94410.0,35.11,35.89
94420.0,36.21,36.25
94430.0,36.02,35.05
94440.0,35.51,34.64
94450.0,33.48,32.51
94460.0,30.81,32.16
94470.0,29.71,30.28
94480.0,26.9,30.53
94490.0,26.68,29.6
94500.0,26.04,28.38
94510.0,26.15,27.18
94520.0,27.95,24.8
94530.0,23.94,23.65
94540.0,21.45,23.03
94550.0,22.61,22.57
94560.0,20.38,20.38
94570.0,17.95,19.59
94580.0,16.72,16.78
94590.0,15.35,16.14
94600.0,17.12,14.51
94610.0,13.91,14.63
94620.0,11.38,13.61
94630.0,11.38,11.83
94640.0,10.6,10.86
94650.0,8.46,10.18
94660.0,10.46,9.5
94670.0,8.3,10.33
94680.0,9.83,8.86
94690.0,9.47,8.86
94700.0,10.53,10.4
94710.0,14.18,9.31
94720.0,10.22,9.02
94730.0,11.66,10.71
94740.0,9.47,11.04
94750.0,12.59,13.15
94760.0,15.77,12.44
94770.0,15.64,13.76
94780.0,15.05,16.24
94790.0,18.76,18.0
94800.0,35.47,36.01
94810.0,35.23,35.08
94820.0,36.11,35.8
94830.0,35.13,35.57
94840.0,34.02,37.04
94850.0,35.21,35.44
94860.0,33.77,36.28
94870.0,36.15,36.45
94880.0,36.04,36.5
94890.0,37.58,34.75
94900.0,37.39,37.02
94910.0,37.72,36.91
94920.0,36.25,36.48
94930.0,38.16,37.08
94940.0,37.89,36.28
94950.0,35.83,37.33
94960.0,37.3,37.44
94970.0,37.17,36.71
94980.0,38.3,35.05
94990.0,36.26,35.46
95000.0,35.11,36.0
95010.0,36.21,34.68
95020.0,36.02,34.76
95030.0,35.51,33.47
95040.0,33.48,32.81
95050.0,30.81,30.85
95060.0,29.71,30.6
95070.0,26.9,28.17
95080.0,26.68,28.64
95090.0,26.04,27.65
95100.0,26.15,26.54
95110.0,27.95,24.99
95120.0,23.94,22.5
95130.0,21.45,21.56
95140.0,22.61,21.29
95150.0,20.38,20.77
95160.0,17.95,18.71
95170.0,16.72,17.79
95180.0,15.35,15.26
95190.0,17.12,14.58
95200.0,13.91,13.0
95210.0,11.38,13.0
95220.0,11.38,12.45
95230.0,10.6,11.0
95240.0,8.46,10.31
95250.0,10.46,9.64
95260.0,8.3,8.86
95270.0,9.83,10.16
95280.0,9.47,8.93
95290.0,10.53,9.16
95300.0,14.18,11.09
95310.0,10.22,10.07
95320.0,11.66,9.99
95330.0,9.47,11.96
95340.0,12.59,12.68
95350.0,15.77,15.0
95360.0,15.64,14.4
95370.0,15.05,15.81
95380.0,18.76,18.37
95390.0,21.1,20.43
95400.0,35.23,35.93
95410.0,36.11,35.04
95420.0,35.13,36.13
95430.0,34.02,35.9
95440.0,35.21,37.46
95450.0,33.77,36.09
95460.0,36.15,36.91
95470.0,36.04,37.26
95480.0,37.58,37.15
95490.0,37.39,35.65
95500.0,37.72,37.7
95510.0,36.25,37.86
95520.0,38.16,37.27
95530.0,37.89,38.01
95540.0,35.83,37.16
95550.0,37.3,38.14
95560.0,37.17,37.92
95570.0,38.3,37.39
95580.0,36.26,35.43
95590.0,35.11,35.9
95600.0,36.21,36.21
95610.0,36.02,34.74
95620.0,35.51,34.68
95630.0,33.48,33.3
95640.0,30.81,32.31
95650.0,29.71,30.26
95660.0,26.9,30.02
95670.0,26.68,27.37
95680.0,26.04,27.84
95690.0,26.15,26.54
95700.0,27.95,25.31
95710.0,23.94,23.86
95720.0,21.45,21.29
95730.0,22.61,20.38
95740.0,20.38,19.74
95750.0,17.95,19.27
95760.0,16.72,17.36
95770.0,15.35,16.06
95780.0,17.12,13.77
95790.0,13.91,12.94
95800.0,11.38,11.5
95810.0,11.38,11.63
95820.0,10.6,10.95
95830.0,8.46,10.05
95840.0,10.46,9.11
95850.0,8.3,8.79
95860.0,9.83,8.19
95870.0,9.47,9.6
95880.0,10.53,8.41
95890.0,14.18,9.04
95900.0,10.22,11.14
95910.0,11.66,10.35
95920.0,9.47,10.63
95930.0,12.59,12.81
95940.0,15.77,13.4
95950.0,15.64,16.2
95960.0,15.05,15.72
95970.0,18.76,17.58
95980.0,21.1,20.45
95990.0,22.2,22.43
96000.0,36.11,35.63
96010.0,35.13,34.6
96020.0,34.02,36.14
96030.0,35.21,35.66
96040.0,33.77,37.23
96050.0,36.15,35.55
96060.0,36.04,36.59
96070.0,37.58,36.77
96080.0,37.39,37.13
96090.0,37.72,35.29
96100.0,36.25,37.5
96110.0,38.16,37.5
96120.0,37.89,36.93
96130.0,35.83,37.3
96140.0,37.3,37.15
96150.0,37.17,37.73
96160.0,38.3,37.5
96170.0,36.26,37.13
96180.0,35.11,35.3
96190.0,36.21,35.65
96200.0,36.02,35.98
96210.0,35.51,34.7
96220.0,33.48,34.61
96230.0,30.81,33.24
96240.0,29.71,32.14
96250.0,26.9,30.1
96260.0,26.68,29.57
96270.0,26.04,27.32
96280.0,26.15,27.64
96290.0,27.95,26.36
96300.0,23.94,24.92
96310.0,21.45,23.87
96320.0,22.61,21.07
96330.0,20.38,19.93
96340.0,17.95,19.61
96350.0,16.72,19.24
96360.0,15.35,17.36
96370.0,17.12,15.97
96380.0,13.91,13.73
96390.0,11.38,12.95
96400.0,11.38,11.56
96410.0,10.6,11.81
96420.0,8.46,11.05
96430.0,10.46,9.88
96440.0,8.3,9.32
96450.0,9.83,8.87
96460.0,9.47,8.37
96470.0,10.53,9.78
96480.0,14.18,8.54
96490.0,10.22,9.09
96500.0,11.66,11.49
96510.0,9.47,10.43
96520.0,12.59,10.98
96530.0,15.77,13.3
96540.0,15.64,13.92
96550.0,15.05,16.71
96560.0,18.76,16.25
96570.0,21.1,18.15
96580.0,22.2,21.14
96590.0,25.98,22.92
96600.0,35.13,36.51
96610.0,34.02,35.71
96620.0,35.21,36.82
96630.0,33.77,36.5
96640.0,36.15,37.7
96650.0,36.04,36.24
96660.0,37.58,37.06
96670.0,37.39,37.67
96680.0,37.72,37.32
96690.0,36.25,35.83
96700.0,38.16,37.3
96710.0,37.89,36.97
96720.0,35.83,36.68
96730.0,37.3,36.81
96740.0,37.17,36.1
96750.0,38.3,36.79
96760.0,36.26,36.07
96770.0,35.11,35.55
96780.0,36.21,33.2
96790.0,36.02,33.34
96800.0,35.51,33.52
96810.0,33.48,31.94
96820.0,30.81,31.56
96830.0,29.71,29.83
96840.0,26.9,28.79
96850.0,26.68,26.76
96860.0,26.04,26.71
96870.0,26.15,23.8
96880.0,27.95,23.93
96890.0,23.94,22.64
96900.0,21.45,21.54
96910.0,22.61,20.09
96920.0,20.38,18.02
96930.0,17.95,16.7
96940.0,16.72,16.19
96950.0,15.35,16.24
96960.0,17.12,14.21
96970.0,13.91,13.31
96980.0,11.38,11.57
96990.0,11.38,11.32
97000.0,10.6,10.0
97010.0,8.46,9.84
97020.0,10.46,10.19
97030.0,8.3,9.39
97040.0,9.83,9.17
97050.0,9.47,8.93
97060.0,10.53,8.72
97070.0,14.18,10.48
97080.0,10.22,10.13
97090.0,11.66,11.01
97100.0,9.47,13.7
97110.0,12.59,13.28
97120.0,15.77,13.88
97130.0,15.64,16.56
97140.0,15.05,17.91
97150.0,18.76,20.61
97160.0,21.1,20.39
97170.0,22.2,22.42
97180.0,25.98,25.82
97190.0,27.24,27.82
97200.0,34.02,36.31
97210.0,35.21,35.47
97220.0,33.77,36.76
97230.0,36.15,36.24
97240.0,36.04,37.29
97250.0,37.58,36.19
97260.0,37.39,36.87
97270.0,37.72,37.35
97280.0,36.25,36.91
97290.0,38.16,35.5
97300.0,37.89,36.96
97310.0,35.83,36.78
97320.0,37.3,36.46
97330.0,37.17,36.3
97340.0,38.3,35.96
97350.0,36.26,36.3
97360.0,35.11,35.58
97370.0,36.21,35.21
97380.0,36.02,32.83
97390.0,35.51,32.93
97400.0,33.48,32.76
97410.0,30.81,31.34
97420.0,29.71,31.22
97430.0,26.9,29.2
97440.0,26.68,28.18
97450.0,26.04,26.08
97460.0,26.15,26.12
97470.0,27.95,23.32
97480.0,23.94,23.26
97490.0,21.45,22.17
97500.0,22.61,20.97
97510.0,20.38,19.67
97520.0,17.95,17.37
97530.0,16.72,16.35
97540.0,15.35,15.85
97550.0,17.12,15.86
97560.0,13.91,13.79
97570.0,11.38,12.89
97580.0,11.38,11.13
97590.0,10.6,11.04
97600.0,8.46,9.75
97610.0,10.46,9.89
97620.0,8.3,10.29
97630.0,9.83,9.48
97640.0,9.47,9.3
97650.0,10.53,9.03
97660.0,14.18,9.06
97670.0,10.22,10.87
97680.0,11.66,10.32
97690.0,9.47,11.56
97700.0,12.59,14.1
97710.0,15.77,14.0
97720.0,15.64,14.86
97730.0,15.05,17.19
97740.0,18.76,18.56
97750.0,21.1,21.67
97760.0,22.2,21.4
97770.0,25.98,23.51
97780.0,27.24,26.79
97790.0,28.98,29.07
