imu_x,imu_y,imu_z,gyro_x,gyro_y,gyro_z,emg_1,emg_2,emg_3,emg_4,joint_angle
-0.04279396733320877,0.9978267651236479,-0.04312044243245764,0.9891675964594607,-0.0033365899345979,0.9574360609463094,0.044455051165622504,1.0522804819367986,-0.04931467946413374,1.0312740266286788,-0.03500043438326126
-0.023409474968679927,1.0932734164491444,0.0884601670408691,1.0889580503514351,0.0843229044848422,0.9470999372383683,0.19689575425549666,1.026137268053087,-0.05584510924926776,0.9295648006304639,0.031697893524889206
0.13351417802569898,0.9760192898842027,0.1830824230888417,1.0498947311040772,0.0934302591685745,0.9740912139543849,0.2598284180362902,0.8813896305280499,0.03351407529066769,1.0266495186384659,0.14036786777321691
0.15600620652634373,1.1066635634814999,0.2755652698824831,1.0503525792785542,0.13225067809894764,1.0102873690093983,0.4691387910252429,0.8555043376716277,0.032034899993960336,1.0611812788577655,0.18712281984770635
0.28479671462271117,1.0019273748161706,0.3395712937090901,0.9408802486904686,0.08005967602070053,1.0126018031272408,0.5424116184768152,0.7987388303380505,0.0006030100537294525,1.0073037974388586,0.2602816806282227
0.25312082262165747,1.0128096024890099,0.460162583886805,0.8212225247587975,0.1217668581401631,0.8998421354403074,0.7788013349594649,0.7225686003093819,0.05191304343064571,1.0786753951764005,0.2889625581049029
0.35535436413850746,1.0272431499358297,0.5767747476298727,0.926133572355051,0.09851113227980646,0.9428441227587008,0.8236684694902585,0.6604877514348265,0.11088427533433626,1.0004090752282344,0.37041183281417683
0.3132664320600745,0.8856610574703114,0.6291573758377791,0.753069622529259,0.0973463359003066,1.0173306881474766,0.8192798695893009,0.5281417808689596,0.13254195515178552,1.0386791761061025,0.3648496959614323
0.35801084719416554,0.9586423994147198,0.6786863137631809,0.5706146372606651,0.1305742352486669,0.9678601040103344,0.8798528886443081,0.4727472052795094,0.11120720453487154,0.9963840567624633,0.40872616477577045
0.46666008959634275,0.9023849273570946,0.8573089342120649,0.5813918665722174,0.26965814557048956,1.0002709828280387,0.9685215232941643,0.2705036045933537,-0.028356389837329743,1.0728915238628183,0.5444543541758887
0.5242842543991363,0.8685700021371704,0.8010473858151159,0.5320622802585169,0.2557893804699466,0.9279896362278236,0.9800815369237411,0.05469864471214238,0.0824007470662744,0.9982945445819384,0.5536142190380923
0.47257246089392224,0.8796632090411105,0.9312627048251522,0.4418979707241889,0.279972679818224,0.9798209542928424,0.953468745644802,-0.18605636699978761,0.18008996111459677,1.0578267162671757,0.5716595778581516
0.5573617494743103,0.8528883069906952,0.9850299880938513,0.3552619048073906,0.3712373843920309,0.9381879727304463,0.9554717859524099,-0.18632444675390675,0.16511356530142093,1.0406170161463804,0.6484373480437167
0.6557514628201165,0.848484004333047,0.994353975340446,0.24020815702744086,0.26538099140284044,0.8363690448203949,0.9639708619162861,-0.27408022678139454,0.09691609203631038,0.9480201991260586,0.6792581222927602
0.7134958909663367,0.7019270850417229,0.9983943509351765,0.14046161496957787,0.3623068597643336,0.9409368191078883,0.8901065104801029,-0.4409736477627641,0.19283427976526774,0.9856996793135433,0.7287276227165881
0.7001257303907906,0.7023415930892075,1.019669879640039,0.10264959926991757,0.3246347470258647,1.0584510877181152,0.7776199266234268,-0.7355297913767029,0.18380853048033538,0.9971473477371929,0.72089077849258
0.6954003189308954,0.6782408847615307,0.9854741244375014,-0.017879072780400525,0.3850243988953521,0.8903387217487215,0.6369907165545874,-0.6936284558001301,0.1679155880507462,1.031422384241436,0.7203472765757685
0.8717091573396867,0.5964765370383847,0.9629819419011996,-0.19924414164596638,0.5499316023423001,0.9144052728290619,0.5057993484264026,-0.8045695202532223,0.09418441758449787,0.9037257534208865,0.8347354817086633
0.8227064172042962,0.6143752442521716,1.042364669456688,-0.22999026597668376,0.4347287933317545,0.9681817163158605,0.5011836079737138,-0.9408042960886361,0.19789174957216332,1.030274745403183,0.8110083681055054
0.7864157821920358,0.6066462196382046,0.9400954876593512,-0.3628345607257966,0.5015861825759875,0.8686983187438198,0.32549849713364953,-1.0052536569317294,0.2532102339452641,0.9964736047141448,0.7755537739090208
0.808846432926164,0.49533252056767313,0.898741800557498,-0.4072208745653132,0.4479422422974281,0.9066995565462106,0.23113098434243654,-0.9635519295557532,0.1633570076198805,0.9415175183484962,0.763634205089817
0.8673665515437637,0.454396999627206,0.9029010329876337,-0.5283072200428028,0.47151141243651007,0.8851027021332397,-0.026295959134464933,-1.0412465217140676,0.11315381247658093,1.1060622234928914,0.7988558681554739
0.8831400401305712,0.4557979036525987,0.688842318810936,-0.5305196542407952,0.5383814421571373,0.8114617386615949,-0.17871830468201508,-0.915657654260037,0.17389826956052992,0.9094129363707978,0.755899004139994
0.909564122507602,0.39300014582392234,0.7303208142087522,-0.7642030398878621,0.6380660355676008,0.8253240936560464,-0.3517715092790004,-0.8822335329455975,0.1969983337567719,0.9647502051417716,0.8014915126299468
0.8949027997890034,0.3539400485126465,0.7223626757136654,-0.7740630395599204,0.5070640468084611,0.8168001958851827,-0.35512344559882947,-1.0331825818722318,0.20853771443752508,0.9111869008204512,0.7655730119702935
0.8824772337122465,0.3251233703801795,0.5861439797778949,-0.8105065191977748,0.5778789538725283,0.7906144469511447,-0.5824554399144244,-0.798359062393142,0.23180459158427583,0.9655975244811303,0.7326576015639974
1.0001410756613325,0.2037392349293981,0.5100660082047213,-0.8725410986922234,0.587138488839744,0.8417668788636431,-0.6756530695691767,-0.6659916206697287,0.31286321333167244,0.9015416232807729,0.7705180380600314
1.0096681012924746,0.2540256019139531,0.45407972140569935,-0.8698141018298244,0.6425621644129855,0.7815591389812412,-0.7159543264641373,-0.6080209593937206,0.2905384675481727,1.0011283144105132,0.7695703999505443
0.9661889981801045,0.2525202087436816,0.3008859769564178,-1.0257618952217233,0.6365221751269939,0.6757884777059688,-0.9159802351941106,-0.3613730995722948,0.18452156289654414,0.8483624068270672,0.7006647272023764
1.0632980549736817,0.16230103251186623,0.25726993870759174,-0.9488639492455905,0.6639706874864937,0.7242232616060679,-0.792078855507727,-0.3271679582599434,0.28130713939428303,0.9222092079066445,0.7416241465964171
0.9432093154227513,0.0799034445134419,0.08106062439845768,-1.042451132134419,0.6055902680562214,0.7075476317464491,-0.964245480135396,-0.24887782031423872,0.3390787426774259,0.9692870245248328,0.6170408986421573
0.9611965579673132,-0.025614317227311712,0.11812764263931433,-1.0104510325779543,0.6742613190281707,0.710450048748861,-1.0329331399694865,-0.07092182755378924,0.3663375044763548,0.858744838162231,0.6508888355810851
0.9911492902667313,-0.0012723470366748577,-0.045920240333220105,-1.044823278888693,0.7618597061330514,0.7039116671689014,-0.9322015545371548,0.1084159466562408,0.2569571634061732,0.9210358049258172,0.6341705142600099
0.958165881686837,-0.1502587638481545,-0.23168023703203233,-1.009180596034892,0.7710331064978819,0.7023102779493712,-0.9644051727490819,0.274752475401908,0.2458056502193146,0.8712860599869355,0.5637854910333853
0.9226811384118399,-0.13586635862979884,-0.2638550267883922,-0.9158210831484375,0.740265482499347,0.6180629559089843,-0.926524425371264,0.35520537765213855,0.3389262757334475,0.8980029122449771,0.5302371576692717
0.9683113554564213,-0.1870807554910196,-0.27031877259162795,-0.8100076658689075,0.7355266626097128,0.669202390452817,-0.807931642595356,0.5517109233349283,0.41052508326740583,0.9876316251357199,0.5501653784726649
0.9764468725291755,-0.16981454966445764,-0.4950034518057166,-0.8470542466162205,0.8688950090805839,0.576198486315064,-0.6518303978604425,0.7444591489461191,0.3002941093200645,0.8927985336626947,0.5135014025389896
0.9907614268700599,-0.24008007280965787,-0.5186063577343872,-0.8313310103088052,0.7459573642819259,0.5782505841783881,-0.6395905201699444,0.6378411282528686,0.41195974537271024,0.8954069617367193,0.48899027897109903
0.9565655030255555,-0.23880635311407286,-0.5626073347907702,-0.7619526547678911,0.823061891067011,0.5618917876235494,-0.48341412297175135,0.8221488593647318,0.3667520598626751,1.048932949983241,0.474112929288949
0.8893940077128741,-0.35474271020459425,-0.6998642525828924,-0.797374758345496,0.9333489444663106,0.5797391557636186,-0.4510703972273013,0.8528039831165171,0.4009316309991775,0.9149499670123357,0.4214075169748315
0.8628530504006694,-0.3153977566023215,-0.7998210450518158,-0.6139817941456427,0.8133303013460955,0.5662070413475128,-0.28751295048836434,0.978646337920495,0.47573270555955827,1.0220215036608198,0.35414627195400905
0.8793021956822241,-0.5511577455643097,-0.8061014965253447,-0.5657286672864307,0.7835270806518576,0.5365388191992992,-0.15235163690678316,0.9148465786893313,0.3833737236045344,0.8195460083825379,0.3545260650138802
0.8095687668973475,-0.5276829423732964,-0.8398679719111359,-0.45477873572346866,0.8806393342640101,0.5067201830998666,0.014469904311036756,0.9980105844452372,0.44666818641478384,0.9063899847467153,0.328951858728135
0.8718964887170575,-0.5657165705954886,-0.9600336194764073,-0.4221679784621922,0.7769312026716522,0.5684531554203793,0.08503641962941356,0.9077709442869453,0.4834312214365407,0.7926610621824458,0.303324399049937
0.8884933951643018,-0.6148073210033951,-0.9235308555795891,-0.39101099495045716,0.9433446618309536,0.448226184884235,0.28953725976161787,0.935488863498519,0.44079152959490486,0.9975172940006087,0.35585637327446495
0.7859637833042874,-0.5981749370379762,-0.9842551400529979,-0.20212836279475604,0.8732305922051822,0.47682925621686073,0.47732670658134513,0.918500354080569,0.4110711456862984,0.9154330619293788,0.2723514680772808
0.7705128938740461,-0.7164389074648959,-1.0198828926244157,-0.17128926002740802,0.9633835602566829,0.393487597963705,0.571680165622511,0.8271408245184843,0.4625124874355811,0.9813050370970139,0.27196829120103494
0.7593369560287528,-0.7064824084073666,-1.0567310136840402,0.08442319784313607,0.8864469266241272,0.30171019302214297,0.6682108538452883,0.7563511827631911,0.4755436022376634,0.870765027791062,0.2399385592339898
0.7039424208641666,-0.6848067610014199,-1.0322308342594642,0.033062912954054335,0.9822122016550048,0.3123266228971095,0.7479694948808558,0.6718253045818094,0.5308905487171037,0.8860833965365674,0.238744400485245
0.5638238650512437,-0.6903893385429771,-0.9524211546511088,0.11915756991505164,0.9494192149173876,0.33085862632186275,0.8839314832478701,0.4869219410733012,0.4732530122329144,0.7792075633797266,0.18606942911376675
0.5192194343052938,-0.7285048016426929,-0.9503078075201544,0.3268588735097686,0.8934782359352507,0.3504180736902242,1.0533169799547488,0.30055698887222504,0.48600417381317285,0.8859219110682975,0.15321302208365076
0.5104580048053519,-0.7578932595486277,-1.0103770461641175,0.3386205192576398,0.9061499881451661,0.2738111110435566,1.0288584982605604,0.15358305970599448,0.5563720568478625,0.7720511919825538,0.13334588618247395
0.426762087964934,-0.8595342240057043,-0.8778230936788021,0.4812627394733635,0.9408580972013708,0.312947406333448,1.0296622214199789,0.05681972737597692,0.5158276855328909,0.9112823857490424,0.13820573531910052
0.4379802061277601,-0.8772469893606659,-0.865624841504281,0.5456834512794777,0.9446700660975291,0.23613804719754625,1.036095118430101,-0.12467417917771441,0.5306527323994783,0.8508438717050075,0.14823666383210163
0.5107219949393523,-0.9918674723389906,-0.7279256511305214,0.6299738051226702,1.0346407518664689,0.22517205720403152,1.0045691305464435,-0.24227296107749494,0.5003378751793417,0.8026016778638353,0.24391145250381352
0.4183731365269978,-0.8761115938808024,-0.689360889612639,0.6885561219865536,1.0192045406349304,0.2553949752020839,0.9781847139833252,-0.3988353819529732,0.4443719374704157,0.8624453689396522,0.20621920950669329
0.3343642719468062,-0.962501873496987,-0.5945425311512414,0.7053253054916808,1.0809690007200357,0.16746661157668807,0.7338864735953236,-0.5850758547603746,0.5305435346356255,0.7763559454984681,0.2050131767720378
0.20071191410813996,-0.958492199439085,-0.62650145741575,0.79306166532585,0.9820544712823414,0.13075966603499473,0.7917688767634175,-0.6299045807074839,0.5194801069098821,0.9033272340909185,0.10881641408581326
0.2560639835379881,-1.0363869001527921,-0.4633590075113656,0.8074642909344787,1.0111205199163715,0.20677805082541173,0.7268024007437652,-0.7058343018518451,0.412308861026204,0.8237337779203477,0.1912483934988587
0.16521008375571455,-1.0327803812694307,-0.4592275907532997,0.942557179134457,1.042552364612386,0.08112801417358922,0.5281186190367098,-0.7728237108533592,0.5668451250491269,0.9020621745441995,0.15334723757434457
0.13372523202103084,-0.9748122404402223,-0.2583567199614372,0.9357752231488059,0.9614395365188972,0.08720788920229712,0.3395517670302611,-0.9834513646622284,0.5701320089101599,0.7939423270948895,0.1816435073258637
0.10246012080610772,-0.9843955510735793,-0.1443254721280045,1.0084348535970296,1.0347335560187247,-0.036497165734929095,0.30612857810133337,-0.9805567704213173,0.5092820145115238,0.9004579264999839,0.21487912996839748
0.03974506469893586,-0.9961217602891707,-0.0810345000219484,0.9485481704988596,1.020191792051706,-0.021757061105610032,0.09758279569478902,-0.9739598607405049,0.5810840356445001,0.8433589292273257,0.19960054075322464
0.04649549910186053,-0.9451834290325978,0.00857654407607776,1.0571825680266658,1.057957179845002,-0.00977254941209908,-0.06782348227163526,-1.0270326862714665,0.5983495846437203,0.8030504533355647,0.23741214874275401
-0.09104234328739269,-1.0005661892679503,0.18900358235554748,0.9909162586853086,1.0153386010052334,0.029651083550052935,-0.11201058866298805,-0.9897318342094623,0.5534742458776958,0.9072623917082149,0.21424762326401459
-0.06046655136531341,-1.0139680581576607,0.2515718923446052,1.0385065756062934,0.9590519766210497,-0.060740762210694535,-0.3269213411353497,-0.9202782028138528,0.5984791116769749,0.8016665169512988,0.2370486873449348
-0.16736278270049054,-0.991136598967504,0.2409028870823936,0.9777145998114293,1.0543183904390498,-0.07765651000744632,-0.4645995656224185,-0.9823880528758873,0.6198444267999336,0.7681877555503226,0.19945315286228277
-0.21546661673322773,-0.918447335368805,0.3574404271605731,0.928638344980971,0.9892028135491637,-0.022625223970841102,-0.6233216520539306,-0.7721695697075702,0.6554174580589798,0.7106439004748818,0.19733938249139082
-0.28661783847713806,-1.027992555469182,0.4957964464135691,0.9013162150832995,1.035775942762225,-0.1111524549351101,-0.6352447221510045,-0.6813623900931104,0.5697216037950715,0.748017124403881,0.21258520323794672
-0.3630941540224198,-0.9467741178893222,0.5563821668755706,0.7407690508515447,0.9132000044209975,-0.11905191709980831,-0.7436014083354912,-0.5537861447601923,0.5804643751864675,0.7555411454557263,0.1680075739356608
-0.3121211384739398,-0.8871271400625564,0.5683840807027609,0.7127882997991215,0.9746605450320686,-0.22061566097669683,-0.8519794329386159,-0.26709557878577633,0.5665404698292204,0.855580614066991,0.2093867639802721
-0.4184875272156872,-0.942765050734144,0.7100940790738877,0.6538446418630967,1.037818859247513,-0.22086249349663048,-0.945509406927102,-0.28029154674529605,0.5307499318769175,0.7432165894479333,0.2113482319638253
-0.5191338204861076,-0.811171452659559,0.7092489874511121,0.5587671333095326,0.9912394877487544,-0.27888074137490415,-0.9963381356274681,-0.26307498341118685,0.7253060286070062,0.7943168207000652,0.15145568354203073
-0.5413228843951041,-0.8247452096509701,0.8394270754474655,0.44062472139312203,0.9084676720198473,-0.16805177466451626,-0.9639558124407996,-0.007684748578298241,0.6718398772736441,0.6604789774504286,0.16286021484065707
-0.48331429822281635,-0.8903816982046929,0.972891323949283,0.40504899030310915,0.9374295987553611,-0.38872894907877753,-0.9869317202190574,0.10526027083863723,0.6406233780838924,0.6808490843626029,0.23769616782444894
-0.5939643315535398,-0.851182285104928,1.0705208691035177,0.24195098268535747,0.9569947320436497,-0.2555269131426046,-0.9268487294277794,0.28066735215827926,0.6749993827722406,0.7090126075979116,0.21557304136301536
-0.6592832261244133,-0.7590210034765585,1.0416087665969633,0.2723108507352815,0.9190455919811611,-0.3872609136241092,-0.9167529701002111,0.3611643159458131,0.750928482038994,0.7806130890190007,0.1666501353131146
-0.6686706341766909,-0.7460413328937268,0.9647107325572662,0.1881020264643708,0.8781398208244681,-0.32231086016530086,-0.9446431423993162,0.5336534065785326,0.7114087950425692,0.7003876663128387,0.13070586684372804
-0.6747697825149002,-0.6694326078645596,0.9400901868940034,0.03979782737993287,0.9698917674022266,-0.34962747517689263,-0.7471174159023172,0.7851651567602043,0.6906636977717941,0.712941666091465,0.13862051829119626
-0.7161544833989023,-0.680792974337502,0.9528708027648339,-0.040534117834299055,0.8792378231615923,-0.3654298821643913,-0.6959112196480897,0.7801030304547755,0.7434982999884167,0.8306321053318935,0.1036315637623175
-0.7587085420361317,-0.6408707743138601,1.0653596448792426,-0.10371741875699775,0.83272649768818,-0.39878236321822924,-0.552080609225951,0.7985187637603272,0.7083512719952396,0.762673780657342,0.10679892198334293
-0.7687425118000047,-0.5947930633077264,0.9694243509911101,-0.24354855352423732,0.8978597694635378,-0.43048984249010736,-0.3817168583600473,0.8473313444923617,0.6800638097666952,0.7235063077753986,0.08602800329003824
-0.8117077093487206,-0.5458713790133376,0.9553499571772268,-0.2938329688853441,0.842885236066728,-0.4971516098397505,-0.33674862864305216,0.949064692520524,0.5894441554775816,0.6203891710887393,0.049328179692153334
-0.8667223009068816,-0.5753438775342652,0.8868410167236335,-0.47604178978803013,0.8880562299390673,-0.5288733303105233,-0.06972270216191631,1.0361834157082146,0.6637908140110196,0.7253638470827785,0.010302400551462698
-0.9444537097604389,-0.5635411958073085,0.8817054071104747,-0.5630530807554543,0.863940080353525,-0.4715965905883235,0.10563463507749256,1.0234320677208104,0.6912221461454355,0.7100560122401773,-0.034927216676372025
-0.9276008090183618,-0.4560944025004791,0.7664470105962591,-0.589070015501351,0.8074128852982658,-0.5527712471092837,0.16028366816564765,0.953755204192684,0.8562666006022055,0.6956286645217589,-0.07238372427065001
-0.9655439688516215,-0.41030605354035005,0.7793100888398251,-0.6830067252276714,0.8248341052908793,-0.6368455586237616,0.3140016805997601,0.9498122969766346,0.7458632228395712,0.7024215299960722,-0.08401213671568739
-0.9277976891766881,-0.3381025883062784,0.6037264849172828,-0.7194739365718873,0.7024540790900353,-0.6370720785460869,0.5009205840557472,0.9237298496466368,0.8223598449724285,0.6570897512730157,-0.14229008329515222
-1.0034002380215543,-0.26879006747590095,0.6102506850257255,-0.8501303600296704,0.8314238701573513,-0.5558678038653153,0.6133646931976718,0.8279471702574067,0.7643159997323098,0.5804118515904004,-0.15234013947158923
-0.9638967891468252,-0.27087200791818805,0.5185793750900893,-0.7927896165730666,0.7019671293811253,-0.6440205225339105,0.7501377651892845,0.767417680148646,0.749301907943711,0.6216502588308643,-0.18598115617016076
-1.051627021617351,-0.22876329320774497,0.40612944063205036,-1.0054155186242348,0.7497887367547373,-0.6381723724345721,0.7885594694478371,0.5548658294038641,0.941599156365565,0.5918183805715975,-0.254016931268113
-1.0044541876264492,-0.19627462471240822,0.3352132587815277,-0.9631462070543607,0.7854705064119115,-0.5986781338329998,0.9178447048101854,0.41420596220405287,0.8099662420424641,0.5711979449947523,-0.244569014896384
-0.9327161869654155,-0.02688857616941996,0.24227686237180018,-0.9391976876029698,0.6725937513616631,-0.6237220352492444,0.9398779281609282,0.3837947436906252,0.7674039617131642,0.6045220732879453,-0.25915628449883504
-0.9016191855472799,-0.043367064573865785,0.09216426717575918,-0.9855015561356251,0.802111929939855,-0.6220110223901072,0.8743669993194644,0.194647229235631,0.7266010271870408,0.5380303924452103,-0.26273792663294115
-0.9627491836072225,-0.07577122293452963,0.03559279422460096,-1.0368622981603068,0.7186648194114511,-0.6993052491693891,0.9117380474781913,-0.01285413824572407,0.7810714805375772,0.6295870367766924,-0.32696378965394074
-1.047221497395771,0.019993752569855854,-0.0813598658412138,-0.9824371989026681,0.7217320298318161,-0.8053557242537654,0.9848124623030655,-0.15467139319180703,0.8491695129647276,0.6483097511853523,-0.40367230248388636
-0.9946299610032417,0.14922232953552964,-0.2218790393493326,-1.0335807403364705,0.6498325305563316,-0.8105674782751168,0.9780295128395975,-0.24011243165763957,0.8643855953282831,0.6169423833107905,-0.43391218619515426
-0.8964666152619194,0.19267589291491583,-0.19966314750095765,-1.0351437530864485,0.7335312527999049,-0.7475212153117283,0.98783675089804,-0.4223282920401229,0.8572113976402413,0.5668518598997389,-0.361426001321266
-0.9166662777120281,0.21650827531428016,-0.3529965798571813,-0.9708302813037619,0.6663259786834674,-0.7045148610330447,0.9662452407635376,-0.6570233274365815,0.7276708683017558,0.52502300922162,-0.43096691707647494
-0.9937196936766333,0.2779485847331953,-0.4596213918331399,-0.8148755850232274,0.6118698972049064,-0.7812344555826678,0.7974845091690593,-0.6097327360321831,0.8145837800183469,0.46251397289631924,-0.5123722849472774
-0.9523049016053015,0.2268708487935494,-0.5830472708591804,-0.8686516526627225,0.5113944714077573,-0.7782964711033721,0.6584635401356083,-0.7991457882143268,0.8252227693737693,0.4979164798088057,-0.5487877377788534
-0.8803965605236791,0.3987381180870666,-0.5269410095932812,-0.7655666036522208,0.521828110144868,-0.9079919037582532,0.5386786714325706,-0.857278782540017,0.9700903728572432,0.5334834990077679,-0.4939149611108503
-0.9756411583645798,0.28887890845632436,-0.668299458795039,-0.5722301735814442,0.5749364288826966,-0.8715373083552678,0.3615607517099993,-0.9794475921223724,0.8239395974768953,0.49847432242795076,-0.5733231310442624
-0.8343437507261386,0.4133053167303726,-0.7697672983443272,-0.6600045816048227,0.5444071864551694,-0.8944773912569071,0.25057767588616686,-0.95737132776009,0.917659878723784,0.6166780984607565,-0.5392206275753335
-0.8923843329474982,0.5055591940696893,-0.7904971298600079,-0.492568870786157,0.4581038387712243,-0.7923102015019617,0.09191675605945024,-1.0197979990165784,0.8272734388875517,0.44745495863267615,-0.5917205376775065
-0.8784892769824137,0.5144774596219713,-0.9033581531509344,-0.4748950377738452,0.545920018288497,-0.8367780649575718,-0.09519481889758208,-1.002348142344665,0.9141074341273687,0.5303064066752013,-0.6010680807787878
-0.8070936635114256,0.501233548708266,-0.871378744359261,-0.3787089980896651,0.48302134396524354,-0.8637377112794257,-0.22740634322080266,-1.0214475847236755,0.9082655401925169,0.5562034649358558,-0.5683561862704424
-0.8254199639476317,0.6104374947488497,-0.8655945904622468,-0.28914564848721097,0.4797359803147194,-0.9372915530352239,-0.3731734849875853,-0.9195801104856185,0.9302519220919423,0.388791659178892,-0.5764411630495461
-0.7759953600178088,0.586425326956737,-0.9787153487583604,-0.1600359150598744,0.38288792790434534,-0.9197624346005486,-0.44671835467989307,-0.8845338002098002,0.8343752159057722,0.4278900262954675,-0.6050346990555435
-0.687749168577497,0.6981985310361136,-1.0204068009431253,-0.11958781926990825,0.48437719562057036,-0.804697841465827,-0.5271616382292283,-0.8140887255395831,0.8888640608474563,0.4041179382197588,-0.553121185447572
-0.669302698231678,0.7384587611742608,-1.0278502103650842,-0.018079737281302664,0.37073796917337004,-0.8294454892012053,-0.6924263945428616,-0.6618803065144009,0.9035270967510076,0.4140519232456902,-0.5688588183906902
-0.6544411362683764,0.7267043669692272,-1.0289803251996623,0.16600694952220452,0.33332118978857544,-0.9294785278249061,-0.744416452443505,-0.6064151549833027,0.8611714189510988,0.3591477593748096,-0.5692504277363717
-0.5569983740393425,0.7081824559741738,-1.0543498540203835,0.25784149320311417,0.260987130824593,-0.9794633278795254,-0.8893831645664119,-0.4502746254892518,0.9356501965777304,0.45168219348662003,-0.5426067170608676
-0.4615952056082213,0.7817842077827204,-0.9012045890902,0.3252350264280527,0.3532562527362498,-0.9885498282420762,-0.9624075509359347,-0.24233463786842496,0.8976583501483961,0.4557436460876233,-0.43050772898392065
-0.5239243905174054,0.8955315676252353,-0.9864010937200716,0.42158191945695206,0.30748438309070536,-0.9220884465022766,-0.9812460604533052,-0.1881376309726223,0.8354940541661772,0.384789033219019,-0.49638564675658314
-0.47430389181135824,0.949806365650421,-0.8400007532521856,0.49952483692051597,0.2990371616643599,-0.9905888244352661,-0.9585057875216816,-0.08200914722978865,0.9516169241534312,0.3722437329466341,-0.4293447395484628
-0.4044226225591584,0.9687270608468088,-0.7977425961298782,0.531657866344106,0.25110274121425497,-0.9694539320186859,-0.9581387564125965,0.15125127271971767,0.981210668773216,0.38719992338369863,-0.3913135418756916
-0.4822157456041482,0.9512811280115688,-0.6912829133715114,0.6518709273026514,0.21223221230645956,-0.9813958004332521,-1.0552687451531957,0.21517559799584807,0.9800197401915096,0.3746469932091146,-0.4060463043522356
-0.3546721339686494,0.9424482298445456,-0.6870831605248351,0.7324020383132358,0.19736218497466707,-0.9022383804966555,-0.9586524836847355,0.46157741029881694,0.8910406608480543,0.4095481326079753,-0.3439885781468418
-0.27315680879011006,1.016105868087575,-0.5947268145659657,0.8368614688074482,0.16394256977594301,-0.9817585167364993,-0.8294200176414902,0.511378851207312,0.8803933286489161,0.34526197253953667,-0.2822079348096561
-0.16936687912807402,0.9375436266392099,-0.45656691102940855,0.7552364111659495,0.07562687013244816,-1.0136301773462337,-0.7533732254804637,0.6968870991128956,0.9971295066182877,0.34424432760020635,-0.20652813884636992
-0.2492360192805541,0.9941998725341974,-0.4000379439678117,0.8447691650161351,0.060243633672059524,-1.0486375309884601,-0.5991502962038807,0.8184614928376078,0.977880371455302,0.37247076257155903,-0.23258066609620867
-0.19146205080786177,1.0101024603251574,-0.34201234242291945,0.9863343306041893,0.0362813186884745,-0.9766309408316879,-0.4290528357093553,0.9272952626604745,0.9917036884281019,0.32746733468712674,-0.19107846439311182
-0.061203853440811126,1.0597136442049206,-0.37830973933276,0.9186891033936613,0.049892248540916465,-1.068220808036016,-0.41343901821985557,1.0196476901264941,0.8505009371899824,0.36172211334444354,-0.13411639881205029
-0.037854935247881874,0.983046939369455,-0.10124749635562015,1.0246184683785278,-0.021402812618445517,-0.9337702553257746,-0.2729915199426304,0.9869772537877056,0.9738830334646909,0.3681004366616417,-0.05358227905431608
-0.13378977346313015,0.942314128893889,-0.13378656863605629,0.9482498129761924,0.036100849412434625,-0.9854802688162712,-0.08529780285003802,1.0995625400479532,0.9728951960602742,0.316482470922932,-0.09981068743989503
0.0350499678806411,0.9306813065478292,0.12309179988645591,1.0374089942233127,-0.026930504699407748,-0.9451165908796776,0.09676696608341188,1.0190934002049277,0.9462141375188545,0.341374187331943,0.04906642296637577
0.08077400587545144,0.9996850815744109,0.14122551930638405,0.9541358996808726,-0.016950705485432233,-0.9509717168690859,0.1749026579697382,1.0386396519368564,0.8824181415333404,0.3400245164037077,0.07936451763255449
0.09030416429239388,1.0259381082335777,0.2817507953118939,0.9937029958300365,-0.02349998727895087,-1.0335315451246316,0.29982721258033757,0.8213817612643347,0.9474405693581409,0.28533765296991426,0.12497732328397496
0.11318066437338506,0.9951309592471717,0.2611174337283252,0.9640903672433656,0.04907688944387677,-0.9909679190303541,0.4218521805405731,0.8797373388521376,0.9161839003724445,0.19399787598204288,0.14474094019396544
0.21224358257714745,0.9300032240004067,0.4359813282608772,0.8161567343167678,-0.09135325673811909,-1.0006957963245733,0.6237662881211865,0.8014955575908472,0.8889467186826663,0.3045834665231375,0.21864553841921305
0.30898942959031783,0.9036842796468132,0.46273120922311767,0.789585597941636,-0.1959581127228614,-1.0089371543853674,0.6634010555299128,0.7275686413209356,0.9080192313327353,0.3210884371598794,0.25412245501752195
0.3072146182604795,1.0305621836866274,0.5770015886319249,0.7755381534887599,-0.10708160978409921,-0.9498330638776142,0.8924322337090014,0.5407222812727607,0.9905498157110485,0.30995148069598344,0.3052914637629973
0.3317040459511288,0.8577137723719785,0.6770737004853415,0.6886822449176367,-0.18921109388724827,-0.938077080444935,0.9485451823708365,0.47458991656365274,0.9904029137417324,0.25838261305461185,0.33113191434371725
0.4589155962255415,0.9934115451981311,0.8207840220817599,0.6911403428983638,-0.14325390435985597,-0.9820588717711839,0.9962445925146045,0.2612655453737386,0.9716895708475887,0.2068576645427409,0.4470422238653275
0.4351104175992395,0.8688038903867672,0.7721020962560926,0.582367231644299,-0.19635117009961447,-1.0095274336503912,0.9882094374533501,0.13942609234960973,0.9391121869498488,0.11559389878556436,0.40991560365652463
0.5800050286704921,0.813470964256049,0.9343677017036819,0.43810447627703497,-0.30329258101549605,-0.9531276787219707,1.0464402219815292,0.047265675079227465,0.9352905710313042,0.170767187938911,0.5096543086432513
0.5379829698559149,0.7346932030282585,0.9447463911621578,0.3652154304506035,-0.2636991969752883,-0.8883705552338697,0.9557693783669342,-0.23758090133081156,0.9821748882695476,0.19923788378862553,0.49967556288154713
0.6024749829034932,0.7558969279305111,0.9823219682922505,0.335058407423421,-0.3349439591565521,-0.9298851942304055,0.9490540893011069,-0.24375604671110945,0.9438326944568959,0.17478017424409886,0.5289452901081113
0.535151866586322,0.7480931129300499,0.9981406676878922,0.14377043114983534,-0.3333265471422944,-0.904528509754493,0.8685594659864658,-0.3954006202873106,1.0024688315559138,0.14800095031138835,0.5003528241710697
0.6307213064150637,0.7218093677999169,0.9446368269152968,0.13301956966837164,-0.38414816578227085,-0.8950061499614981,0.7851227211420091,-0.5284349573316267,1.0368999512757588,0.18027251318312312,0.5219220681256667
0.7074163424718255,0.6271717147384815,0.9547254977422457,-0.03776170341757218,-0.44287273293967105,-0.9106817888606779,0.8511134275613914,-0.691449181867797,0.9783929774499875,0.2035057448796034,0.5515512739706523
0.6406150320289061,0.7427541071735798,1.033283387338881,0.022447423646970513,-0.4096243179256391,-0.9523280234694853,0.6126490123731309,-0.7773196993433484,0.9176008801590951,0.21343603326522154,0.5483676686309894
0.7977812946550982,0.6224124998208742,0.9188872872470607,-0.13368637362540375,-0.4114631534664262,-0.8877212092169612,0.47893772857049094,-0.8169964656475283,0.9576757079295847,0.08068069955381693,0.592264202808382
0.847344055793504,0.6616767820324151,0.9271890003430993,-0.25330620889293265,-0.50234801613506,-0.8908002838910513,0.4159992846270729,-0.906041847294129,0.9614492799925076,0.13038876730748045,0.6013591247726697
0.8209385736567725,0.586168519155254,0.9177637682695264,-0.403367261927323,-0.5116827468659202,-0.8617080844577728,0.2509898473098489,-0.8822234227280487,0.9362485624034418,0.227141640193846,0.5834618679360601
0.858243281537376,0.5507924554681202,0.8152906207801631,-0.4988727200502978,-0.4513239749300977,-0.9399034767298667,0.17066528265892134,-1.0295968710634404,1.0093672165032965,0.0753289135610373,0.5834440320167174
0.8610643723980778,0.4339401435661994,0.8053597510308905,-0.4677346592977514,-0.5145362199625548,-0.8329846976892972,-0.10864074118140364,-0.9559054462686561,1.0063237376426593,0.09087670268288414,0.569232867515795
0.902067240012382,0.4529689991030439,0.7931407048881881,-0.5294052716995918,-0.5488807161146493,-0.882685327742303,-0.17372722535938032,-0.8821455803925904,0.9837571186733624,0.1193209228669089,0.5791996882497176
0.9955706024461684,0.3194965075400412,0.6469023206478424,-0.8152840715757823,-0.6276860767157543,-0.7642954891234607,-0.3185938434072658,-0.9957284641244244,0.9812646547149123,0.012159682705265393,0.566318782074286
0.9814692003027935,0.2815176908897821,0.6412486934214191,-0.7747988997026967,-0.5057950984183229,-0.8266019816932216,-0.5479425593272661,-0.8310252364269373,1.0121299942289423,0.02967138079666292,0.5819501884941579
0.9261355713183804,0.18306069605814196,0.5446399304677395,-0.8988219830933645,-0.5111997382601513,-0.7882165600427399,-0.5660079100404822,-0.8049887875564408,0.9474213172843406,0.055380597148088934,0.5242198171474818
0.9623324600204065,0.2554857220115916,0.44722358403932083,-0.8527248689614064,-0.571193828573027,-0.850673480036042,-0.6851584522853452,-0.6989382413929147,0.9533190539108034,-0.05520687839917194,0.501094539507394
0.9678144767524998,0.11715722569721858,0.47088329825900976,-0.9035099447567033,-0.5813110615601172,-0.7801338188438777,-0.8125870217061362,-0.6305253089004593,0.990056313371333,0.01576489198389689,0.5089100155419293
0.976811522872056,0.11564718381406577,0.28094351427418024,-0.9739387149772272,-0.5513498052327506,-0.7366955063055218,-0.9094508503070676,-0.5253959533548889,0.9286352125422788,0.021408352472217663,0.4624188546717319
0.9699419760125307,0.02426858877847271,0.1672531764294098,-0.9955292096093348,-0.7029649523354906,-0.9009118215084408,-0.9450654562611772,-0.234422809797905,0.9654213949712842,0.04443671611954311,0.39455395046799013
1.079854585251014,-0.020982860905789054,0.06403450177323353,-0.99281850548037,-0.6663785986309795,-0.6867788952099482,-1.0118099053594334,-0.13642568728056922,0.9400246366404941,0.04413142246422539,0.42586192343128115
1.0115358177339413,0.09732110885563566,-0.012949328082484843,-0.9054273560001183,-0.6560232824530241,-0.7431692567933137,-0.9616377498168063,-0.0454945213914508,1.0554181237266556,-0.033816196882869416,0.37067845395162036
1.0555859881752279,-0.09133489873384096,-0.07614998671920667,-0.9685118516244812,-0.7370418952122492,-0.6145263852496617,-0.999152990999755,0.16614344235328735,1.0213480668820554,0.004145276393627157,0.3575396190294021
0.9973151445369941,-0.05565209033482095,-0.10392460928806815,-0.9719796515337946,-0.6952194753546974,-0.6438449683102558,-0.9533501945169468,0.31144038048435563,1.0436627510393486,-0.21070254405938407,0.3284362944111371
0.9834423895955557,-0.14548359826009358,-0.39208877780090756,-0.987501860202121,-0.8007417096358995,-0.6787701104674815,-0.9547251167143822,0.44833351518090453,1.0167157138594896,-0.01658581520648104,0.21394621953032572
0.9860304187914624,-0.17491278635108382,-0.43808449632568924,-0.8413694508078677,-0.8084707576062574,-0.6265630507813021,-0.8002359403096985,0.6262395054107917,1.0010661828816223,-0.057428007194858625,0.19989570897677295
1.0816181657152364,-0.27227727240461624,-0.5146261097559784,-0.9583043908918103,-0.742938767240123,-0.589918339051976,-0.8290414483013542,0.6354086116035477,1.0631730500320287,-0.04880575982949632,0.23783349648280006
0.9530314294335878,-0.3164961972439801,-0.5197404390007219,-0.8879731328957862,-0.8308721802207577,-0.6196088504827781,-0.590751144491157,0.78351034037244,1.0763959548259254,-0.040724400336106664,0.1544191469724258
0.9151397360108151,-0.3581403262683791,-0.7070913487280921,-0.814493156916692,-0.8937134899840739,-0.587723264384768,-0.4681793982541181,0.8248765388120283,1.0537858556398965,0.015732997098604054,0.06669976539016514
0.8876405153210735,-0.3688455229809078,-0.7645083686758534,-0.7260545216329072,-0.8240026792426798,-0.4992481166461589,-0.33327858766108265,0.9094333324370455,1.0103845995457013,-0.14764408819828562,0.04966721120924478
0.8708791450699211,-0.38656109033794284,-0.80784865875729,-0.7075534872011731,-0.8376606996277296,-0.6486200252225552,-0.14272020499288712,1.0303381580234126,1.0183870435745468,-0.1407358760685673,0.025552834982227657
0.7683888537530602,-0.44159864036353413,-0.887402708124803,-0.5235227176670242,-0.8786526664623638,-0.573800328157354,-0.09893255865833638,0.909358179066694,0.9237709671340906,-0.10143454558392097,-0.057756918853383576
0.7648985039421737,-0.5048256888772844,-0.8928954298758868,-0.4144732705681712,-0.8696314781857704,-0.5109861206667491,0.05330457354456835,1.0530125700411623,1.0316629464553502,-0.12780004749523902,-0.05934567262883325
0.9860618310456262,-0.5682008481619266,-0.8877135219482698,-0.41292800678165326,-0.9588556611094166,-0.4926796871785857,0.2208289561817373,0.9259782016039001,0.933685603730297,-0.11559727199682912,0.03494572671644883
0.7931178378293966,-0.5905522545430104,-0.8963986104249113,-0.2229809975865835,-0.9176188068864345,-0.5189056605545311,0.38455730376262626,0.8914448287680091,1.0391580253457295,-0.11984579346207912,-0.05588442559006199
0.838776675340329,-0.6754522085910785,-1.038979799957247,-0.17580311782940192,-0.9888866583263056,-0.5121861383555257,0.4876538086598743,0.8898704925352926,0.9813826535664452,-0.1619502609273358,-0.09008293398227074
0.6760521069317399,-0.6417247965241213,-0.999981445039598,-0.0947575001028231,-1.0334828049981286,-0.4401491017720978,0.5846462541596718,0.7080228865671505,0.9960734444751908,-0.24565735811475176,-0.16866494104563517
0.7191645877254879,-0.7137421008364734,-1.022778847193903,-0.05134737499104137,-0.9278171853084977,-0.3266521773349225,0.8327226888583799,0.720469945211707,0.9100919121585386,-0.1783929284102466,-0.13281479735712648
0.7070303360394541,-0.8117134156820385,-0.994615127717044,0.1309917215489309,-1.042599246662589,-0.34865809325954095,0.7617890750588306,0.5231522472649814,1.05204524668141,-0.20404351367895865,-0.15338921962790397
0.61396718388467,-0.8197515608323006,-0.9614696268443133,0.19081504917532316,-0.9368492426182221,-0.3644058941412673,0.8575919194799311,0.490375381385097,0.978096893277343,-0.21907773747500592,-0.16882714463460344
0.6233083975739955,-0.813581389259156,-0.9368227635844275,0.34465509521554405,-0.9982727894035389,-0.255079852419972,1.0417421165798826,0.19876686727562343,0.9019789499464217,-0.10947667683063511,-0.1690471881690383
0.621038402024376,-0.7951376153067717,-0.8697002727889027,0.39580044170205453,-1.0237742697536636,-0.34512500327867224,1.081916243424445,-0.0036908455836467124,1.0102062874591746,-0.2027940632838941,-0.15514573477521554
0.4549847002575329,-0.8392193736634695,-0.9594428396123466,0.511526546878621,-0.8851270755758857,-0.2926241588703141,0.9395144782423758,0.044752459984358575,0.9743926302140709,-0.17275197293084574,-0.23736591687011463
0.5119513057330611,-0.9134410668344564,-0.8193601162676751,0.61818014436362,-0.9824443808041303,-0.16629715994135236,0.9700512149512641,-0.08972311694131666,0.9820413840043427,-0.17716266871131478,-0.18632125817459805
0.34528699143375513,-0.8661343298776035,-0.6833472513716652,0.6677466972685443,-0.9157558643515804,-0.17924183037885946,0.8638514898970241,-0.36789157955317875,0.9610096780144987,-0.2886866089264133,-0.21551185256493807
0.3607234303924288,-0.9130580494604431,-0.5992032875820623,0.7589573439126907,-0.9018417456695025,-0.13135720583748178,0.909619186650976,-0.39372187746656795,1.009568042183822,-0.21881062718852512,-0.1797676202123048
0.2508516387325287,-0.9504735967659566,-0.6072497936801272,0.7501406719305881,-1.0204335188940012,-0.1577868209279781,0.7323721469145937,-0.5789844944896625,0.9192426529825504,-0.2678541323969124,-0.26083582251657406
0.23483614386678067,-0.9706783891922711,-0.4798927766293576,0.8342514318227544,-0.9365161735969889,-0.08802405641730852,0.6852814090073197,-0.6679248097669003,1.0263313762104906,-0.2707342808865542,-0.21385299577481476
0.17384609467158355,-0.956541754389071,-0.35795670675023583,0.969459622548241,-1.019886048238753,-0.15843962902888076,0.7165104903592,-0.7540887024224916,0.9324748156722739,-0.2521541231940581,-0.2244411743370296
0.16237711870778473,-0.9882782298656477,-0.2937702963108034,0.9199173598884258,-0.8957463343339893,-0.13625221109730923,0.3716028999726091,-0.8924792974445669,1.0094568180486003,-0.15551321114740474,-0.18609179640614654
0.07774826171788177,-1.0338594124655398,-0.1931051584257338,1.0316878890431145,-1.0053821942517656,-0.08024119156083703,0.3566612664573492,-0.9251470538055946,0.8969276865188172,-0.33028947992940955,-0.22013385551913237
0.04346235612473788,-1.0006641095683202,-0.18872736826767683,1.0414602572610265,-1.0258015539400689,0.016302922856973594,0.06973235033746947,-1.0240283784445319,1.0153986972763631,-0.33342409036179127,-0.2400473432059479
0.05429851828141915,-0.9548607395485488,-0.03141716991171958,1.1026176537452081,-1.0963907467188518,-0.02787173333130557,-0.021325886077001546,-0.9759177353264931,0.9883830293667626,-0.3550503815440641,-0.2015540411765767
-0.05695541440264043,-0.9603875132041605,0.15115838902533524,0.999955872909325,-1.0727235849551584,0.01271197762445355,-0.09771826038511418,-0.9886747789399564,0.9562162095880579,-0.2677862649877599,-0.19767490748475133
-0.09659847728118368,-0.9724114435960708,0.19125918415860096,0.9642292763925773,-0.9997561210751581,0.04821349530072788,-0.2997101324013966,-0.8991268191958114,0.9982245909109557,-0.31427766247656963,-0.1908727076080432
-0.13053523548544888,-1.0379092349724175,0.3184689867258483,0.9260126147070553,-0.9777581090666699,0.07214640740016497,-0.3671030556351819,-0.8899634426121079,0.9139148503140779,-0.3424320789397494,-0.16527854353830396
-0.17190430575143487,-0.928059638153594,0.35188784643734605,0.9491694119343536,-0.9934958009630769,0.0962414800478995,-0.5323107862943419,-0.8736613774118531,0.892244064639589,-0.3285135099737182,-0.17908495913712902
-0.20760272556578424,-0.990188410132788,0.469804229006942,0.9230474579110277,-0.9424247504288822,0.15790823019123112,-0.5658761381686764,-0.6602882301424433,0.9511374516754385,-0.37549684256798854,-0.15134504416658598
-0.1543169219004266,-0.9571696686680624,0.5090324152208842,0.8410604166312001,-0.9552814408048683,0.1370752824882619,-0.8254830793712121,-0.7593415418971664,0.9452596516429084,-0.3879481779598867,-0.11550502454492172
-0.3963923787144504,-0.8890132504566834,0.5222519560832821,0.6857450772027911,-1.0142624001144143,0.13725590894483006,-0.9186327758464918,-0.6075038405043838,0.9049641242653366,-0.3337169585139199,-0.2443730825551234
-0.27975970546548906,-0.8411980143118944,0.670034396378474,0.6998163098778325,-0.9738370047447986,0.24667837299046083,-0.8928302350017735,-0.3757511260060251,0.972890930840296,-0.36232803474518327,-0.13363693476816207
-0.4032208511205932,-0.9668157013378531,0.8626450600930488,0.703746003818645,-1.0125251561188147,0.28846398156134495,-0.926490962435512,-0.2636463696398931,0.9914551460904991,-0.3460994502731913,-0.14532193875614494
-0.47501550621654703,-0.9030890186365145,0.8216411832748416,0.5047678384227376,-0.9264382852124909,0.24375929418674278,-0.9817224914711855,-0.11410122183005085,0.9468000075195661,-0.4798427035647903,-0.17630305516831923
-0.4984077743751292,-0.9088858755232324,0.9551110974648058,0.4066926471739415,-1.0023196299099733,0.37440048681453053,-1.06895243902811,0.07841321207685456,0.8941565855653797,-0.35702091695947286,-0.1631344839301175
-0.5539198477120468,-0.7471892301067532,0.9714212841423769,0.3423812117728296,-0.9547310292761437,0.2319044690575931,-1.029806629458345,0.19429310203890182,0.9286137212835974,-0.38924669421735225,-0.1764797444685391
-0.6012204441349208,-0.8047620604718946,0.9283225338739687,0.2953407221426493,-0.9392744472451257,0.3256010469759271,-0.8877332224417153,0.3483721074816027,0.8814897625712598,-0.4754602173181169,-0.20996835135429495
-0.605310221698143,-0.7683685285563439,0.9395933127499648,0.23480556714907821,-0.9376896537040907,0.2526374827449972,-0.9585532793728977,0.5526114785246264,0.8220628190491176,-0.35957744097701194,-0.20831504776490017
-0.6579001399153668,-0.7877529602609936,1.039029267969207,0.09975969293071317,-0.9647379534859942,0.32632659611862064,-0.810511958130392,0.6192136471767313,0.9647649349483728,-0.43070642445280555,-0.21018888026412014
-0.7618889610674305,-0.7039132611737758,1.012146809207738,0.01293784084806194,-0.8460656555428213,0.34279529953525334,-0.6806510840528291,0.7278542154809305,0.85120491353639,-0.4473603871106925,-0.24651356887995818
-0.7188360538460418,-0.6477738442832615,0.9750011771236452,-0.020065630986965677,-0.8036855171160493,0.36235718792628874,-0.5524542146601843,0.8086341205248754,0.9321568484115782,-0.4504380151640036,-0.2276547772091372
-0.7579217362476304,-0.6097282235493612,1.0323615097655194,-0.16472642500463416,-0.8407999116614957,0.364439279594577,-0.4114171688720652,0.8304240121023724,0.8531267342335814,-0.47548217218877814,-0.2374123975264585
-0.7747289692697352,-0.530597577322753,0.8868052890168823,-0.35017513850925364,-0.9631750045519238,0.4437633869192186,-0.20787509990649922,0.9581984070283739,0.8568802372695149,-0.5636171963218607,-0.3139578988401877
-0.9054971387346795,-0.5102624916613305,0.9821298624320385,-0.38173036559208284,-0.9775221914575785,0.48468803863109905,-0.13376273994950877,0.8795180374676584,0.8834749703185991,-0.5294887958760448,-0.3536140489292439
-0.8488248394266371,-0.5500352776215922,0.8353500956436435,-0.46107360878949366,-0.8060637779188438,0.47182690918185677,-0.06981758414288117,0.9997889323710845,0.8148773487787268,-0.4854428615954549,-0.33502014660399426
-0.9200950261565877,-0.47214519421850226,0.723074095332477,-0.6050577013721598,-0.8273138479470121,0.5825128395333319,0.039898652802840356,0.8835228889637925,0.9231769141233265,-0.40149233873530776,-0.4085880540679532
-0.8197109052157282,-0.419635285147532,0.7933363510083891,-0.6761851692828365,-0.8446683279186605,0.6321891735890344,0.31984556937961006,1.0104350943306448,0.8291934613039017,-0.403042728348877,-0.3407882128890795
-0.9165959140277061,-0.25147426495628256,0.7509810315506049,-0.6159668700533251,-0.8201583378988667,0.658013174847978,0.43307037487781613,1.0462164559951965,0.8606553376527794,-0.5496410998066542,-0.3970353151284449
-0.9681744108679324,-0.25247137771494893,0.5953033720565831,-0.8085682932388196,-0.7880475175111529,0.548299226711676,0.5532392509418339,0.8911452905936079,0.7395983163818591,-0.5023184565047418,-0.46310569731922185
-0.9766937708436062,-0.2901675677895906,0.5676977184285095,-0.9049313135659132,-0.8484222703125867,0.6088372159566072,0.6104108441318912,0.7303280800119566,0.9164769460493819,-0.5660271266339114,-0.4877220239557676
-0.9580872722166682,-0.32677469007414434,0.4721164862416194,-0.8077247505150456,-0.8614260001367613,0.6807722722165492,0.7345009049625965,0.6868504352636681,0.8357277578317579,-0.5669516182459127,-0.5096938902632006
-1.0101701522612192,-0.24983976413873826,0.26750053309773353,-0.9492651518775124,-0.7806394934427612,0.6295712934272977,0.7997689130584634,0.5114790535854632,0.789975418581464,-0.6069917912136562,-0.5809628148898418
-0.933223559061712,-0.15273347057302727,0.2550212826282067,-0.8760741863943275,-0.7803498566617457,0.6110671803191055,0.9231296205355968,0.41661169649301455,0.7577587359653344,-0.6467793957676438,-0.5461753660747432
-1.0655604370939507,-0.0009343670642479457,0.1059301159889417,-0.963157776277405,-0.7441595829811439,0.7295370763092993,0.9963859597535283,0.217265187107817,0.810061246958281,-0.5759404842563862,-0.6498331003465216
-1.0201594814148858,-0.015117461613966005,0.10849859980651205,-1.009980909185141,-0.6414498552076278,0.8196422429883435,1.0348754940526,0.18983480477433767,0.9352238107811184,-0.6110842917872575,-0.6058201318070149
-1.0107945882390634,0.04241805553807147,0.060263185805321265,-1.0078188912070476,-0.6732382087167257,0.7067565187586556,1.0536025415715895,-0.06214500048623171,0.7807958199944227,-0.5468025520350562,-0.6219659801212805
-1.047006700448592,0.017590888894870906,-0.11174736725281746,-1.0416669444120954,-0.7503605260658606,0.7619798693305116,0.9707561668856302,-0.2903057987129801,0.8470678961132785,-0.5536995783671932,-0.7070996656133134
-0.9718351776846397,0.14882791429621287,-0.26341135455561154,-0.9656203692873063,-0.6441295973481773,0.7601366792358866,0.9639028906017776,-0.338638551837223,0.8054993590411712,-0.6401460865226962,-0.6937669146786388
-1.097976425829056,0.1254028093356876,-0.353695829495856,-1.0080280431247297,-0.6804835825823536,0.7778096508198179,0.83614777142592,-0.4941962116887943,0.7456042911192087,-0.5934201610650621,-0.7911936782797555
-1.035863582489053,0.25672108475068817,-0.410287090415489,-0.9489688769890934,-0.6734948514317337,0.7612074836179741,0.790918683434546,-0.5278051130644603,0.7039550808947743,-0.6128663376559964,-0.7757168886555199
-0.8650823488649497,0.25343282063520495,-0.5088002633078681,-0.8380895509476344,-0.6454703980507852,0.7128941820494472,0.7053615658876274,-0.7051389038939866,0.7047832483081174,-0.6371499291918622,-0.7142753330349924
-1.038793870976909,0.32708309029827354,-0.5627673457666621,-0.8125291887005841,-0.5418940728604879,0.8292294036571667,0.5877637275838948,-0.791075019158359,0.843421926907414,-0.7101540663503076,-0.7966059537905508
-0.9652944790295942,0.3701777684784443,-0.7267273990721705,-0.8005977772835711,-0.5076554369744353,0.8007312620846909,0.4644139289075287,-0.8238055690752472,0.8228106664428914,-0.6771156786798739,-0.8021965466313353
-0.9077538894748607,0.4297204116032056,-0.8049903239981306,-0.6409162928894216,-0.5457343050326028,0.8473362727309796,0.2904576670364724,-0.8830021603928426,0.7739608701633676,-0.6408764842013355,-0.8045209029433901
-0.9041122266247412,0.4618406350891431,-0.8273977681163969,-0.5343214682860161,-0.4765504853382202,0.9124792523162902,0.1465101966775144,-1.0287586594184008,0.7305560630950023,-0.7796644681124865,-0.7955855408149337
-0.8556023611473866,0.5154343423185264,-0.905508969156765,-0.5786844946230338,-0.5212774327045263,0.8748958063379983,-0.04382577039286316,-1.0851126165408551,0.683209405911445,-0.6978991885102553,-0.8037093578616281
-0.8490088461074048,0.5739066029094166,-0.9007673214119237,-0.4155474185207896,-0.45631165841037646,0.8517412865455053,-0.13444401395509734,-0.9731958333450194,0.7090787619489138,-0.7305816081012804,-0.7859969511593548
-0.8590188555632615,0.55521180385236,-0.9928825090027418,-0.2859597244744529,-0.4261511922192482,0.8448111521251924,-0.20736256195892688,-1.0119637350377186,0.7389548010471845,-0.7197795920518091,-0.8126044189263029
-0.8346788323888785,0.6280004193559814,-0.9669365272470737,-0.2627887754735085,-0.3992671039052976,0.9408352943476392,-0.4457349799845779,-0.9519197974011948,0.7395016444677531,-0.5938463095591412,-0.7872737951496209
-0.8337131411858244,0.733930237694408,-1.080073654441882,-0.17752163726219547,-0.4425899644121739,0.8475175493984669,-0.5398446674365657,-0.8548521619002051,0.6986747512848708,-0.6171329461071791,-0.8293966598079116
-0.7434327098754862,0.6909713127009202,-0.9816875608437979,-0.06696922034805947,-0.3502663468401847,1.0006323143353675,-0.6086568495028485,-0.7743330683570759,0.7817865834798849,-0.6725426225121018,-0.7362758925589193
-0.6655047701749731,0.7482496604439741,-1.018688318794821,0.0032880332716622926,-0.35561506428623746,0.9240739454395195,-0.7816295381792874,-0.6175470703411997,0.7284330351392547,-0.7088929749487568,-0.7094818935831804
-0.704640818329627,0.7005473643873981,-1.0404627532132937,0.15198088148304315,-0.29683163547454006,1.004529365059364,-0.9055375522992917,-0.4839624071422264,0.6756238379460473,-0.7147562358256409,-0.7238255622237096
-0.5727663429306326,0.8139021891126533,-0.9886355409770486,0.1950578888245275,-0.2593340742867717,1.026181151425771,-0.8973961586939827,-0.39153328009394844,0.6895726506035424,-0.7385186591527891,-0.6348406486157853
-0.6091812548312054,0.8980095598972379,-0.9100121166239445,0.35671004512692706,-0.27094836214004503,0.9993753571234983,-0.9638932140296474,-0.26769489159967186,0.6811818824291759,-0.7825432279068284,-0.6317839348307951
-0.5074732262676672,0.884979355855351,-0.8969130419857761,0.41204297871848383,-0.15207090041399451,0.9943116264753742,-1.015220507864237,-0.06428199778107299,0.6256401679296492,-0.6883529114522255,-0.5532247058123654
-0.46233665489468756,0.8318265974225678,-0.8448434959105758,0.5224763310841704,-0.31614670156040575,0.9680800196211437,-1.0395439375235087,0.031932908980206995,0.603721815036496,-0.7407256864187319,-0.5478507165325976
-0.4570507874336818,0.7882129401357336,-0.7222039363342125,0.6605273527358979,-0.21383347518616883,0.9840185375215592,-0.931674916039218,0.17132033224530427,0.6977104498086693,-0.7900143937240324,-0.4879532696543384
-0.31975415098114013,0.9910096834005324,-0.7681075764358556,0.7144537250387882,-0.18567642526489803,1.0348685418019168,-0.9143039062227893,0.4019075604748751,0.6767384794818199,-0.7805852671623754,-0.4274446334743063
-0.2755945477986491,0.9239303701921505,-0.6966169954283348,0.7493670066123694,-0.1778086030350028,0.9439674396242218,-0.8036603611574625,0.6356809482594978,0.6544047938780647,-0.7624631782203902,-0.38234409313482554
-0.33386710623241045,0.9020586524419152,-0.5361142190961476,0.8141033600822601,-0.04893438958812242,1.0125478064278435,-0.7881393720781715,0.5988408540997869,0.5053001971221971,-0.7645412806474026,-0.337554696762674
-0.2736383795637053,1.0243796601341646,-0.5198712661309401,0.9590976225602474,-0.15584859479350577,0.9174576496718214,-0.7531597210099047,0.6981633471586216,0.61770125103382,-0.7327751226131138,-0.3239502885798358
-0.14753769433731379,1.005793032030635,-0.3970543667084334,0.995009685965969,-0.12128378485233504,0.9809044174457205,-0.594532443137907,0.7938210679663157,0.6200073511211887,-0.7730957185522138,-0.21714191415165393
-0.18332263257655682,1.0443012315588673,-0.24841780935754254,0.9203135958384514,-0.14790923269450795,0.9466199316673947,-0.48853234499792786,0.9099608718468928,0.7425252843919596,-0.7410446224282012,-0.19576850563444276
-0.09764454126063382,0.9636761567125798,-0.1875379850731611,0.9920806054571873,-0.046843534814309855,0.981644601459906,-0.3062803365437241,0.9636161356116976,0.6004038488893951,-0.7439045200101402,-0.11445237311512722
-0.03670248466443756,1.063904547226246,-0.06831985323864179,1.0199209494268304,-0.0766233486924515,0.9821367236975707,-0.11191912117109565,0.9855021521890283,0.5852243412478599,-0.8220681351564773,-0.05417186804230162
-0.07704049330197818,1.0191066985893211,0.043416782386660115,1.0033264150943737,-0.023841776683542846,0.9987527727355002,-0.039699292763867716,0.9419459384953239,0.6019729183098829,-0.8915650017556581,-0.030263567271699623
0.03477892924501225,0.9398530796067885,0.16815097433519793,1.0441027858161251,-0.022439239508350067,0.9810994705743635,0.17351810585464528,0.918950999544299,0.6045003409964587,-0.7001706265327672,0.06334690902139549
-0.011286109066336383,0.890159194477155,0.24457911804403154,0.9439221553059747,-0.048668514029112174,0.9594029491786287,0.2971923732621328,1.0568944390130435,0.677015310276238,-0.807640150765811,0.057996978074218844
0.20219774141170882,1.029259725815523,0.28098462269112595,0.891062818789419,0.015756888107023144,0.9368083075209306,0.4048090458279905,1.0102832302186473,0.5023456985115943,-0.8221550377603791,0.18854563513459682
0.22134965170079177,0.9806370605315119,0.46626426095890927,0.9014065522333456,0.07786413444003665,1.0188801941528909,0.5249256793186283,0.7932288358174098,0.5505420545230122,-0.7421254720169326,0.266126931026076
0.26879156199469867,1.0169762541865572,0.5548998085391222,0.9175825362067137,0.17357710746115873,0.975284031141267,0.6071520404986053,0.7700375514002069,0.574053940417566,-0.7680537892551494,0.33558114505131775
0.3517090693442794,0.8881098557477451,0.550955761340305,0.8381081698885133,0.12356122348983517,1.1234484883702627,0.7985370409977521,0.5573607541954141,0.5638148089077486,-0.7707294630337232,0.3658535077721982
0.3089343147131244,0.922411138556259,0.6409920855873668,0.8391412928667212,0.19813300669041217,0.9741649639434197,0.8738133579453482,0.5625843483954582,0.4825677640388496,-0.7967547738964301,0.3863913843708547
0.3949807679362068,0.9092418685714884,0.7017293533974667,0.707335238099161,0.14585824935444788,1.000162248853027,0.9743940094411032,0.34520583120552684,0.348778244255572,-0.8353931187469031,0.437180839858233
0.5216312427284117,0.8607116941228397,0.7985611337377028,0.5932142366248032,0.22751550906682988,0.9227861920287422,1.034191516024292,0.18290709846510053,0.5181911228601814,-0.9061591387755289,0.5458870632988826
0.47344760576010264,0.8489971194203707,0.8342371746324595,0.5850380545414857,0.24360851749170684,1.059546713519058,1.0918094529423439,0.1222003022586689,0.48271297784179495,-0.8614071144675253,0.5357166587681306
0.45115620059750894,0.8981594330985394,0.8668082601877595,0.4616943029412913,0.2652532590377826,1.0187494389832141,1.0307559966466726,-0.12258596202194336,0.4148479524993987,-0.9097052500959685,0.5386712301626388
0.5844001999537446,0.8221193638693925,0.7980980175110665,0.36241293465981606,0.21256029235464885,0.9823631247972583,1.047913489959597,-0.27268218810273065,0.4295429920447733,-0.7700606600456249,0.574141563701122
0.5458649411945894,0.7731812650424417,1.0280483967306058,0.2995608752137037,0.2744514975391429,0.8730466621392023,0.9681038245765662,-0.3175969580580711,0.49609561139116526,-0.8769252539711987,0.636237289124305
0.6612898853654307,0.7696871904731838,1.0334326395991125,0.18982231144781975,0.3186481373383369,0.9910185231691144,0.9030754762190198,-0.5315638224258293,0.42069618274670395,-0.9409228380356528,0.7044043620301165
0.6922857935583995,0.7837654604951689,0.9694674180911383,0.10585152213423975,0.35026894403769804,0.9731927658935225,0.7933620476955038,-0.6389607466299446,0.40277684141569564,-0.8945430800764006,0.7070369110140808
0.7424154163263543,0.6630896976898484,0.9947813110680638,-0.09681754627190081,0.3837156177227236,0.9935514361742582,0.6136129315511943,-0.6768730536306838,0.4647276475922713,-0.9158134157962867,0.746385225028141
0.7793553488897385,0.7457882074463972,1.0021736019840213,-0.18462797893277588,0.4239806853663476,0.8292803956509073,0.5456500821864535,-0.8416764769288171,0.45366100287836675,-0.8052819196781303,0.775125892113345
0.8095155590998656,0.6971041240697421,1.0094432566200018,-0.2172447632905983,0.37600100400996417,0.9256410081194293,0.4077673258216379,-1.0055773953760054,0.49146684343987335,-0.884612908129917,0.7827909573379263
0.780609417438026,0.5688129246675705,1.0288586381920901,-0.32394098389689846,0.4760025028950908,0.8440558913433494,0.37362598821879933,-0.8855113830695212,0.4465891208608141,-0.8923177883496174,0.7941628007556583
0.8204047558645544,0.5767711276553182,0.8627401989818289,-0.4059847722311984,0.551613884137626,0.8610667717146934,0.04816041321032974,-0.9686697631143129,0.3822007240514947,-0.9063858321439329,0.7793472144543511
0.8278186911605915,0.5433127209889423,0.8932191728175753,-0.5122474559745658,0.5880437647867692,0.8712531451918561,0.011765313240694429,-0.9770514781305905,0.42923017490638027,-0.9171175243290486,0.7994838503829221
0.9215034146697071,0.5128516995858258,0.7823178781257679,-0.5900185347139869,0.4733219876774044,0.8062560227242078,-0.07267754349998065,-0.9602963495152466,0.44119555281530354,-0.8912748472519877,0.7901114683080648
0.9028697803303317,0.4609228642657921,0.7446769411013904,-0.7647431681297144,0.5131972151781546,0.8874824396256882,-0.2798613394334964,-0.9903344386910415,0.3086895829575489,-0.939539672522911,0.7774774155312139
0.9399396436615355,0.4310584845687094,0.6155915530000954,-0.7351152897006662,0.5422077972825239,0.8789063705456331,-0.4324565814536569,-0.9168639682024025,0.43575572520989136,-0.8586372846505546,0.7630888471873012
0.9467627172213553,0.32224051177422625,0.6472148419043886,-0.7596897407958729,0.6181701277300287,0.8019434204334046,-0.46032263892250197,-0.8040202640920715,0.40161019394312286,-0.9979213296733921,0.791179836728
0.9935336646778521,0.31885042756420756,0.49878496283886753,-0.7964587645715973,0.5736017831814595,0.8869497624878769,-0.5841233222742025,-0.7828775984385993,0.36960668205687874,-0.9302412989546398,0.7611226778268781
1.0154680776531748,0.28958766192941565,0.46814460085469456,-0.8979833820218307,0.5517952913258741,0.8620791286772974,-0.7577911172065508,-0.5619376025666403,0.3181706109649846,-0.8934777626237785,0.7585364773481706
1.1000080176869436,0.1701128832791134,0.2974834180596174,-0.9809577555808762,0.6051828800498547,0.77082655740095,-0.8294097103367294,-0.497375996526977,0.34838177151769567,-0.9127490259808559,0.760285610271328
0.9876740174838811,0.18661200496149444,0.141305697514512,-0.9744025750298272,0.6820233221589787,0.7155832279024213,-1.010311208292982,-0.38819494680039424,0.3413797736075118,-0.9228264003832037,0.6726333824280899
0.9898158146429997,0.10066599814995049,0.12272193341863097,-0.9766232964195005,0.6452363079133199,0.8389158987468728,-1.048285127008106,-0.26531056054917257,0.39230273210337746,-0.8875734829647298,0.6607717489297531
0.9770805254769704,0.046518752525048945,0.07015656508472574,-1.0455794477916687,0.7487119313883663,0.7188020151453564,-1.0216096497939935,-0.08538857851096078,0.36334479674219944,-1.042819707461281,0.6593296185415762
0.9608720197398501,-0.0008100188207769178,0.009597868568964704,-1.0687528099479624,0.6679591485884009,0.6808483627894129,-0.9602758374953321,0.09098853946944725,0.2725718265878558,-0.9764352650577557,0.6169072001582947
0.8702340560493181,-0.1174523146404921,-0.16141389670100764,-0.9661545449830302,0.7882397264679524,0.6086309061630155,-0.9732460656526136,0.2468258347578881,0.21680437029242666,-0.8514772732580759,0.5443408043079473
0.9733866066388789,-0.20408520654741422,-0.22568252218688845,-0.8925127313787495,0.7705035786462445,0.6684978334626586,-0.9408391328712636,0.3167414502550416,0.292250561205941,-0.9357304710516948,0.5730892623926218
0.9922353720878302,-0.1434875618643165,-0.44784415925173293,-0.9904288940687336,0.8199984013266459,0.6354161123351733,-0.8582513632574595,0.5361818958055904,0.4099056556872218,-0.9191879304414102,0.5257641185337244
0.9677703708587992,-0.23323114502322442,-0.5182778011417054,-0.8873192071654047,0.7961641835591373,0.6631276300814921,-0.8099533466427251,0.7129964509674409,0.3062529084386314,-0.9232176925692811,0.48763468179871544
1.0414703371449705,-0.23559448327048602,-0.47513666392959386,-0.8163644700746133,0.8211941252499861,0.5903255287764,-0.6166628952388609,0.6371124553227854,0.28667029786384296,-0.9327725457185869,0.5424329944436043
0.8607801630197222,-0.386927625464365,-0.5208060648480366,-0.7714143460768991,0.8640666832886539,0.6430049034691734,-0.529462886369059,0.7772297761004866,0.2380089383301358,-0.9784623470964943,0.44696159871318086
0.8985385419086791,-0.4009556998511006,-0.6382999372135462,-0.6576766304747867,0.9387508307846681,0.5323201150419213,-0.3775088939525483,0.8928445947015827,0.31040341026025614,-0.9733779449787514,0.44552945594720933
0.9178689065223185,-0.36889932213872967,-0.7267769965768948,-0.6098516385428424,0.8717873155265241,0.530792296847534,-0.3369987473197388,1.0366798163944742,0.25243044631836614,-0.9083100015982787,0.41525881739339565
0.8311765192763397,-0.4165561307953414,-0.8352203950601603,-0.4850832300498824,0.8696011210379598,0.45688795037463603,-0.1324219855196788,0.9741633298038178,0.2035053792445515,-0.9882255651110772,0.3389423653277137
0.8918407567351726,-0.5795319624963674,-0.8318407116608226,-0.46152648485046627,0.9196282882086546,0.5597964960738134,-0.000646346720155901,1.0082982920653956,0.19682112025990697,-0.890297577555922,0.38029382251107047
0.8072139885526547,-0.4363458032711245,-0.8542548677557052,-0.3869984253565765,0.9094588624009119,0.5247067810623551,0.15315501574297596,0.9613301719633986,0.24165789179736774,-0.8689989134202376,0.32922230642979816
0.9650391621096429,-0.5643537509797325,-0.951120819686101,-0.3931136261104664,0.7846233364361617,0.5741956487330805,0.32623097169053716,0.8947127196100776,0.18964461411183725,-1.0311369557892915,0.35410800243622353
0.7044546948448088,-0.6176940576264087,-0.9929469242723643,-0.16655174612533552,0.9641180167491504,0.4459922826626221,0.33152595851127653,0.9650191712574506,0.26516920064188504,-1.0094314245228277,0.2471668734905252
0.7496825481838704,-0.6621322418853499,-1.0056316164513062,-0.053120583209451226,0.9302103425885826,0.3594187945359569,0.5505438773264026,0.6997495951300597,0.22084575072157897,-0.9907442211864215,0.2591938576742599
0.8252708169773617,-0.6769121035684236,-0.97526076433571,-0.077571478603219,0.9546127233927543,0.29486299272873595,0.6693336865464218,0.6931252754476289,0.15878912656298455,-0.9699749784871923,0.31097972386651873
0.6640895484458299,-0.6804839490326264,-0.8835930911620272,0.12588149065839133,0.9878432558861039,0.371497498099281,0.8045107279307278,0.6534010844119945,0.140849669316204,-0.9597630981764369,0.2645354980515276
0.677064263490725,-0.8538947535533736,-0.9551110475206405,0.22912850693148323,0.9785002720689002,0.3778426560565763,0.9361989119900396,0.5258904867762676,0.1486519820290401,-0.9645640911547974,0.24769887190295045
0.6406878616328859,-0.8758718861440832,-0.9316937831950013,0.26688420130483337,0.8697256436241247,0.2701769715713422,0.9905027739348778,0.3521967135133099,0.05583332511735169,-1.0337860668410075,0.21478092458276757
0.6048129763648531,-0.8471252121053479,-0.8612297764528457,0.4509477166970788,0.8665752130653526,0.3163395161600388,1.0627936582441257,0.12615932860157825,0.078276239883786,-1.0279317825603578,0.21735259785964334
0.5505174169731395,-0.8311816106617739,-0.8706096396252679,0.4283836384776931,0.8969095973326334,0.2884881973120587,1.0781041691007562,0.06803301245385646,0.15687618376505574,-0.9814621095146291,0.19345773606551608
0.3763483699425894,-0.9037431235060304,-0.8314085645069055,0.5417467154504395,1.0364281477514843,0.20006393263738625,0.8974673627687055,-0.062101460527454494,0.15284627652995844,-1.0129607353143053,0.14603724516951994
0.5562995990382124,-0.8795124356175584,-0.7486228490042565,0.6242243746049867,1.0602800956306322,0.1909880159834876,0.9382182444693807,-0.24274740465177425,0.07218311624782915,-0.9678725660695863,0.2656189639439557
0.35408124446640277,-0.9618791426680081,-0.7614605340526089,0.6286038167694854,0.9685292726792536,0.23401209124114639,0.8540436507881516,-0.394167927842996,0.09536235239014945,-0.9717606159318413,0.14230831655326945
0.40147774058576075,-1.0203084234184554,-0.57886523006834,0.6910750877700659,0.8934616077732338,0.22238164863080404,0.8026993886979871,-0.5033803823322505,0.09781846985165887,-1.0408834721421776,0.20577162282702513
0.3445527506997921,-1.0024514506494369,-0.5779064220594526,0.8545483461381542,1.0060288963218564,0.16077082054229455,0.7755674299728752,-0.6115934396566777,0.1565562132400739,-1.0478819143787355,0.20011022799643155
0.2387901385506029,-0.9966828453987147,-0.49112559590247584,0.8826135717152518,1.0132569091733135,0.05247594005878185,0.6817129322214818,-0.6778762699495591,0.056053352983955224,-1.0300033006289746,0.17470877233922139
0.2769757033200717,-0.9625177593567789,-0.3868622548864124,0.9170768755042972,0.9999731123748739,0.06794704413062282,0.5690643569956799,-0.8473899250507723,-0.005959468836620768,-1.0140188316467578,0.22242379766908693
0.10533913604727951,-1.0031931510014906,-0.3325932570149951,0.967740952309281,1.0326877190979136,0.06598419002700874,0.27980132392056256,-0.9224913184902019,0.038268226824503496,-0.963986494687838,0.15942913473872394
0.07787641110949522,-0.9951785073460924,-0.1694184010949205,0.8941264965281295,1.003303138863061,-5.2878462074461285e-05,0.2373429236422362,-0.9489574620986366,0.006624291567680815,-0.94884599327336,0.1887733129988837
0.06361356274746782,-0.9550852527363767,-0.1270261092083696,0.9616209727303118,1.0340952191530688,0.04198596669896082,0.08103739842639235,-0.954872797078733,0.06861733147301259,-1.0541240601645665,0.20051799244183682
0.07753088927641524,-1.002658662816877,0.05129160299276837,1.0207193658700875,0.9358345975423707,0.026530144610091254,-0.05908452543598783,-0.9570995831639183,-0.020971736649038907,-1.033850476101509,0.24131984504451232
-0.04539141001619401,-0.9789982433136601,0.2639212860480223,1.0444606761424133,1.0108751394736788,0.008812573882950658,-0.12168118174611495,-0.9870391937322018,-0.01992566969644745,-0.9897860868059724,0.25865570870104543
-0.07920489799003226,-0.9433523184264451,0.2731513674103231,0.9858018979936279,0.9826967231175711,-0.10822965613414867,-0.3953230944442888,-0.8373506079165142,-0.016371024800985883,-1.0380422255480088,0.238882305851595
-0.15357474645237737,-1.0447997538115052,0.3436722184179063,0.8947754024430332,0.9920630044918551,-0.04210355744707072,-0.53751577501781,-0.8782021193247194,-0.012173843574817697,-0.9559549060834647,0.22472689319755423
-0.16077483525066097,-0.9847416730153954,0.440796404157947,0.9662157600117738,0.998521902067753,-0.17393728593871405,-0.6027114068232998,-0.8333533031974213,-0.13992232258549728,-1.0059227391005772,0.25155588403560425
-0.22321672608237234,-0.938705656457622,0.40163471933909384,0.8659040547160143,0.9789099174901225,-0.0505449742462373,-0.7363265224322654,-0.6564988084590204,-0.0999501311981171,-1.1061522465696745,0.2046640362585665
-0.3724697296578496,-0.9806531224934472,0.6202761833022958,0.8886254755328119,0.9845253159538719,-0.10495013999992239,-0.8900333830846104,-0.5438189214866359,-0.13766886867637013,-0.970895978815897,0.19675305335253834
-0.39710129490288515,-0.9159763456086365,0.69634363936775,0.7932200851691751,0.918442913368218,-0.14309813437470278,-0.8106746720445897,-0.5191885295381545,-0.03856807720038564,-1.0010312194978617,0.19404102703252604
-0.43824994390805777,-0.8314020400767445,0.6892572750095293,0.7263239097793442,0.9895472481637314,-0.13533119440706556,-0.8412172895032753,-0.356009553443489,-0.006034208515116282,-0.9812744056072605,0.1855616601815762
-0.38258699241963984,-0.9031215542736727,0.7980135838217272,0.6126719174777643,0.9392283406090074,-0.25071392769788514,-1.0127521797009917,-0.15602064555655223,-0.022578072526445114,-1.0642484343109984,0.23595624705849969
-0.5439119794423282,-0.9012783400896606,0.8377385355777942,0.5570580134062123,0.9927528406917924,-0.2323613737662472,-1.020627116212545,-0.07911613135487586,-0.0727005306686217,-0.9624393511622269,0.17791613909053267
-0.514006111623251,-0.8848813609824221,0.8887922096719207,0.4282326113011658,0.9346232217789764,-0.34526794982480363,-1.0316446460112139,0.0739802573168463,-0.1406722745806585,-1.0212888903774329,0.19655925144574596
-0.5175512384089617,-0.8712028603258142,0.9596415631901233,0.3060394493356486,1.0541471698688012,-0.28981649396430226,-0.9331325132579313,0.23172133307619666,-0.12599711336746686,-0.9941062632711056,0.23994628372631638
-0.6431142216151845,-0.810435352920469,0.9734325781571772,0.26529814211353603,1.0363927708775098,-0.39432258344838483,-0.9269097561556537,0.4162481262742722,-0.19499326118741633,-0.9756465014427989,0.17775121681506287
-0.8011009786206529,-0.831675796854116,0.9556470605996485,0.25731194207953395,0.9717938884469953,-0.3713870582685038,-0.7489030824162191,0.48778658212287646,-0.08378827708816614,-1.0280237526522176,0.08050240655896718
-0.6588482400527791,-0.8336949165926799,1.059868189678518,0.005668006920208808,0.9414224113468739,-0.47322112990401033,-0.7819384138618134,0.6292603139231776,-0.2075227243121233,-1.0231486968829366,0.17682081914654063
-0.6865437839389242,-0.7302594836933601,1.0180857603525664,0.0024667614288324813,0.9367822180156226,-0.3334796869951184,-0.6595193621152684,0.6636815690691459,-0.18180724546736204,-1.0082571185658689,0.14951027973943232
-0.7608919758988856,-0.7343732477323439,0.9735869766339665,-0.18576390753409347,0.9409971041396853,-0.38858220171107327,-0.6748344875426648,0.8778605008851952,-0.22867141304822436,-1.0234573682066892,0.09982952586868421
-0.7779396505399181,-0.6193939256334045,0.9793412248224954,-0.16306610174039426,0.8533453848250848,-0.4726014455131965,-0.4267530765534433,0.8600841465434929,-0.11597429369995434,-1.0250450575832664,0.07550161914180653
-0.76586634281452,-0.552012680221518,0.9259708214507214,-0.38904669306247797,0.9700094965951997,-0.5086770513820901,-0.2398469900018892,1.021605393763223,-0.19602425895148845,-0.9455694718786776,0.08885997434699636
-0.8760158193961668,-0.42285446690203465,0.9670800164921054,-0.4383639773657052,0.8597592322410921,-0.45960941450208326,-0.16584485107670888,0.9903290622343196,-0.16365280308729027,-0.9271101641453242,0.02406794169776666
-0.8693451683880911,-0.3682273017189611,0.829377661690732,-0.5022099768923141,0.883348499616144,-0.5940990278917846,0.1514097000886077,0.9666121790658362,-0.2042333852276048,-0.9873427835926619,-0.00918958576359713
-0.9142745916849961,-0.43345093557865866,0.8481237375088347,-0.6012262210842291,0.876776312826691,-0.5879152887982964,0.2125734532805714,0.9232291554342108,-0.13169501710331882,-1.0079212016034336,-0.027344912024509477
-0.8659415448507286,-0.41106864147356514,0.7593519981540421,-0.7094468549466179,0.821297369206795,-0.5546276020456623,0.3291111501847652,1.0203892901727107,-0.28651148275520183,-0.9813073519429039,-0.040905699137792684
-0.9523367363152232,-0.44663082815642957,0.6827536488835015,-0.7580141580794829,0.7980504958377144,-0.5839681520753154,0.5213035719165449,0.9093187705342846,-0.230894933365541,-0.8744689860791282,-0.11173217432501825
-1.0063944975731118,-0.2864710514677623,0.5854873486178219,-0.7302386355017341,0.7259838212989024,-0.6122586654009062,0.5619186501387858,0.8132261702876347,-0.23635425450149022,-0.9190644241129787,-0.18235427994142886
-1.0052593225624773,-0.24600415195600245,0.5053273557234234,-0.9250538268937422,0.8786792784942936,-0.5920325631602457,0.6201279392684114,0.6901382000373539,-0.22617846786187468,-0.8663189192233155,-0.1752955988653529
-1.0199682132273762,-0.2104756674831003,0.414004645343283,-0.8582177448530578,0.8293392551369723,-0.5521079645565204,0.7719042482012175,0.5907039847810579,-0.2954522234124074,-0.8884169857967714,-0.21991486198330876
-1.0233616350235188,-0.2053943800202824,0.3508033786477338,-0.9560873119695319,0.8224492726641047,-0.5783780090480775,0.9486049854150315,0.4987931512514694,-0.36673100109643697,-0.9277401881053597,-0.24194994938461833
-1.0319504574290226,-0.07825751606167355,0.24120654719530601,-0.979206738866911,0.8140849140468045,-0.6565996611867377,0.9198723927253135,0.406260658678957,-0.28214431781871196,-0.8936741178173028,-0.2807962817465586
-1.0150023755445636,-0.04062114935601173,0.06422685789177832,-0.9026138141773716,0.7477901785048044,-0.6549442936674528,0.9738892769169212,0.17681472489859154,-0.2810856802240551,-1.040470585760165,-0.3386750947037874
-1.030796624231848,0.014605081495911113,0.035357641131238175,-1.0063798177737358,0.6602963076175885,-0.8023588585067957,0.9431531215483158,0.017985260283009667,-0.2571645188225983,-0.8910537351217833,-0.3727317582530349
-0.9657538261116702,0.04793095361625899,-0.08682611608639675,-1.0418612452132627,0.6473546089669968,-0.7577153557989191,1.02181654331861,-0.03293515987426812,-0.3948664214901782,-0.9950287083542322,-0.37945382608835476
-0.9392578726239879,0.035497675918850675,-0.13475765719298652,-0.9590306369599908,0.7023132157836466,-0.707491352384035,0.9821514718424895,-0.3594608455968221,-0.258876879993864,-0.9802881350204627,-0.36959359031316064
-1.0209472739641774,0.15773855063239312,-0.26786545897759684,-0.9876131487183065,0.7206337824681224,-0.7275735833731826,0.9732664655272228,-0.33880977437322896,-0.37945128402405337,-0.8516531462180812,-0.44670651818174323
-1.0438520514250311,0.1369461888492718,-0.3400494562899953,-0.9102207778284983,0.6193131824458149,-0.7879148709316247,0.7514080529276476,-0.4984685105173552,-0.34909144486693366,-1.0330533129015806,-0.5000782261103512
-1.0248817532275691,0.21586942413442148,-0.4712392315437588,-0.8694713330836067,0.6376767004833985,-0.8222771577746294,0.7886754727289126,-0.6485074045862135,-0.3481624182646511,-0.8915956367873171,-0.5262773059802326
-1.013819967240229,0.23817950554216516,-0.5194456706371329,-0.8123819434867005,0.6099445954023841,-0.7525623168202487,0.6713070416147491,-0.7555047528884866,-0.3742281287784808,-0.972963238935241,-0.5407547657307775
-1.002518211639162,0.37984724981766566,-0.6911718643189024,-0.7808595376944361,0.5910711152609843,-0.8433812232738195,0.5222774232054619,-0.8939049612797001,-0.4167836980248971,-0.9818832925911707,-0.5903964420630549
-0.9208328305253498,0.3814149117634593,-0.7298762636251794,-0.7320596900063208,0.5325937579750475,-0.8992636871273213,0.516559350528888,-0.9557741324299789,-0.44055380955163886,-0.9320802838344188,-0.5728605427552191
-0.8910596251575705,0.4468325341220692,-0.7755725623481066,-0.606637886355218,0.48211009191087345,-0.8526145586534862,0.274785295258228,-1.0239202923917585,-0.4454092635783019,-0.9667666983567431,-0.5817795629010425
-0.9061296431701873,0.4877024083611462,-0.8148268275509657,-0.531909239962331,0.5502638904841899,-0.8515832939024678,0.12845615451471973,-1.0636750604588572,-0.4279602809837484,-0.7867945716895652,-0.5874600917535454
-0.9255732489931423,0.43582616218968545,-0.9664898765276831,-0.42748759747305765,0.46165384472660265,-0.8870642085474644,-0.08429621270188048,-0.9294241163577504,-0.44786125251740877,-0.9712174347163332,-0.6604028185095555
-0.8362836980425368,0.5068917567872155,-0.959687647269616,-0.39668003126507145,0.4254481165274399,-0.8917268294974534,-0.2532444275684268,-0.9778640977459122,-0.41461361454542284,-0.9029524349174596,-0.6209585198966652
-0.830171718951417,0.6070370240349172,-1.015903447999052,-0.24643590380988006,0.40027835136020684,-0.9466720569928548,-0.35748934407269883,-0.9355035302737206,-0.4415677279997683,-0.8836053347538109,-0.6398012236033827
-0.6871198400659064,0.6428978462309892,-0.9367479019407309,-0.18345331892306144,0.43035803499683445,-0.8630512240358841,-0.5360872825750065,-1.0754008420782952,-0.453625223753292,-0.850762435401471,-0.5385126836158055
-0.7001692650607978,0.6527168323245822,-0.9905021078665694,-0.03054966645605417,0.3615122468865938,-0.8912238556339128,-0.587889765706182,-0.712261624684858,-0.3375779201884725,-0.8509671124751367,-0.5749328155130509
-0.7128116120059126,0.6535580358721498,-1.0226552351427856,0.0038579979726771447,0.35009156075017894,-0.9256238616713894,-0.7335493026140616,-0.7361778594305822,-0.4915237938525037,-0.866454238628321,-0.5931840643957562
-0.6548937413090477,0.7535715798183795,-1.0005586101755677,0.0485294237246443,0.33205707124857287,-0.9663890009085275,-0.7572000685481953,-0.6181841493657083,-0.5713662184994952,-0.8278873897878112,-0.5612030394574796
-0.6616634133622428,0.782232328120351,-0.926074892385531,0.26925546409132944,0.3093928339344416,-1.0248776780553694,-0.9016869070363823,-0.4358987066104585,-0.5091857065927775,-0.867378258168114,-0.5467756076098923
-0.5552464175043472,0.7859851919293,-0.9787266135698889,0.3307270305759971,0.27916100568265817,-1.0005827031003003,-0.8774985414489606,-0.2608839775673218,-0.5076892335025992,-0.8452527927802286,-0.5154089916866086
-0.48010195100826497,0.8150633959031852,-0.9589945212473818,0.3338174390415508,0.2809993529144676,-0.9738032377587502,-1.0015016499374025,-0.11824163259015402,-0.48789428794244827,-0.8830090218284327,-0.4715494612954535
-0.5259755514146564,0.8602430773426711,-0.8100735051574186,0.4973240983907448,0.326340277029251,-0.9763488425045513,-0.9422294206261143,-0.05154532318635699,-0.4889417781378165,-0.8224691659395893,-0.44074177184870345
-0.5465712842280994,0.8622928723037437,-0.7889334429503095,0.47335021179909104,0.17522583818019621,-1.0042406998139382,-0.961115084466473,0.1302827616134588,-0.48487214082623026,-0.7649691165499531,-0.4749205073631033
-0.3812658926320733,0.9220008078909842,-0.75390379677785,0.6425293713550781,0.25499115763775526,-1.0996530296640024,-0.9454813644589742,0.3317155756021165,-0.4935002898788506,-0.8961278278954852,-0.36580585382184055
-0.38730783584036743,1.0030589679192845,-0.6589344095648824,0.7881536196069594,0.16856014496221094,-0.9356278176617125,-0.9320339557499608,0.4185609112663744,-0.5326649934721243,-0.9277544896298068,-0.3576222117972062
-0.353280590773766,0.9565168251989951,-0.5630345237999155,0.7980293310049049,0.24943466712285092,-0.9831096415743701,-0.9215295618637804,0.5135871914191683,-0.5192209400903369,-0.8729974060533375,-0.29566371910228745
-0.2513208252824633,0.8596313612588138,-0.5535304186946335,0.8088235996375919,0.1547445946777914,-1.110733023012385,-0.728125614446651,0.7367718339418479,-0.5580968722969025,-0.8522238624675383,-0.2607706193140634
-0.15151119010848962,1.0013875557118561,-0.47890861572824467,0.914105802555341,0.14546544166694403,-0.9302578899712445,-0.6986050038665811,0.6989676733623069,-0.6841009515363734,-0.842026438584538,-0.1903350914393294
-0.2324173007607982,1.0153480043667618,-0.3096183662999991,0.9549948224930117,0.23184994562913852,-0.8401875326287547,-0.4760018087628194,0.8241537069529554,-0.5833768307793548,-0.8437108683362149,-0.16272417114457113
-0.1224598700771516,1.0111925591199715,-0.30082615078070296,0.9917935367220009,0.0437160584480481,-0.9945712610219085,-0.37470002606600505,0.9242864111757108,-0.5702422906603983,-0.7633636004273328,-0.14273456858317707
-0.11858741588454356,0.9357025282811029,-0.16799906695399724,1.0102632567172574,0.0783702598136015,-0.9627389202142292,-0.28962007881317825,0.8369012695526717,-0.5208144108478621,-0.8482967723369392,-0.09401937606575066
0.00867387545074405,0.9788015537546949,-0.07994719953804047,1.0058168038660957,0.023400155234769154,-0.9521392380253018,-0.15332634231404751,1.0361791546815358,-0.5442458824009763,-0.7367220978337194,-0.014967191089086285
0.017770548969967614,1.030193590902998,0.043008170605748436,1.0067486676814346,0.011914428701978112,-0.9538034255265244,0.017751205456908767,0.9697346964630719,-0.5472783230865192,-0.8076961899157237,0.024170611407103956
0.0745433007499133,0.9803951058876448,0.13808204274567004,1.0146540970556706,-0.08211302989500455,-1.0067812855526028,0.24852176536884735,0.9168420967254696,-0.5890413009472648,-0.837593623855172,0.06227365721965675
0.1650783823451395,0.9620204889334222,0.2465629726460107,0.9418173015006237,-0.10129375226438311,-0.9278818353503149,0.39943098201585164,0.8830803951553764,-0.5694733951167135,-0.8755501250624957,0.13624933251349636
0.20975761895891623,1.0561429791002253,0.38785119775813565,0.9822005191136159,-0.1292111421545976,-0.9833233804306413,0.4942482687734982,0.9346723675468906,-0.6196005975980845,-0.7721241456006248,0.1953919403759793
0.237204764906101,0.9213275291935723,0.38201374943461724,0.915742469059525,-0.0719712985928681,-1.020239142681523,0.49354823520653013,0.7425540920127945,-0.6744642345655357,-0.8828416501786459,0.21881224756486206
0.19518932583969967,0.9374023649134263,0.4671018301312481,0.8596836427662907,-0.11164765260347226,-0.9230967447916011,0.7038906198444105,0.639476452785626,-0.5680664724102673,-0.7391769712978153,0.21539568143852983
0.3807609908931619,0.9476027327813692,0.5372694530198492,0.8033491176282344,-0.2579236183490375,-0.9712478082934402,0.8200500591437256,0.6256276764474059,-0.6429828748538312,-0.7793444854058619,0.2999766076827282
0.4184847334397204,0.8461260785742942,0.6746950335162312,0.6844461565595334,-0.15889958960959008,-0.915986165109447,0.9367156885627445,0.4824467123331623,-0.5997313747183407,-0.7260022711282064,0.3798709588528115
0.41869138466410627,0.9099090315397607,0.720252947950083,0.6541735703984829,-0.21669138735494975,-0.9586015461491344,0.9195131508876064,0.25684543725342923,-0.5142733957062178,-0.7606412356614667,0.3820832992460881
0.39169471024228103,0.8957237986821885,0.7066844365887653,0.6365719627681224,-0.1811736618569625,-0.9692104599810103,0.9672649377638405,0.15627357603214614,-0.7174429923811005,-0.7641752136152181,0.3716179537263776
0.49584735971081106,0.9420765094284492,0.8083763246724509,0.49605662047035237,-0.23639603018029015,-0.9091428255387365,1.0174140818185324,0.04215250273060228,-0.6961603555777813,-0.8476490157576804,0.4431573712210828
0.47621640223569217,0.8531002328407554,0.9110739703459988,0.39379204805326995,-0.32064824255120566,-0.9795602495333438,1.056959458169027,-0.1249502273770625,-0.7453690274357991,-0.7353102122521833,0.4473007437114045
0.49052893921075724,0.8291322298873867,0.9838774395529473,0.3876090256873665,-0.2791699967566131,-0.9735032709792325,0.9167455914235465,-0.30382625413571057,-0.6822011953348254,-0.7317463352248776,0.48459370211994024
0.6002594002441185,0.7019315283311569,0.9757179301812373,0.17916218882297277,-0.24657768227929822,-1.0202921761363857,0.9196563447253999,-0.4099498305193842,-0.6756490589073568,-0.6722484095997945,0.5435295427205707
0.6849018244208467,0.7474347625300413,0.9708523597358406,0.19601347137181296,-0.35656302480612834,-0.9290190486046028,0.7841280167038582,-0.5082694481651221,-0.6606675522719954,-0.8206220399374438,0.5623940151699498
0.7018520837729814,0.6221211743743499,1.013766762901941,0.005347782905128887,-0.3487422995743057,-1.0358059680713871,0.7027958234779282,-0.6465643117056918,-0.7815758972372547,-0.7092611333251759,0.5853076108422118
0.5952991417884717,0.727003647392955,1.03085965444238,-0.1117522073983302,-0.37405659059628604,-0.920171462603569,0.5864715655456395,-0.7418449260937324,-0.7239968795257954,-0.6949358874287545,0.5320961491076927
0.7512489169841872,0.6965012821507193,0.9988964393855231,-0.1532009105623907,-0.402208036593141,-0.9350466528350313,0.5148472935952849,-0.7235241764755593,-0.6525497937115259,-0.6974060084090263,0.5948517829891222
0.7264737375348381,0.5418452323627513,1.002093053942099,-0.2140240175703257,-0.3840864369658231,-0.8356259046986075,0.39786681047271594,-0.9890454889386099,-0.662261380918447,-0.6407940158960288,0.5870474975568841
0.8221035623862357,0.5085214867479978,0.9155022273780544,-0.3327552104538481,-0.4541174189458077,-0.81790686733489,0.23504684708230167,-0.9696301632150508,-0.7751146012314666,-0.7906412825160477,0.5948789656173727
0.8382007763677839,0.502173927990267,0.8547510710911819,-0.456553871633745,-0.38284809442596446,-0.7883379985061715,0.16479526286417268,-1.0514037764269364,-0.710281325686575,-0.7265284301007899,0.5989560906260537
0.9054939245681791,0.5267409580983691,0.8575966177667372,-0.48929170547059797,-0.5288436309296767,-0.8805292022606438,-0.08292132502087406,-0.9839815269217287,-0.7114889004624915,-0.6141702295867348,0.6042572214281753
0.8941390333889329,0.43632868410349074,0.7937479123752801,-0.6862597856601309,-0.49795770064946415,-0.9298377461994873,-0.2255792018895791,-0.9918947820875206,-0.68320230487739,-0.7306457176993695,0.5856023502771577
0.9419346640690978,0.3328548981429731,0.7117959676711936,-0.7470712617329837,-0.5032782161229915,-0.839655496501391,-0.4027521534051596,-0.9290236290336541,-0.7910171192811573,-0.7616008917294502,0.5838504791113086
0.8879578423864087,0.3469918776795552,0.5966766371267478,-0.8093378699975048,-0.5598674120363094,-0.8609626499494913,-0.5949466834519179,-0.8757185311932767,-0.6976072336343494,-0.6518215039174174,0.5110084299239668
1.022480305487268,0.37433173020004673,0.6289040379565913,-0.7980218072959708,-0.6502555541738446,-0.7766478043536215,-0.5683469600470112,-0.7499924605811066,-0.6954372028481526,-0.6138278283039585,0.5698602532958424
0.9564043468718316,0.20340336319051205,0.43781844318558166,-0.8631430347345979,-0.7097802131508967,-0.8597125060158394,-0.7569046672398643,-0.7916031316075766,-0.7514161087841064,-0.6645066997159919,0.4675916637614109
1.0271962468380043,0.22092051863220336,0.2858055846395706,-0.926652305140095,-0.6860350518126865,-0.752750646150241,-0.7667978780827115,-0.6169145185854682,-0.8397828612568758,-0.6241814582845928,0.46213278844833594
0.9498089492768732,0.07535525517842505,0.2284459388122526,-0.9450073653149496,-0.7355945310263268,-0.772095860035279,-0.9032669149736934,-0.5400402118304269,-0.7339425503137883,-0.6070870452314637,0.39631935007684704
0.9938971544133599,0.057871148774607924,0.22083860119668114,-0.9606672954609149,-0.717717675457905,-0.7875607246361517,-1.0128954917832693,-0.32886796095256143,-0.8439278227255129,-0.6936388897469054,0.4196566224741033
1.017148143355309,0.06381843440196174,0.08030239997030628,-0.9871486325440005,-0.6375321111408151,-0.7289335178622626,-1.0293660034246472,-0.15267333838382197,-0.8474013685608741,-0.5373137252338924,0.40515836944058337
1.012013586061141,-0.04811535709581015,0.004735899678630826,-1.038040046808809,-0.7407490226994902,-0.7240710915730709,-0.9678533548742081,0.0283840912032862,-0.8756542639373056,-0.5180192435522569,0.3592777583942618
0.946745024330053,-0.08497188097769692,-0.08147033457392647,-1.0290947617136368,-0.7516426881316203,-0.6604303024365669,-1.0308355814794998,0.20078030173269404,-0.770948157595321,-0.6017924512032826,0.29860287416652453
1.0602024029642612,-0.14541102447498636,-0.17979812312175142,-0.9217977619400134,-0.7931362733181198,-0.6374133951141077,-0.9191877399237466,0.2100901824028099,-0.7950796668168041,-0.5928941530293581,0.3175345098819812
0.9921269933016613,-0.158015679816482,-0.23388106509458848,-1.0027761595970328,-0.7008762246605507,-0.608863590915527,-0.9501624551697383,0.3955480944665188,-0.8086930871791895,-0.4496612471458041,0.285723932190344
0.9406133265902834,-0.25646374750897705,-0.38156932202767074,-0.8812747313401289,-0.8378319299456612,-0.5895317918486971,-0.7810049786782648,0.631450540572473,-0.8498688108372683,-0.5142305580726239,0.1882694806977082
1.0048752888534151,-0.27841227236043686,-0.44997227298162384,-0.8499610198838838,-0.6852816287399796,-0.5949699740135912,-0.7748085800746638,0.7224604969226963,-0.8346832084709435,-0.42732779266283705,0.23038963678422447
0.9256819620612768,-0.3092216607488535,-0.4256635469547647,-0.8616833012416348,-0.8672725287048331,-0.5073868466278797,-0.6722467164303922,0.7961219829929295,-0.8005291306693061,-0.5582317816512319,0.1616874112032424
0.8861565315928772,-0.33144236118635484,-0.6930677921268273,-0.6486876161410359,-0.8206026924488177,-0.6291747012883578,-0.5417456942076131,0.8589893371631232,-0.8294230759189826,-0.5190235506092391,0.07103738966862685
0.9373844484095998,-0.3706282005377317,-0.8137089659183003,-0.7266520904247282,-0.8724465921639736,-0.5379028387632075,-0.4383471004870567,0.9608369718215664,-0.8301822946622227,-0.46614408219550263,0.050090215996515086
0.9025546959310278,-0.42521597010754664,-0.8045811346291382,-0.5526963962737531,-0.8029070892726625,-0.5309527772560553,-0.210279089883345,0.9179317713068635,-0.8073786401767145,-0.5240117452572435,0.049321589722239934
0.8596322587348066,-0.5224581205161298,-0.7463908695707026,-0.5165431502404998,-0.9297822195895599,-0.4735880381047888,-0.06588173761297442,1.0083694669618517,-0.8281022954264498,-0.39570166220471426,0.019942424578280576
0.8518881745779272,-0.597285769857482,-0.7995731604749076,-0.46449072064912394,-0.8586450384462525,-0.5698775686268375,0.05886066792860278,1.0186242537962684,-0.8455674291865235,-0.5406939350394133,0.014343131457240837
0.8379167822748667,-0.476059064007258,-0.9115034883496282,-0.37295563252159514,-0.9400750541757057,-0.49450794306075885,0.18395976844869516,0.98728558271453,-0.801701732537705,-0.3984427095275909,-0.04250766620259627
0.8114279460294559,-0.6232241639939049,-1.0835999782602341,-0.330851417839368,-0.9034812875569284,-0.3811152022022534,0.3258008653983965,0.9489757332105135,-0.8706565444282296,-0.531450543900958,-0.10006227797472794
0.8270778585769031,-0.6803662730459329,-1.0469307490013877,-0.25492834858506197,-0.831123929393706,-0.3615271222194988,0.49033714626649905,0.8519509498610763,-0.8218865648491821,-0.434535189531244,-0.06676508129070602
0.7005477113657643,-0.6174038586053542,-0.970453357635483,0.01022143587557535,-0.9340487565703433,-0.4667061920418887,0.6969150383826042,0.7207992572897842,-0.8877426292474649,-0.5096148274905634,-0.12767190292183137
0.7003388623586575,-0.7417461760018386,-0.9941052462170648,-0.035587630345361936,-0.9639725573406879,-0.44491045864189105,0.7517185636226076,0.6934439746721206,-0.963730462054794,-0.3661683164730515,-0.14085665415392823
0.6957786321020982,-0.8090115249004277,-0.9543347694856883,0.13687820064714498,-0.9176289094612111,-0.2890538707225021,0.771358178618614,0.6213830170923772,-0.9495999345970921,-0.4131825068715871,-0.12193689668689961
0.5833584740716673,-0.7715847597227989,-0.9919248685948232,0.19460861569890694,-0.892682749912874,-0.2860419713969855,0.9342585889424913,0.4203689494855158,-0.8864901558791817,-0.3664913485613099,-0.18443477352518814
0.5610753348978805,-0.7838144882383129,-0.9091382677137304,0.3651372462760456,-0.9641096937196635,-0.3056248806910903,0.9185838409569815,0.3418017233780507,-0.9470859048490493,-0.4919684787263305,-0.18502575160911156
0.591333753711054,-0.8515551632039751,-0.9656218114146974,0.34114553254315605,-0.9277012956375706,-0.22590907092558868,0.9820618440084317,0.14414167547766102,-0.8224368379165921,-0.38184574751112355,-0.17955992569639634
0.6084087424199935,-0.8814597989037573,-0.8971773404480061,0.5580852363804478,-1.058265017598203,-0.2511364237874955,0.9279395111451875,0.02360968087215176,-0.941972856246667,-0.4201610506964823,-0.17660183444404562
0.5380685814679189,-0.8857460715102312,-0.7992854012435495,0.5919345464882638,-0.9196710805392551,-0.23688727116011382,0.9213037866768318,-0.1802973663490464,-0.8889747868920049,-0.42848464066579517,-0.1546855457469564
0.42592613483862407,-0.8164956776661838,-0.7609695671846883,0.6248187899317872,-0.9520494912444041,-0.26484430082087346,0.882152876006127,-0.3258802592595256,-0.9473266500867857,-0.4563968995169008,-0.2057377009849753
0.3546981130454511,-0.8759895638508011,-0.7284459586337672,0.7855660864341013,-1.035622231688783,-0.1728062848652642,0.8984114094908816,-0.5172624722645253,-0.8819962495343437,-0.2964446636953446,-0.2483091774051612
0.3040521137433341,-0.9767328703609456,-0.5746630154600532,0.7972864056681953,-1.0282806065961656,-0.1544513922031594,0.7821388418023277,-0.5835623592710739,-0.9523017456578788,-0.329336160895942,-0.22602896908558204
0.34579990054600646,-1.0041255151158472,-0.5216385061731471,0.7867391190215045,-0.9566433374433828,-0.15598223958911794,0.7926597949143115,-0.7233617907335961,-0.9332634487502202,-0.3162748419705365,-0.17492026906761748
0.20648967365942145,-0.9616223730039397,-0.5454744929299666,0.8912050953811159,-0.9731057904289311,-0.12106311826597291,0.6033128633092665,-0.7843038436029727,-0.9026303290979768,-0.4069721264744703,-0.2550186691350655
0.1885336471791439,-0.9451747859416989,-0.33576142178823054,0.9294045275145048,-0.9280685658247071,-0.07652780783164594,0.46648893630612076,-0.8167138963077006,-0.9190064007963966,-0.288274871142329,-0.19207531611183865
0.17957058249928448,-0.9056100858922954,-0.24813968085655436,0.962535734322013,-1.031463174556885,-0.019702793962390934,0.3957033882306528,-0.9692070952913094,-0.9427590069507648,-0.3673507155364449,-0.19094924791870105
0.04037444156441734,-1.0129356609205835,-0.1583751745614767,1.0237033151189698,-1.0338562395342359,-0.09616349209398001,0.2548965974072398,-0.9777268107666217,-0.9396107837869131,-0.2644880681005995,-0.23409657949308155
0.026177773856257643,-0.9212120447322273,-0.0664149983997104,0.9758479119061483,-1.0097228535241167,0.002368859050337126,0.12936180620618692,-1.0568619585900392,-1.0795811470458079,-0.3998442123103494,-0.20878018329660766
-0.050243703370382864,-0.9663675746483636,0.0067785993856367965,1.082469546788499,-1.044913355372823,0.0842049148194207,-0.04188267279162499,-0.94196286641277,-0.9973179406113737,-0.3276174454541538,-0.23207094294406497
-0.12380679093464982,-0.970773891498564,0.17604084731650482,1.0829425259915504,-0.9468657083485955,0.05847272217795588,-0.2348664470284272,-1.0598797581297965,-0.899586787288386,-0.24583985489748428,-0.19846428294209256
-0.07820177210506907,-1.0006101941569672,0.2053693852983235,0.9704019219577252,-1.0213095227265248,-0.0013668579305114587,-0.3826809215025274,-1.0035077867557627,-0.9217439230807178,-0.3621450657284702,-0.18175197500834245
-0.21256058314190834,-0.9167604460166592,0.30796352328001486,0.9551793791238198,-1.0535295036557217,-0.016353659970181955,-0.4828264767783093,-0.8322188366882833,-1.0228895285616588,-0.2871871437541884,-0.22459713531809408
-0.19498906702168423,-0.9840912887594224,0.4643702072530231,0.8835259449412627,-0.9831192473694531,0.15656467274981034,-0.47029361713407125,-0.6816981418403217,-0.8971750034789338,-0.31902541259780176,-0.15480732080882584
-0.22723188295511332,-0.9873769549801134,0.38708987803981704,0.8568562344353485,-1.0006450742545985,0.21793134175692744,-0.7108850807263414,-0.7637986998173629,-0.8738288382798208,-0.11740710544377439,-0.19761799291653126
-0.3325022203377419,-0.9619831059989074,0.5583268887486738,0.8727331233866281,-0.9960673133240552,0.12552810521269994,-0.8424983798107613,-0.5717403002693476,-1.0136669123173647,-0.2095360621992016,-0.19796650620907988
-0.3311824332491301,-0.9205704709657467,0.7112682630609699,0.7152582211782843,-1.0141723563766443,0.1812264726391694,-0.8350653104313416,-0.4394292551000215,-0.9779392517944636,-0.23910694346085404,-0.15504520898160296
-0.3714843495623186,-0.8842237093200882,0.7583589340443723,0.6527982259328463,-0.9031608200776585,0.2301129440101248,-0.9343520247418501,-0.261219667291538,-0.9348610234660976,-0.2680186954441181,-0.13886665858337938
-0.4645235482309104,-0.8421824937573347,0.76791073464814,0.6913939078810801,-1.016886296673421,0.190032989070494,-1.0507960431316983,-0.11020108909164565,-0.8885252813433132,-0.20970061865905124,-0.20526581305569744
-0.5199435308732074,-0.8738008077530731,0.8445992014954063,0.44780810689613737,-0.9725751478192347,0.3537121806803516,-1.058814709004819,0.10487246808194026,-1.0294648415094796,-0.2310453318532257,-0.2011070345518288
-0.4893633489177686,-0.8164262197101787,0.9248262621920179,0.42061823121683445,-0.9628935850345199,0.3299018907491733,-0.9349022760157569,0.13327247834694722,-0.9754582683417938,-0.19308668006293234,-0.15981251280818295
-0.501887355627786,-0.8339388255369813,0.9769757315095973,0.2523457548926046,-0.9016825177283627,0.34391030675096074,-0.9827620882215238,0.33209083292365216,-0.9575878505029803,-0.19695000283522332,-0.13818746190668635
-0.6428503584782984,-0.7021882079550462,0.9109276201020355,0.12516506594187532,-0.9175514639640707,0.31638109332887504,-0.8076222518697527,0.486403149966274,-1.0547446400121692,-0.21361641057952352,-0.2316571860013527
-0.6168466885569679,-0.7905047833638497,1.0185875217391005,0.14040882571596316,-0.9103696984764107,0.4928444398323406,-0.80963918126593,0.548875796042912,-1.0426144343515384,-0.11289356742115081,-0.18492102745203595
-0.7266650953860874,-0.6554923685698257,1.045757790271368,0.0930880132226678,-0.8710694439675171,0.43568032022911596,-0.728710348242474,0.8092337139283279,-0.9274958526046826,-0.19056541237434182,-0.22381909940513672
-0.8223406193715506,-0.6164995222878357,1.0152246368804418,-0.07526100449799636,-0.9061776133263468,0.41164725963863413,-0.658991292570688,0.840307291769887,-0.983724708448877,-0.10728249086559916,-0.2878384412869121
-0.6971647116211293,-0.5993051890182909,0.96820903434271,-0.18865508057685534,-0.9114642123226427,0.4153616375335889,-0.5160876393061767,0.9133791595877299,-0.9596435180598735,-0.15434571179111578,-0.24041248797228018
-0.8292096640635909,-0.6594906357465603,0.9251930741220601,-0.2936528754436262,-0.88915738490543,0.5013093432336662,-0.24629321278476352,1.0019511450839198,-1.0381252301358213,0.002477468751447276,-0.31487838677626345
-0.7739211842741718,-0.532665925541899,0.9254779358998951,-0.39810922428264,-0.9385002305771964,0.5121737586979644,-0.19163080905197355,0.9417051749141987,-1.022710176216215,-0.1273209104392871,-0.2970172574825567
-0.9106919628300416,-0.5570357241062804,0.8439848065607953,-0.33934449415177215,-0.8605101700338889,0.6016191895481452,0.04733655458411783,0.9757562923954288,-1.0575681518544657,-0.06546838004844996,-0.37425257345356
-0.8594083790276427,-0.5102137596910551,0.8581168892968911,-0.4988891126782637,-0.8564806641861861,0.525098319254742,0.18928350826439747,1.0094352331569345,-1.0385043481562393,-0.10133854786398819,-0.34356525556199125
-0.9614621635203563,-0.3029227447922112,0.8000390425931272,-0.5804111234372497,-0.8706018572079318,0.5147398919174255,0.22325720062941168,0.9961727192874651,-0.9042848714891893,-0.1779520872445447,-0.4148397404238264
-0.8581987698199199,-0.46945454151631094,0.6340002552818811,-0.6618802151174529,-0.841109948312004,0.611563005428576,0.39824319929435625,0.8621113912959661,-0.9518348483529554,-0.18661763225839298,-0.4071212979877965
-0.9997465785661889,-0.3533286776336995,0.5962241015637039,-0.6962769660855028,-0.8373968463301809,0.5397546356608324,0.47722845816279225,0.7604840833829711,-0.9926777271775461,-0.031140285249499078,-0.48848542808001943
-0.9993976677792167,-0.25231407064677763,0.5329208167516236,-0.7939811714636059,-0.7650622419661034,0.6110748318620831,0.6571808722951761,0.7138483185075984,-0.9397588555443166,-0.058717835884873795,-0.49283503725734196
-1.0814828742524376,-0.2625814021896512,0.45392365145003855,-0.9690229532439953,-0.7621764143079415,0.6223977810913182,0.7501520038810209,0.74124417418875,-0.9862144928892791,0.003354618701631437,-0.5569996245527955
-0.9950049595533783,-0.25487263935451554,0.31129765792484754,-0.8928335701715749,-0.7643898073851995,0.5959767243730081,0.7928680777317036,0.5089707041731641,-0.9945845999181167,-0.013556535094582295,-0.5569911438762748
-0.8933132704506408,-0.06734910581639388,0.2829949073507501,-0.964396324111204,-0.6991781482299609,0.6442314936782298,0.897633440363253,0.41894617471649437,-0.962258383657055,0.010126915709967148,-0.5015937926660875
-1.001915881032396,-0.1450994439051135,0.21407949607682428,-1.050643579588772,-0.7225231974516169,0.6774132663706363,0.9356696671756267,0.33729501142038976,-1.0077220502257191,-0.03646617199608928,-0.5812387311834741
-0.980076635492696,-0.12013694721077553,-0.027396769812386063,-0.9608092978979219,-0.6856928476789884,0.6750077826505411,0.9932410701822924,0.10553345757121843,-0.9397687594467947,-0.02528565944935194,-0.6353959182258615
-1.0006571859326914,0.013578001769020567,-0.08006732333599059,-0.9552571270893134,-0.787221960234279,0.7339914072153392,1.0153674593456057,-0.037655082975857915,-1.0039420981226597,0.08185319465212774,-0.6817931820139986
-0.9911307487626978,0.05670328006729703,-0.067527868075302,-1.0104771032863502,-0.6951384622178746,0.7005858541673169,0.9852740646886137,-0.12324593271182574,-0.9731847579728656,-0.018247721536577624,-0.6548514272475144
-0.9617747213192773,0.046706727879921556,-0.13355630603725996,-0.9890132162802938,-0.6735152411332573,0.6974365882792863,0.9486530745986569,-0.3512203357683553,-0.9963283925095909,0.06779287560110593,-0.6556573006974681
-1.0010987394246136,0.17693707295866748,-0.29189283413475425,-0.9910379597843888,-0.6738827581031022,0.7614236493210585,0.9935342128289023,-0.426183566279789,-0.9393796697300592,0.08058994269297803,-0.7228937715733534
-0.8997180184402471,0.13807018191212445,-0.478830278523903,-0.8627163474542089,-0.5870016022590897,0.7467562798306304,0.9304772574550194,-0.5856029935190373,-1.1171182430639748,0.06307679315572487,-0.7109084132291124
-0.9534436760037196,0.21314176121579598,-0.4592429103304336,-0.8677179030136014,-0.5354049042713201,0.7733486808036804,0.7370254443231008,-0.7067476163322824,-1.1045132112437352,0.011779751793414527,-0.7215756919552538
-0.8926145833572264,0.31718379466474034,-0.5829873071719658,-0.9075047770232191,-0.6406232875757841,0.8986467618581772,0.5507888990941945,-0.8575257608229112,-1.051596353179029,0.04080748863078536,-0.7493281413453599
-0.897305846742242,0.36479849310209356,-0.6526217166418058,-0.9241525638364999,-0.5667315640092061,0.7432529146129426,0.5183431909592734,-0.8478964941442129,-0.9144932473553532,0.10189205901614452,-0.757785751165504
-0.9605431562120268,0.3256574643089048,-0.8439810786572397,-0.6268343423983973,-0.49106265372204544,0.7975540945958866,0.3313633633920504,-0.9153610507711512,-0.9330468318973522,0.13349940523194295,-0.8316784324475943
-0.9470954220460446,0.5117002038055694,-0.882317154579199,-0.5939140274421107,-0.5692373551456918,0.8436849865169672,0.16940164275730998,-0.9855987195591025,-0.9561467321644965,0.15087747606130336,-0.8520903284259204
-0.8134803068866238,0.48546611992662436,-0.819852074370661,-0.6175727012330566,-0.42876701392843053,0.817927235408807,0.053300047234322634,-0.9736888337220625,-1.012000783143492,0.02917235291108218,-0.7384491785401963
-0.851244842646287,0.495857554867238,-0.8352405479467238,-0.5217578389598918,-0.5273775206935278,0.8912343896295062,-0.1260178437370261,-1.0086095577209484,-0.8899825036450932,0.10320112842156935,-0.7816700898458662
-0.7822155926335597,0.549753442089421,-0.9569369936473519,-0.3273232396787933,-0.470964029587975,0.9074594057529464,-0.3062112061478367,-0.9626409483388348,-0.9961684817678482,0.07722465958494731,-0.7723817003285804
-0.8597536415770209,0.6747994247092424,-0.8161582766387598,-0.2284837818724586,-0.4933744228013543,0.8614934104553262,-0.40889193505860055,-0.924801960753336,-1.0175992117699315,0.16264401396992345,-0.7733991883404093
-0.7989062294571324,0.6807065833116744,-1.0370636125164516,-0.2531981595565579,-0.4052309151420887,0.9498297373140007,-0.585598096992736,-0.8416617063847437,-0.8824803683782507,0.17683453518179423,-0.7916183815119193
-0.724673329993628,0.7520965778774099,-1.0420089031648363,-0.09575645381352259,-0.499014417720956,0.9724128779790996,-0.6605007601209333,-0.6802952323171024,-1.0404487457296054,0.053195981778424925,-0.7747422194904561
-0.6360556404495408,0.7941127011891049,-1.0381828013218761,0.05925265915268161,-0.39118889534441176,0.9797540429815643,-0.8044737545023791,-0.6420641283586177,-1.0052574379267212,0.23091079715005153,-0.7077204396902157
-0.7047505394086885,0.7357318908837821,-1.0248695311144482,0.17224796980933324,-0.31236831797665593,0.9946548782296749,-0.7717162462182463,-0.4959130068605964,-1.027680908549651,0.08555572037900555,-0.7223097926340099
-0.6062331713825656,0.7795667151537422,-1.04014270879266,0.18361159338701258,-0.3370584668765148,1.001272186182247,-0.8941818156245922,-0.3828063821056579,-1.0164414466805156,0.190967466282224,-0.6825710917043838
-0.5311302846902531,0.7279083682842521,-0.9446162099378411,0.32480472737421134,-0.18082358536613052,1.0060776059821046,-0.9334495223131951,-0.3191757009992182,-0.9390645232005207,0.16184158884290928,-0.585114722399705
-0.5637784817747155,0.8480013182966347,-0.9077943584019373,0.49920467319844647,-0.28809811000961594,0.9427832762502666,-0.9549065753393724,-0.1171176771263714,-0.9929877298888633,0.19344033920410358,-0.611847170409862
-0.6103516888999964,0.8749354835136833,-0.7681236983153058,0.42805000661128995,-0.20995429526043324,1.0478502486403996,-0.979806198187485,0.059810205158795426,-1.024680445444412,0.22890069477329272,-0.5776038129966766
-0.45279668881766066,0.981266608846578,-0.7625954504343165,0.5227426926550924,-0.18119522752573622,0.9805155063142594,-1.0639538551879588,0.13228258084309769,-0.9655916076723675,0.28559932113708103,-0.4914160250442725
-0.3369548434299392,0.887661460265706,-0.667753866589278,0.6196095754720468,-0.21188583441999725,1.0355287736507042,-0.933949688684123,0.37519888101126353,-0.9935751565344458,0.2800885682333024,-0.41118074857575243
-0.4053125857717198,0.8972282014385592,-0.6972942348424301,0.7684095130317463,-0.1790566874029356,0.848711062458114,-0.8091883489139121,0.4378604424230379,-0.9152495435701782,0.21643935193762975,-0.44765590081917606
-0.3392011505208083,0.9196468732545421,-0.5952734167635471,0.8048503977674968,-0.14590393953821074,1.0246435171346133,-0.8170208212529121,0.5095834405042877,-0.9462402591629173,0.2292606099143421,-0.3773633881971104
-0.2812647423105128,0.9414189989543061,-0.49095239852565375,0.8712209057040414,-0.07651899594614336,1.0343140807213005,-0.7496829352475312,0.6900508965264986,-0.9368146583330855,0.2904347782543204,-0.3032218899021812
-0.2555020343703063,0.926886752275978,-0.4436324207529442,0.861734613053251,-0.11682265094987308,0.932031396586523,-0.5946065059106346,0.8830599279274174,-0.9086706545219985,0.27757976691235003,-0.284205273601011
-0.14159809552871438,0.9790870615063757,-0.3352967726908595,0.885119091794302,-0.10762339096482292,1.0904388272821495,-0.4554827047111567,0.8942891597311896,-0.9404843514720189,0.2188271684027319,-0.19291275776457964
0.017882766837047134,1.0077301222494703,-0.2343683483128417,0.9913799700183605,-0.01509817239966104,0.9631364589375521,-0.25535469893040663,0.980729006552513,-0.9366444631085462,0.28570070694102695,-0.06438875555526115
-0.06131284862315178,1.004856206598642,-0.14733049401609696,0.9821964446782268,-0.04084643376405217,0.9729238361527561,-0.14877814390389052,1.0959222369344555,-0.8919696180039846,0.3713078161151062,-0.08302485926921542
-0.015377293070445594,1.0471041794279077,-0.04125501524207781,0.9363870195686834,0.00747655199745603,0.9840782623869629,0.03135204624682128,1.035269641055918,-0.9803399238980035,0.2644208739868854,-0.01856984070835493
0.05835804198506708,1.0917319827948855,0.06933905006678304,1.0031968239486666,-0.05700673216988661,0.9936284552941304,0.06982531411635849,1.0512461106571809,-0.9766675652144162,0.2972544321398684,0.038579389578591125
0.04943108359277171,1.0129654473417231,0.1860688602392204,0.9966455382030457,0.06113017874480821,0.9986671247253585,0.20808588669849495,0.9129042721018422,-0.8989951401935548,0.35286654784440324,0.09276223561711361
0.07662391096842301,0.9464565091008718,0.23129068059463903,0.9548902001080704,0.12622134033737792,1.0005078812804469,0.3524909555663892,0.8754105291299619,-0.9860353220183651,0.36260323463321736,0.1329434277300788
0.24281999284664701,1.002270142112974,0.4123040504878072,0.9596096759995878,0.08882822161132584,1.1119597707163809,0.5044189814574649,0.8537889751667134,-0.9326094003850984,0.41495151399682856,0.2628668558919308
0.18365188865465146,0.9876942984507541,0.4878729659930003,0.8816845633861831,0.186986582743095,0.9552086837652284,0.6928363169224221,0.7833333406378862,-0.9804804777676587,0.2992716549858165,0.2755851506738448
0.31297930278858294,0.947028303707203,0.5920323314961858,0.7412687355506085,0.1336806794842418,0.9997040738698594,0.6958800642939658,0.6350442416414297,-0.9246904557349226,0.32303835051279767,0.3608354867399956
0.3666743017162554,0.9667636981249842,0.6318034199187247,0.8310463005469504,0.17637385848133447,1.0481791821741413,0.8196332273689763,0.4695814855852983,-0.9108301260240742,0.3408939368601473,0.40815294853001205
0.43467108316031694,0.9935833041066593,0.7925348619447763,0.7001276262323772,0.09305692217725661,0.9867535295344307,0.9309750462292399,0.4010439153411409,-0.8804038411996481,0.3830127343676639,0.4737073845990426
0.3674007117427778,1.017336093735944,0.7167117574529145,0.7152267967814048,0.12817325397490859,0.8921970297803958,0.9446363671970756,0.2591953828065618,-0.8823445181832836,0.4042040725610079,0.4243485339022449
0.48818263522306227,0.8538778349957041,0.8804990366423248,0.5664159326957006,0.2725012617209583,0.9701407664629924,1.0888947443877912,0.13492774109123218,-0.9005537970697522,0.44640155039235757,0.5627412809484201
0.5153650628697358,0.8732419842174798,0.9564803152161988,0.40383447982691734,0.26734893054232445,0.9322022582139181,0.928742942464852,0.03475296013920178,-0.9335840946147734,0.37166304752091445,0.5980964121081924
0.5929872872827945,0.7902472712817709,0.8808567276448026,0.41597436723390546,0.34347181455455145,1.0006559034552023,0.9861725419210727,-0.24787767211604306,-0.8923003936000788,0.377660585309132,0.6294450248457483
0.6891223136586235,0.750103627184196,0.9632743594522603,0.354865222820696,0.3467498361976724,0.9231870584277344,0.9752563839159072,-0.336762484916517,-0.9036115546745279,0.4823304017716383,0.7028934319045242
0.5883459921161662,0.6783569373810097,1.0401505438045668,0.19733414490794865,0.31347167741646054,0.9786574750113427,0.9270099456893282,-0.5355130918015816,-0.9077204156680615,0.351581150453628,0.6689124946827452
0.6581741900696821,0.7486198754515719,1.0758190585380007,0.1868884532635941,0.4316568871596781,0.9626457881196568,0.8278942320103247,-0.5573165715037083,-0.8753442640488069,0.4418542375325583,0.7381641900281769
0.6770517385320395,0.7328492861917625,1.0688810183772566,-0.032139320052948554,0.424614123412385,0.9160016281696822,0.7089697673154626,-0.6889397960777023,-0.8966177285490858,0.4066636851030794,0.7441129994616738
0.7769221993157354,0.7080382448462723,1.0063079942652104,-0.08065794769782444,0.454199912449925,0.9024480346442229,0.6232975610472541,-0.8274450829725553,-0.8877877969698804,0.5490111888063263,0.7811934804274159
0.7724770067313086,0.6177798102723554,1.0458048057314624,-0.27221957778839656,0.3462107361170817,0.8864369519044568,0.42344033666124814,-0.8875368029904956,-0.8430289651195352,0.4468605399277418,0.7692220923085094
0.795848483078328,0.560295936870045,0.9695310312279394,-0.2666561638416127,0.39979555974084685,0.883258352394899,0.34183609098760664,-0.9868061397606533,-0.8469251977475085,0.43081784838870407,0.7687426628557151
0.7718564909326443,0.5642618121517378,0.9661718171205352,-0.425978741418882,0.5446683409467705,0.9282282466508438,0.11673839409750525,-0.8843554667407807,-0.8616647548673075,0.4791907241140513,0.7847134587918368
0.8582984564164369,0.49340433411492174,0.8765263789205775,-0.5561797049560375,0.5243528814166629,0.7961962560245915,-0.06714837232986229,-1.0277643927281175,-0.7933167147332545,0.47333482864345616,0.7969777181677242
0.917669678385768,0.4251712064807992,0.8692648888905734,-0.6990712957077823,0.5029417679346793,0.8865830732967278,-0.10700632880797818,-0.9858460491946889,-0.7897243993777703,0.5676588812897474,0.8202026594469918
0.9375625631340696,0.4221730212560202,0.7581127540032844,-0.6495327297100333,0.5784001823224962,0.9055012205984921,-0.2747118783787326,-0.8776978641078057,-0.7957206736655825,0.6094920867592061,0.8118951442325193
0.9250866600986233,0.3447336288211153,0.6812143672241496,-0.7158039349076746,0.5351949405149273,0.7848217326865524,-0.4003230080124,-0.855115141636236,-0.7895049721368125,0.5590372538019079,0.7739466283195421
0.9847350905871153,0.3257956093049183,0.5911657677329096,-0.770780086911926,0.609672235595255,0.7567740685885211,-0.5703413955560044,-0.8452693464627179,-0.7774816555315596,0.435893258693016,0.7916517227324815
0.9229561539196806,0.2930877367420429,0.45570759258684046,-0.8181666240115374,0.6282170660088368,0.8241648287617579,-0.6661047661710902,-0.7471651660079973,-0.7927794218742741,0.5605667320542318,0.7238337679376599
1.052842144982477,0.1861564981924222,0.41730290996201397,-0.9269731375865944,0.5903769556016218,0.7500745907481913,-0.7189735890678589,-0.6641514654879169,-0.8070058197539849,0.6219878244646377,0.7696873366001671
0.9885380913049089,0.12134791134696074,0.304689003563657,-0.9522411225958134,0.6615771497508659,0.7300411515440812,-0.8942351952253805,-0.42564551206788864,-0.8019952028076814,0.577652677050306,0.7179911766717247
0.9432238871854939,0.05671527480504433,0.3158705607454958,-0.9934285697420367,0.6785551135307034,0.7570456945388899,-0.9636867045615284,-0.31350181130376753,-0.9002345186990426,0.4431380500665024,0.7020841345225364
1.121741538911745,0.1274140747718026,0.15448380976029466,-0.9862200243010251,0.661104902984673,0.7673596491719781,-1.023072741210867,-0.16417227965990125,-0.7820790124565554,0.5086560146150884,0.7394368929808957
0.9529093830156328,-0.019725367204859248,0.06673348183302631,-0.9410714566329701,0.7754241802227164,0.7615370959071726,-0.9346746574337561,0.0025824581750624465,-0.8466134304094326,0.5797269596848545,0.6515595721022676
1.0267393711242947,0.027204522958346026,-0.025211587789001743,-0.9527939126255245,0.7136457427773208,0.6765752598943555,-0.9631927757760566,0.029503050798671125,-0.7491160139740038,0.591329549527209,0.648535357780911
1.0034637691781383,-0.14932401024860897,-0.12715487673152992,-0.9531460171089591,0.7383247038450841,0.7487421059395101,-1.0577367665265471,0.2024948589213489,-0.7871262246475145,0.6242738765905776,0.611250362338627
0.9741304069260623,-0.22555448569432157,-0.18978828899960773,-0.9283509259887364,0.6089847716584004,0.6978371610183944,-0.9140875319754677,0.3541727374826129,-0.7595260052370223,0.6835314813277599,0.5519256710948289
0.9853067981819189,-0.1674594740629819,-0.2811226168814684,-0.9472545142314468,0.8200695309097562,0.6205246204718984,-0.8642450157794384,0.4991621261619476,-0.8631885754151598,0.6577902854193648,0.5723305202084702
0.9748196065800269,-0.20578990793696128,-0.4262569601071169,-0.9019204579262161,0.71930139589771,0.602148908427006,-0.737998765615297,0.6188231756808431,-0.7828847448157018,0.5901500738642845,0.5033929944374204
0.9974146092885829,-0.27001232692351834,-0.5366068419024417,-0.8195815667951395,0.8041904648659268,0.5606923165119373,-0.6630823173711956,0.7236406833569794,-0.7768833139399361,0.5592070115914349,0.4985633450467444
0.9262726383725768,-0.38062143068773663,-0.5454368844786845,-0.9112990832265946,0.843177814904729,0.6161768651628956,-0.5767526583006495,0.7725244236666289,-0.8060464860378296,0.7126392679905612,0.46814081682362885
0.921359208496382,-0.398776495794774,-0.5413613003208525,-0.6497115097473207,0.7954369483095686,0.6052433244292251,-0.3792224578100939,0.8346914751968141,-0.8013969693531938,0.5830761791765046,0.45735860381384896
0.9537660659195129,-0.34101994903103494,-0.7927892174886233,-0.6215078246102567,0.8179713895757276,0.512383094759315,-0.29776140338882445,0.9788738574649395,-0.7774398230001548,0.7069596325540455,0.40264054562831497
0.9158563445645336,-0.43051489717308644,-0.8090127280047616,-0.5939474698534186,0.8972503866444672,0.54905189365661,-0.0339649646735469,0.9263443985966431,-0.7939627864702387,0.7718027094125559,0.3946744312097318
0.8974905372929161,-0.530565489401593,-0.8893655959221264,-0.4776989516599812,0.8656103594709971,0.47537448348559697,-0.052002714378785515,0.9203213457252373,-0.8339423663094813,0.66746627738237,0.35505766176401954
0.7765210503860824,-0.5583148986672791,-0.8611903135138823,-0.3711572095902535,0.91532752455437,0.49313617600634485,0.22156411437993384,0.994146425578796,-0.7421321255263602,0.699421746251759,0.31296893604975057
0.7811734967175362,-0.6254322807308567,-0.9226360877351639,-0.23769749895764825,0.8426605823976557,0.33703185487530274,0.3090881576502828,0.9684940240724564,-0.7887305083651392,0.6629812924986519,0.28232803851775007
0.8139762600124064,-0.5903274844648712,-1.101268711903581,-0.1899336758081609,0.9018833601486386,0.48318818115064394,0.4993383404214375,0.9079890019082015,-0.6902011907684156,0.6486486756924289,0.2569841884648566
0.7619175030581552,-0.6801647306994768,-1.0110680780681032,-0.08799624150462955,0.8786659817640469,0.37281848477309676,0.5915613888172082,0.9363579309331829,-0.7548558079331384,0.6972797192866742,0.25337152446145605
0.7629821012258697,-0.6985418100442912,-1.0224061258341313,0.05163067509507306,0.992482128850283,0.40288673596439706,0.6015853860862965,0.6272596388929702,-0.7357090413069663,0.6900261295522401,0.2732656386327521
0.7031514090537995,-0.5789010391290321,-0.9673278262732913,0.10391639245660464,0.990613763986166,0.3107631559123698,0.8165834751179553,0.6001913091100314,-0.7723321364249829,0.6511200286154974,0.2595001094421455
0.6061280591443351,-0.7793173392231151,-1.0253999667417248,0.12840034379661164,0.9214131627873869,0.42915764170619813,0.8509545118412799,0.482347983712337,-0.7595478322528357,0.7728545212724361,0.1797266721071275
0.509767505864555,-0.7721922037422699,-1.022471397925481,0.2497248555047994,0.953873206885434,0.3089852582374311,0.9030668888956593,0.3513075293047635,-0.63817589215091,0.6766687551776736,0.13891697493172003
0.6293428265618504,-0.9181183620147796,-0.9010857990806517,0.3387495633346726,0.915223823889928,0.3296147250563043,1.0275718091643802,0.1749539495194152,-0.7151306096162322,0.7146422818734443,0.22739043833471528
0.6092364636837522,-0.7897091522499355,-0.8548997915506447,0.5394134943851131,0.914052310617544,0.25903303979096176,0.9740588571141545,0.026194052109245608,-0.6504440005792568,0.7159433660897221,0.23095875650019154
0.4578986251645428,-0.8593581226245839,-0.7801031356450989,0.5247373541026155,1.0105596206137764,0.2682749951986911,0.8276759082037586,-0.005911514960857955,-0.6085277939790258,0.7648527725968609,0.19703029601149702
0.4354242322616525,-0.923598463667212,-0.7314859735720738,0.6104140406405535,0.924679309288438,0.1930435466844695,1.0442903318777144,-0.17967855789912754,-0.6059402156181646,0.8391292686336552,0.18320218591689175
0.3534154991409768,-0.8850173615688729,-0.7166916261569068,0.7068629986030335,1.067265450659113,0.24087813702286537,0.9702417006201244,-0.3365580164038562,-0.6994008481706169,0.7423558463437229,0.17515335185523898
0.3531063343024472,-0.9162556522430174,-0.6262574491370324,0.6877414937364748,0.8435149431753887,0.20903257162811822,0.8280708382006893,-0.4960085864595201,-0.6016811915782846,0.8182164383066075,0.15737892104519163
0.31979842609271447,-0.9060980267768927,-0.5582164915687258,0.8772035286178277,0.9674841259735394,0.09700496188193151,0.8114794979230938,-0.6571477368973535,-0.6297627517563762,0.7811468556079346,0.18593109077044742
0.2844057535091929,-1.0539398142641785,-0.5485649950817695,0.9046636882714346,0.9500303858588598,0.09914634509796186,0.6487973150924842,-0.761961522697616,-0.516756877602671,0.7882428212356308,0.16763945540183758
0.22970877649511767,-0.9674278833309636,-0.3445613134551748,1.0269365104408206,0.9060663249848186,0.20928915198927656,0.5689996648947941,-0.7758583629068004,-0.5164683758527799,0.7969857740816031,0.19269925920797015
0.1464288046708793,-0.9932447043521506,-0.21643405779934155,0.8739926082420895,0.9151286442906232,0.11710847514458664,0.4433200018127731,-0.889677806154854,-0.617146096218601,0.8211509128847065,0.19130991385376184
0.006993181085917621,-1.0324304481840496,-0.1929931705617112,0.8411317665470102,1.088713273306079,-0.03516396816907182,0.2173907494181841,-0.8940793376546957,-0.7126865776402861,0.7328459396096296,0.16334129403566122
0.0712000077508359,-0.8789059599332131,-0.07437786163262833,0.9977113672857323,0.9864983615540791,0.0034831784836552755,0.12370111261990427,-0.9440908891899615,-0.5279818275348227,0.7312916188059655,0.21058631769644529
0.05456454656532322,-0.940632432732862,-0.007060418867209664,1.0299094121776544,0.9628816402253769,0.023549818877052063,-0.0480934225242156,-1.0445689364253599,-0.7178983745540596,0.8606438783915703,0.21774047566757412
-0.008634405677046403,-0.9541671116456028,0.13866535865061339,0.8947812452011079,0.9667146713339981,-0.05646886189517386,-0.19982035637784226,-0.9775458796547575,-0.5579317107889159,0.8185582308349079,0.23062533902346044
-0.010712538831542662,-1.065311266308222,0.3009443666248347,0.9555761047935712,1.0285801007458613,-0.053515508325249726,-0.3532375902131973,-1.0301199472978215,-0.4523942692066606,0.8966830234754466,0.29064306072085133
-0.11647199448880591,-1.0186965082774588,0.3035220626582648,0.9002952988337694,1.0108086383073476,-0.05673400016592327,-0.4289956152614,-0.8615271809151758,-0.6049422308456736,0.8337674307686446,0.23498234921454603
-0.1722305471793028,-0.9660538618669531,0.41927601321361746,0.9367877424221267,1.0220919074979762,-0.06805251104529314,-0.5688076066479589,-0.9221010797565299,-0.5007629303245046,0.83770009261148,0.24408591187402906
-0.26488267964400464,-0.9955378815608352,0.4267720846691034,0.8283183139375804,0.991540282622073,-0.08668315758799733,-0.6972010398277395,-0.8261385714124063,-0.48844580694238326,0.8863557454731551,0.19389834210314333
-0.3797894782765106,-0.913373484768242,0.5506212819806807,0.7999266188678046,0.932116273857052,-0.20222085022429506,-0.8101756818591617,-0.5684761578216985,-0.5708558222894448,0.8371740076189385,0.16171490022735932
-0.3384194302125002,-1.013703137324608,0.6587089614683249,0.662368434065518,0.923801465207468,-0.24523149600945454,-0.9182101309313825,-0.47447776502784655,-0.4473665676396675,0.875123614918242,0.21316326637574098
-0.3719135071887674,-0.8721297008070574,0.7813899118871478,0.6497510946585783,1.0235789570111296,-0.2605379996184808,-0.9626719046888103,-0.3045788078642223,-0.5326500355355948,0.8256664903937855,0.25317601137398654
-0.41139759180218133,-0.9031884447723408,0.8494500576861019,0.6145754950961695,1.0556586563940684,-0.28294849884448336,-0.9515326648881816,-0.1641582020506312,-0.49803038218315826,0.9102098254951257,0.2602679526835536
-0.5214272152635923,-0.8564728044758098,0.8764744429458492,0.50299399093024,0.9526532883923655,-0.22872334684712375,-1.068094493997392,-0.0067048733333272895,-0.49125932685613216,0.8254762384906146,0.1927593829304317
-0.47599412394314605,-0.8451214319364653,0.8236078489056573,0.38026174988464717,0.969278823532539,-0.23095252263365243,-1.0399006452437363,0.1809138177328921,-0.5821724580379106,0.8505741159339321,0.20294105740663196
-0.6253635287225398,-0.7533023268568446,0.9184605746457786,0.32017273010337605,0.9072143454726659,-0.35474242739023454,-1.0045905797043144,0.23268748647206577,-0.48553318780343463,0.9140092415016623,0.1442992771269969
-0.6785686181334691,-0.7735439559473162,0.9216033778175521,0.34511104759348565,1.0198974723560892,-0.23941643287706094,-0.9155635369665375,0.34260446551900414,-0.4856585747003564,0.9396093970903038,0.14117619874974888
-0.726598626083596,-0.8189711755459759,0.9679636993715853,0.05437805648890601,0.8596961502455459,-0.4366154955157661,-0.8719003871203419,0.519994130077984,-0.43685980613102865,0.8548317513433854,0.09902902681878675
-0.713997715418507,-0.723744812545488,1.0033230710916032,0.050657882461123065,0.9839867038894523,-0.3654729095104428,-0.8425116839881739,0.6030766508654781,-0.41155170119634044,0.892961585731658,0.14079540439611793
-0.7679220862667304,-0.71296114974684,1.096522126150299,0.013833892841990436,0.9764975989109933,-0.3795251234513867,-0.7293494014487211,0.8042172754056409,-0.4344672039578135,0.8691765261797763,0.14029511449392318
-0.7825889552229061,-0.6653360029593469,0.9924625132678798,-0.09467048878111026,0.9815838294266169,-0.35835089449524915,-0.5794113147630564,0.8085769232539987,-0.4567699682914265,0.8931226072307175,0.1027610422542343
-0.7415939729407264,-0.6360492469869004,0.984653957430652,-0.216147864253996,0.8803623459673887,-0.4740725436583476,-0.4139893331432278,1.0292003613477538,-0.4712188120477113,0.8952587072846807,0.10067166995231014
-0.7397123839511666,-0.5287651291503689,0.9583645051879202,-0.3857736411691975,0.8827100412194173,-0.47756620398945565,-0.303572853383581,0.9534094432890028,-0.4732920211410629,0.8634915856102936,0.09419516782467621
-0.8266158201554626,-0.4915641305296344,0.9171101947046788,-0.5092113113478081,0.8458267159150453,-0.5493863956184193,-0.17802237789789074,0.9991211240733536,-0.40476982935993633,0.8851885706396798,0.030990491516681373
-0.9050625783373467,-0.43376986343829943,0.9619219818419549,-0.5225724222667442,0.824769381073073,-0.5112150084117986,-0.006250818349808958,0.9929694339969045,-0.4034130050254723,0.9838900737287276,0.0009991815985276875
-0.9068396806229578,-0.4268600797473975,0.8775633323108796,-0.6682051709247494,0.7814147904013057,-0.5783136053855267,0.14038959349656388,0.9509122221213386,-0.44263824507352956,1.0608319980087666,-0.03386788253795392
-0.9413288489293604,-0.4153600476002342,0.6405842849655657,-0.7263243059541054,0.8061431440720006,-0.564113799316032,0.28255130463512473,0.9163143570491766,-0.3652551572921874,0.9423755456942322,-0.11726051016061034
-0.8582945078762065,-0.32731934502863086,0.730338085426483,-0.7640347655440968,0.8374470776520163,-0.6237061307069783,0.4153961498894916,0.8374103999474195,-0.3454086872395229,0.8757984090114238,-0.04255641277975508
-0.9270673296568976,-0.3731470453510396,0.620351380796308,-0.7980399431883818,0.8618202054645346,-0.5686721323484312,0.5617243401319143,0.7377633458811967,-0.4813923645979803,0.9192861463446794,-0.10506420949664952
-0.9831754529609547,-0.2230597481635442,0.43866908720385395,-0.9039046846084324,0.7890210098463919,-0.5796128943026859,0.6307250788573212,0.7161821428550655,-0.363459901580853,0.9790351009996348,-0.2021827983500428
-1.0603746601067479,-0.1670307421734536,0.35019162823488814,-0.8587841102085457,0.8928610915646876,-0.5690612028323696,0.8520667713262075,0.6999062032304375,-0.399798881432411,1.0256595043677286,-0.24655762326996997
-0.9710557678945844,-0.15864277888179373,0.32752549478647547,-0.9872371715264251,0.8349223728319923,-0.6691921401744438,0.9018891207921333,0.44741162310813465,-0.3476353308045724,0.8751941845775185,-0.22028576094495106
-0.9864359414409307,-0.07230422747290458,0.2543921019487966,-1.071205984605232,0.6660932795140659,-0.657249017602459,0.9602742990683429,0.2921632731145016,-0.3495877619928276,0.9968867060615618,-0.2836816842330132
-1.1063536350971057,-0.04049571134803634,0.1408952026904776,-0.9266394063883069,0.7535957272446708,-0.6531281433473328,0.993316939133377,0.1654015709602088,-0.3436603082227465,0.8399449515075613,-0.36018911129247544
-0.9411396618186448,-0.13484804151115976,0.028061853848876835,-0.9331177476036085,0.7220519268605808,-0.716468142773121,0.908635801408471,0.06447722316242686,-0.29242685517406364,0.9103542813004125,-0.3177408893825432
-0.9909250354462324,-0.04294094796130399,-0.005013703519212806,-0.9014907415394888,0.74668311665781,-0.714030054435177,1.0093452679514587,-0.1749454909746137,-0.27536181547106503,0.9531100924232656,-0.3476300054473181
-1.0078094980128471,0.08539437612376533,-0.14755865491669995,-1.0741351949722335,0.600848731801743,-0.7853280644506084,1.067458890769747,-0.20557544034512165,-0.32445464452380113,0.8728424290372443,-0.42800259912108496
-1.098767019108686,0.16269594790995165,-0.33883671408408117,-1.0183685922356716,0.6037381095109521,-0.7951699054777774,0.9982190719817923,-0.355300265962564,-0.35993468179888916,0.9384262477339139,-0.5302869018773769
-0.9542118785060013,0.15759882297770944,-0.4731464946298334,-0.9189220265166639,0.6741255003434592,-0.7709113800220779,0.905051953533358,-0.5379471525294894,-0.3271508947632322,0.8916666128120047,-0.4842247875732588
-0.9800687321653561,0.21619389725332952,-0.39645327101597655,-0.9470700626255297,0.6209969279422797,-0.8258177515942876,0.6898434469223038,-0.638704794948426,-0.3135758810594535,0.9078555064435321,-0.4847709617990151
-0.9946205129971746,0.3018548300691935,-0.5665787476345001,-0.8740886097517496,0.651423901082922,-0.8763263209237538,0.6686638915531287,-0.8202409698499961,-0.26370693627738223,1.0680287876616708,-0.5369991005723529
-0.9842785089987447,0.2459110005770276,-0.7388148751311532,-0.789289943254285,0.6826942455719961,-0.7985324478032813,0.44717484822280207,-0.8814425889903318,-0.24195313175686275,1.0827505640007566,-0.577244867924319
-0.9218765221515309,0.40135768812885236,-0.5246053291646374,-0.7013598628498687,0.5400844864262303,-0.8843734054094468,0.3186187237372071,-0.8459575481036709,-0.20153835263657227,0.9023839482015054,-0.5103029625399106
-0.8550343191508009,0.34481252446190747,-0.7500043065046403,-0.7117303136409104,0.54622473759248,-0.8375874849496896,0.30496740094624764,-1.055497457620712,-0.285757737803554,0.9351314033650138,-0.5432735040082965
-0.9139832255522171,0.46964165938882785,-0.827572360778814,-0.5335372919270974,0.47783894181591596,-0.7758602964908008,0.07080940561993992,-1.0588722270781321,-0.21008924577695748,0.9777705349040724,-0.6096955326465696
-0.7762580497028817,0.44613828276525924,-0.8497117455066614,-0.4223115638559873,0.3532426569385991,-0.773806586080755,0.01794950675351191,-0.9229167068923173,-0.1963425510090246,0.9714444694182195,-0.5723940171157194
-0.864948395004922,0.5142747649358678,-0.9146732755892453,-0.44061036192709013,0.4872067608746667,-0.7999780459634237,-0.1657685956264055,-0.941972503592089,-0.19774204616365204,0.9150924993364943,-0.6094348280043013
-0.814669170320827,0.6526124097492728,-1.000183419565827,-0.3527887003845104,0.35315570806495317,-0.9428926835618238,-0.4238208321686151,-1.0178190921147838,-0.2052033517270965,0.966317981464942,-0.636758469417171
-0.7444936075849388,0.6456588136971376,-0.8909848184971394,-0.22724860081684778,0.4514867374088301,-0.9359747397032201,-0.4911083455365834,-0.8878371056010186,-0.25698806484572767,0.9461535575513573,-0.5492449018598452
-0.6997066144691926,0.6350695679884725,-0.919549250399058,-0.09404200336083118,0.3852103584072304,-0.9535533720793747,-0.654687426223403,-0.890724081278836,-0.08782452776406759,0.9436229037814979,-0.5486760106728676
-0.7655412923852587,0.772678965811692,-0.9747846968276032,-0.07617100278918262,0.3645302455688264,-0.9192956315853555,-0.6387057053334656,-0.7940917201215859,-0.2720631627239749,0.9426135714295981,-0.602300006127145
-0.6095083293932738,0.7673970938681727,-1.033217845419738,0.1361129070496252,0.3569872884763415,-0.9215876017645156,-0.8262949107534272,-0.6156708185995263,-0.11866466326902467,1.0351379804621912,-0.54332206062729
-0.648082397950509,0.786397672287158,-1.104806306790965,0.1912074803170906,0.36543188587696485,-0.9920718883849906,-0.9182454643045834,-0.4574206559684316,-0.1523251159042367,1.0128083115393776,-0.582396713837151
-0.5935515184173819,0.7522358061076714,-0.9985201577546425,0.2670466523322009,0.37308399940181103,-0.9464645907555632,-0.8286249197884649,-0.41661002923172585,-0.12489722338945411,1.00792128660214,-0.5217150066547215
-0.6607407743075212,0.7858521749499263,-1.0333721222006917,0.40565783801605654,0.24960447297457872,-0.9054605020170197,-0.8795624418241843,-0.18571122272101578,-0.22431847874199312,0.9382186015109376,-0.5904611292190524
-0.47788678928089123,0.8453030691198831,-0.8962108973699259,0.39832386107546847,0.17148651133238202,-1.0166630263583332,-0.9802129653602754,-0.010911337520724342,-0.1390646825945598,1.0179330664012696,-0.47350936158494694
-0.47934530832796834,0.9571850759631966,-0.8106592665360396,0.48797921844869635,0.20267812571488839,-0.9857349120582205,-0.9348235751168599,0.05601146443840714,-0.05905099210494143,1.0393584945989311,-0.4423348089818183
-0.5151275392902596,1.018646759311819,-0.8146416673616916,0.644173846133753,0.17369348669083318,-0.9984325687272916,-0.9510990690824066,0.33026357131041956,-0.06758706083365415,0.9273906468737626,-0.46721757251547064
-0.3948134698662432,0.9680237666110824,-0.6697848375329523,0.7676024647204257,0.1948428359395401,-1.0638474470094021,-0.941484883298727,0.4764802235066794,-0.1478787273149694,1.05077208622563,-0.3593736190050993
-0.3255449916747318,0.7966390048304735,-0.5858004269960326,0.8081974605047456,0.14078534802308335,-1.096598110507138,-0.7622018106454184,0.617055138844916,-0.04441350520682805,1.0094493454189128,-0.310355554331559
-0.27180707176336016,0.9736098395129831,-0.5020157156908964,0.8429453465309592,0.16450693808216602,-1.0554509837783415,-0.7171546648409272,0.6035384518841022,-0.09146059468691112,1.0053632539499429,-0.25360686297251583
-0.2165034291237023,0.9382103053538565,-0.4081928577665606,1.0072957849254949,0.06492634263700972,-0.9671610582893021,-0.6070205447507642,0.7829043464804893,-0.08559146817854676,0.930135693719654,-0.2177243033644174
-0.23386148270313187,0.993204209978899,-0.32001506822355164,0.96816063720724,0.10953008107928965,-1.0406962470771273,-0.5685360752048956,0.8350354913373389,-0.12207304928401984,0.9691746897942487,-0.1910292456027735
-0.09688821556189908,1.0115189062051495,-0.2847875203419808,0.9307501542901555,0.03304948311345922,-1.0648015545340532,-0.3141652556741641,0.9323394035796678,-0.10527954125880425,1.013212823651487,-0.12727046726085195
-0.030377473197298076,0.907737011748043,-0.11260349306589496,1.0284458500375786,0.015444942464096653,-1.0029155430101855,-0.2928296338450981,0.9720965403728121,0.0023604068655703123,0.9686799186121124,-0.04588079602559819
-0.08866515369932962,1.0006566823085674,-0.04076579471668506,1.0385190637124708,-0.026305674707112973,-0.9992902028039211,-0.0716121302374324,1.035434325785803,0.006404668179129543,0.9514418712071122,-0.06182345020609292
-0.03651362960655036,0.9317482780101248,0.14133411139345564,1.1500725885618663,0.05838273184924716,-0.9712033885144797,0.07028695229230639,1.053774788524259,0.12556956238267247,1.0502565752991078,0.035819964984610944
0.10087868077767972,0.9762382649805648,0.012162764901963552,0.9713610570443468,0.005693645156148057,-0.9967489449662266,0.20750673270337816,0.9790348502426877,-0.045580065033634654,0.9861638582584364,0.05522689889065854
0.0991353387494363,0.9124928207692881,0.2777199376289404,1.0042963952152006,-0.04316489006914796,-1.0303887724549172,0.3285396169527047,0.9584397856028264,0.0047827838375849585,1.0086302582715096,0.12425067264957068
0.09615966054946871,1.0022389423979372,0.37603752945447777,0.9382928599820158,-0.05002523524134262,-0.9542577658472657,0.3356706003365004,0.8150347643443042,0.04823111641548615,1.029582912842809,0.15088604206280917
0.2001237862031426,0.9240635860904245,0.4760248748039516,0.9529952960334653,-0.09059899768735954,-0.9498399408890481,0.5349881151672913,0.715303305733929,-0.04436699284287853,0.9987542575859182,0.22474955600528487
0.2503103349851645,0.9625098116902897,0.5452763352292044,0.7626525635677153,-0.10465166419439546,-1.0553754568973015,0.7596490020632225,0.6640808811143474,0.1257917052847432,0.9864563156222131,0.2678077352224645
0.3895679334761219,0.9465663291711103,0.597201810439722,0.7992951852841175,-0.14851963849229904,-1.0821408314154672,0.7703962895611719,0.5537224010827633,0.0587076305771102,1.0269376059871422,0.3442405821715177
0.3279642714465605,0.8464313767744465,0.6561432704773905,0.7409759357637844,-0.16277507432558824,-0.958818349548187,0.8490170965768798,0.45441562681777803,0.10706244663268633,0.987387731270493,0.3282701020013798
0.39201820446670826,0.9661491600514851,0.8461166173009543,0.6142612284858358,-0.21382310365971985,-0.9256849719329556,0.9287984624523409,0.24482082513718484,0.06472096601682044,0.9710152231981221,0.4070794666916965
0.41681820771721584,0.9222599565297386,0.7890538686785805,0.5692124532099299,-0.2214744529514244,-0.9574017877203644,1.019990483377339,0.1572064763774594,0.16138025859599786,1.0088116722062173,0.4008303738718971
0.3948609896465646,0.8745270730890697,0.8770963930880422,0.5306030051564942,-0.3014856764007458,-0.9403967980879961,0.9955794666175478,-0.04415267296777271,0.20903453869878003,0.9554446299821859,0.40026227746954574
0.578186641396351,0.8205418155855908,0.8183303377253061,0.417649985932855,-0.31113894633864403,-0.9683172316465787,1.001969073104429,-0.10027555551653779,0.09889059976014505,1.0157127358001028,0.47236463274803847
0.5422920359329781,0.8701947739666412,1.0080099544197911,0.35226436163774594,-0.2503750820067792,-0.9175202206692953,0.9768585241972602,-0.2094883765102875,0.08169528600409613,0.9514497469945649,0.5234739878910706
0.5701557602489982,0.7835434688061136,0.965892203635744,0.09195411791748592,-0.3349086371336483,-0.9231364817239072,0.8804982333497373,-0.4589372949661808,0.17737288854831482,0.9595976965614547,0.5078638137884925
0.6489508626655641,0.7207059304956298,0.9221745930664377,0.16685230577278315,-0.3276881627272337,-0.9209093647114738,0.814926211425915,-0.6273307791845193,0.09438353200694077,0.9682232976552327,0.5355901767072666
0.6517551048140215,0.7061565314039496,0.925351326273196,-0.012484602180055107,-0.3519072538102189,-0.8320191123079598,0.7420426076309893,-0.6807325267949657,0.1324445652164893,1.0590277148548632,0.5331014995269258
0.846251684062893,0.7669964650173453,0.9855648074207614,-0.02930218710556199,-0.43303949286798366,-0.893781572272521,0.7676776126699225,-0.7715521567642544,0.21888747006121556,0.9508529633441611,0.6321873856840781
0.794867003209876,0.6859984165843762,0.9209563908535359,-0.13260313608988414,-0.49051523739954783,-0.9619307771981858,0.47453843954630603,-0.863050398493725,0.17313545759580634,0.9591312415083086,0.5756173713810891
0.8646617122083302,0.5911603619689968,0.9716072579011946,-0.23995270538662636,-0.42227435709186695,-0.9286685889581245,0.3908827245003949,-0.9524735237988209,0.027802754811138614,0.9543287889241547,0.63935816205615
0.7813714455674986,0.5286351505756836,1.027143723160187,-0.3085072178954908,-0.46217220481579296,-0.9125185729439156,0.1953720532693169,-0.9420866949560422,0.25512557044204126,1.0234982239862367,0.6063943987686469
0.8361314348686687,0.4972068101082888,0.9331219248603144,-0.44274720722304384,-0.37049254129915443,-0.851845540311786,0.015703137491802452,-0.9534622020771455,0.20615916010382426,0.978558020332804,0.6239037866325978
0.7898001491974836,0.5868713504502587,0.751826531225381,-0.4519390316546199,-0.45066840942057074,-0.8350097272858802,0.036008921785908934,-0.9328514810695063,0.19681386574456916,1.0211085986660964,0.5303143520822419
0.835338407508924,0.43450656341584787,0.7201078344944166,-0.6250955372681566,-0.5141067533011592,-0.8640750659844606,-0.2788615954441924,-0.9830468327330786,0.2174749062267691,0.9890024110477513,0.530880203442555
1.0049657797077187,0.415898972274519,0.7712603852364133,-0.7558207765394491,-0.48173544908407795,-0.8131662550313279,-0.3968073137652748,-0.9772681767859448,0.184771812790236,1.0080201042457047,0.6375139156079678
0.886580546117884,0.418500777043285,0.6783785185490587,-0.6890127327822199,-0.5025606731133023,-0.7971075245080321,-0.5501032987880883,-0.8320398304796707,0.23030471135287683,1.0115608407484442,0.5462916940009991
0.894387157766274,0.32092740678346854,0.5597453920309654,-0.8358202217951678,-0.6042652492498459,-0.7977221178744087,-0.6337829690263361,-0.7932628351382143,0.22453625370177496,1.0087036542209291,0.4942641466424574
0.9928116454675617,0.2295962800670228,0.5257226631574341,-0.8295447772733386,-0.5462112575526481,-0.7456770663304638,-0.6486882684106957,-0.8156941220613009,0.3362268425075453,0.9501473480236061,0.5448803701704814
1.0371382151072701,0.1585104933874425,0.3552369545465603,-0.8789410259148407,-0.6304206600734432,-0.8812107742474129,-0.8299490669144127,-0.6249203916678433,0.24100523456961392,0.9822950393421753,0.49905606190291446
1.0027954318668253,0.04502513220818702,0.30085347151551595,-0.9920558401284185,-0.7494662733503568,-0.703839744744639,-0.8801071342188023,-0.4133963450464337,0.34301540046568524,1.0249278491808576,0.4417605027179961
1.0148698425054636,0.09836747885825843,0.2675712735812519,-0.9359650668823201,-0.7219719970907272,-0.6609919841552251,-0.9842100676413019,-0.2509750452433456,0.2715426569317776,0.9985849969040461,0.4433119039089619
1.0238255079702743,-0.04174057319403564,0.07774584917714272,-1.0204377461404548,-0.7016764483286337,-0.6831452720524839,-0.937106398620182,-0.17024072351537708,0.3293126234894782,0.8946996016447013,0.39490121907255327
1.0703662878714006,0.04535740701064736,0.06149945022688008,-1.0106179788430931,-0.7510512910348799,-0.7080884566012456,-0.9173520512806402,-0.022575880951916556,0.22997618822128935,0.871678776017603,0.4034227207967884
0.9606395967091405,-0.045925420688587404,-0.029712770143719022,-0.932478806851006,-0.7618112032100535,-0.632999592924076,-0.851643043394016,0.21260584746349137,0.29191906290964814,0.9894340637322024,0.3190437266694438
0.9478101860421834,-0.028752888216596384,-0.18252162851699505,-0.9965964901576801,-0.7335753806049014,-0.6926028542643764,-0.9701002711737323,0.2116725670089159,0.374630051945168,0.980863672991201,0.2724335283450129
0.9881971466381302,-0.08975433064199848,-0.2240787139552656,-0.9313915668625723,-0.7422461588864504,-0.6106794859332756,-0.7916494952621895,0.40039340239535687,0.2980051396732091,0.940524639449955,0.27842572735519533
1.0277511803915753,-0.15492468371874302,-0.3636985395557493,-0.9163216382655424,-0.8353964515452236,-0.5883026640591041,-0.801084178963696,0.590781756090637,0.42041279371367046,0.9654833023849136,0.2376867380200181
1.001086860198556,-0.3056992350920737,-0.46077073571753824,-0.8673369169396745,-0.6733880262177306,-0.6465460565128901,-0.6500339431120463,0.6580168230513282,0.32309963379617745,0.8274603934224565,0.2276346041404704
1.0334721525528594,-0.23765263589732155,-0.536543460152236,-0.8157273876963705,-0.8238445770620891,-0.5590926975476753,-0.6176896640453804,0.7327852304795468,0.3052417178907236,0.7810450229948896,0.19100412281834106
0.8599259076113912,-0.3934425076394478,-0.7077663683046853,-0.8184681666038695,-0.7589169913985336,-0.5542550658727011,-0.47684188360239155,0.8843441362475001,0.3911620962672901,1.0038851462859342,0.06584964503458327
0.9375140143466516,-0.42887236276375335,-0.7194687752626604,-0.75342280481868,-0.7471162237131088,-0.534025820889169,-0.3654263469171889,0.9170011205568238,0.4246583811834261,0.9053543434471328,0.10349312985190587
0.8598229142999335,-0.4641184120504365,-0.8229331367673963,-0.6144780861749634,-0.7191392526675789,-0.47270855093281255,-0.15953463005026258,0.9455295056059412,0.420309139991358,0.9319565600721056,0.03920366558623209
0.8961941366889391,-0.4678107513536296,-0.8542528909251033,-0.5187299195029632,-0.9183494649298901,-0.5050862167262575,0.02816651893087295,1.0408127058114944,0.4502393241935699,0.8438077293934891,0.00815130808096054
0.8932794034460186,-0.4716294749032287,-0.9150817474061144,-0.4364597987777078,-0.8184006072476654,-0.5677490215548922,0.09819802920720175,1.042071184143138,0.3807147672850607,0.9226185396637897,0.00843505605164191
0.8715688403727315,-0.5860755411206853,-0.9370233601665441,-0.2874148088757816,-0.8899675255427371,-0.5217749418002267,0.2225322168355018,0.9948212722470421,0.40314211727446075,0.9034874159189807,-0.023316092972144847
0.7415546186353326,-0.6449233154945682,-0.9528767517688241,-0.2862594411268997,-0.993932033337567,-0.439560242530575,0.27655292120886626,0.9551601989494577,0.43586232922926615,0.8825131291274774,-0.11387212288049436
0.7147658716180535,-0.6249214953929518,-0.98584513919484,-0.14853647404151843,-0.8991311972250339,-0.4394516974427702,0.5125138114139579,0.8813677572531555,0.36112984276588045,0.9266916497633182,-0.11819684539443201
0.742377648585428,-0.6892681701929766,-1.0191209855183185,-0.04703075850140868,-0.9685541372774396,-0.4527058679000089,0.6159533836888459,0.8972328337428285,0.3595985696327627,0.8383471281496637,-0.12825829881826947
0.6759714043439231,-0.6525332359633915,-0.9833011930735187,0.10465979728391193,-0.9174073578409708,-0.5013915319279021,0.7842216928516046,0.6847641915899769,0.4760160369353458,0.9555395216409215,-0.1404861273182882
0.7449373674514344,-0.6265596031980794,-0.9959693232152264,0.20232561131410404,-0.8916962417877031,-0.27112088893674513,0.8881685168978011,0.5993264923659365,0.45958770596786275,0.8863825967049792,-0.10466136159639136
0.6642064949852942,-0.855952541974706,-0.9232995949788938,0.21787504873590063,-1.0268585060768545,-0.3843033020807552,0.9554078187200946,0.4184256591476062,0.48153891077755,0.8447413026898051,-0.15025833221639195
0.6127365158209679,-0.8687867756292316,-0.8770647274733988,0.29364240703936695,-0.9641642154960209,-0.28413185459160967,0.9782280672332558,0.3047659433047101,0.5410111146318162,0.9380255862543375,-0.14958400343073988
0.5536917044046241,-0.8254177058572213,-0.8596143021446561,0.45629521482062735,-0.8276967126507151,-0.27824674001529714,1.0594902368599444,0.10804552258686251,0.5968834908357666,0.7985176134199803,-0.14657778097122776
0.44900857735498606,-0.8051665795918092,-0.819372352339968,0.4986814467361083,-0.9802763455579824,-0.3062154852447604,1.0256131188538573,-0.07870110462291825,0.46523782689184956,0.8650350077750354,-0.21736268613609383
0.3725933383244868,-0.8436665688479161,-0.7431640911010821,0.5313710697659858,-0.8642496032450806,-0.21692991102924322,1.0091830174473568,-0.14934077268484885,0.4821685129032397,0.8591288628002693,-0.20950247881709733
0.4123464863837027,-0.8521991874235662,-0.6969373988292874,0.6454941965574197,-0.9653512869594528,-0.15171813567265519,0.9194608773170155,-0.25820262260798543,0.5996933993218824,0.8976857320059574,-0.19597823384882543
0.4448229523738688,-0.9738633187465899,-0.645231693826303,0.7947161999789895,-0.9311269293702324,-0.18670363982246077,0.9381342736766209,-0.43638240680395163,0.5138576805550444,0.8640444680976017,-0.15738341783500298
0.23204872668288906,-0.8631462785436101,-0.6892887414912956,0.7420144999697796,-0.9847986268214641,-0.17968681912912357,0.9365076888509631,-0.5650106658844488,0.5432524426015289,0.8143114423141375,-0.287721984470237
0.3294238815191264,-0.9915007834551967,-0.5933242859786301,0.908391330821953,-0.9103345213399519,-0.13591633151724586,0.739296928824835,-0.6681645532338255,0.5331546970211358,0.8388645624956397,-0.1953522493020162
0.225589916522666,-1.0746586809690999,-0.4417991839845473,0.9700471317559574,-1.0350255706899736,-0.06519212769906335,0.6867802337999145,-0.83030584141002,0.5424341626114396,0.8273871176402481,-0.2267499110720259
0.18034418383383316,-0.9642204084362391,-0.35786795222738005,0.8519547615744766,-1.0247694472020938,-0.10350487657544091,0.5371093139348909,-0.7528807094864868,0.6044017339090445,0.8177577792049341,-0.22214218319171622
0.1444854171552739,-0.9882272008235451,-0.3131675730461388,0.9630148760658425,-0.9761029267516561,-0.10063507511925263,0.32254498524680963,-0.9960797201051428,0.5311585713549838,0.7895657264495779,-0.21692814868653593
0.09318790828915863,-1.1006075497708403,-0.1489877908738947,1.0209450359314962,-1.0652954218478303,-0.02363038887695628,0.3245951611586841,-0.9227148035787509,0.649111922182737,0.910149909898939,-0.21116146748715517
0.028676119725340583,-0.9878600879470543,0.031759334096808124,1.0361427741146658,-1.0145493909132004,-0.07872691717267748,0.11868796467665077,-0.9835975501806288,0.672398332772188,0.7012601277918007,-0.17904401809092735
0.02331264141781272,-0.9307386634948398,-0.02244960720821306,0.8832132693289729,-1.0383322002379156,0.09787671971278056,-0.07697917489229819,-0.97713258542404,0.5898128224545669,0.7591162153182862,-0.2027450015011407
-0.08223342359221371,-0.922141398060188,0.105874380053289,1.0271247848834837,-0.9581544951667516,0.054218050012814475,-0.180432331145674,-0.9825958453767115,0.5489145111789342,0.6551727510252008,-0.20098529681347047
-0.1995110384403347,-0.9432949449359382,0.3206482521936408,0.9302658822950958,-0.942260566977165,0.01781977408798633,-0.3370177159092626,-0.9736164892624835,0.630991926501752,0.782568290345648,-0.1920131569575081
-0.17485456740506392,-0.9431890122266401,0.28770071295775645,0.998355978979085,-1.0700920045807272,0.04302971704997108,-0.5102032357200125,-0.8833610059767113,0.6026518757476441,0.7650234286672734,-0.21513547073135048
-0.23830380028939566,-1.0048775801046148,0.4965982930932038,0.8569176640049782,-0.9655325274550316,0.1577927319589008,-0.6569860518069436,-0.8445097272735652,0.6515393012944127,0.8071994400664139,-0.163278917707743
-0.2688809245388934,-1.0627923733271167,0.5134606272507859,0.8161226603271523,-1.0631783218628055,0.10222063798485087,-0.6965700917303539,-0.6701629081576901,0.6476138723347142,0.7715368738869192,-0.19303793846677203
-0.33785455617425647,-0.9588717421010169,0.6019183478411076,0.8258290562790813,-0.9133179981165834,0.18453526315550467,-0.8718193931982365,-0.5647427226530679,0.6239222119352416,0.6807632836408799,-0.17101537335811262
-0.35405790934763454,-0.8421880715927796,0.7364098200037607,0.7535553497458569,-1.0307003653420952,0.09909366320179874,-0.9103037530023104,-0.332643209782238,0.5454582340696341,0.7572222791191665,-0.16224608174110813
-0.4421353053705795,-0.9383945357343987,0.7218228274146192,0.6113807687223666,-0.914845078514052,0.141731509224628,-0.9325413190496081,-0.24608894996864528,0.6611520782041586,0.668644547030863,-0.18748982016371438
-0.43625497062040275,-0.8629628893571015,0.8202472017099589,0.6021497072084473,-1.0219511755296806,0.18077522434933294,-1.035979637412363,-0.17882572898275279,0.7252305454243693,0.682766443636277,-0.17644355990314983
-0.5257896687395393,-0.7498125444816712,0.8185484178474842,0.43494121591291945,-0.9675818527647689,0.22749504470047388,-0.9595777027533164,0.01962563808053829,0.6650619814738654,0.7607674883071137,-0.21084667956847816
-0.6228527926216197,-0.7812251877266692,0.9465916759600838,0.4165176016300214,-0.9682386108330464,0.3329674673931427,-0.9230116895847008,0.17975878738155388,0.5715941296914255,0.7592774716415698,-0.22109661568939404
-0.6393151441357269,-0.7718745547832828,0.8585332782021384,0.3278755787888677,-0.9915608884197351,0.35620875600018836,-0.955730522757183,0.3437124341541719,0.6694080446153589,0.6941149967809411,-0.26040976629116896
-0.6934535008320881,-0.8575658536176054,1.026525723131962,0.2384589412707593,-0.9505600347986377,0.3594501442071831,-0.8607271567169715,0.36164691601333576,0.6754067780206463,0.72448324649936,-0.22888104043618304
-0.6072743847585291,-0.7574315027319884,1.0827100066353235,0.1303704604287168,-0.9649249382602503,0.43519312956116846,-0.8140419362079159,0.4980506885326493,0.7410835994908956,0.6972863529324904,-0.1718091780407176
-0.7214782511058748,-0.665445659598865,0.9904566869000816,-0.0071776319184948395,-0.9086669167371183,0.3669106111619916,-0.6832902572647152,0.6925274419851087,0.71232354062218,0.6945054241487172,-0.24533550283033662
-0.7184674472835934,-0.6433096181356934,1.0152070970579439,-0.09982861002329987,-0.884457287537411,0.4120412886509697,-0.699474190689561,0.8260377565509164,0.7742483788655586,0.7488032594436499,-0.23156305203189573
-0.8463773649507111,-0.6680765040584349,0.9942937714846612,-0.2458826075926548,-0.8756582088495509,0.4243737615112504,-0.5125004575814194,0.8905651618110241,0.6524322723908532,0.6957571120152174,-0.3000321927998674
-0.7964404400108361,-0.5449570280210809,0.9031077623535566,-0.2547793131132966,-0.9062841867178124,0.481799889314525,-0.40058274443920106,0.949473948138192,0.7434446926242844,0.6910721377354512,-0.3085447286429136
-0.784618609478741,-0.5592697034015292,0.8964032668526968,-0.33761542210552836,-0.9805337214452485,0.49541166412978477,-0.21979695183844244,0.9901894879060245,0.7832336624921942,0.7158428747825832,-0.3194950689726112
-0.8639620633927164,-0.5007616563449895,0.9212706661922951,-0.42623177293706666,-0.908655812689658,0.4548689154887756,0.07464642664028245,1.0618193317027227,0.7239431049725915,0.6987488248425576,-0.3373309943766013
-0.7643750625774395,-0.4883191343818823,0.9054449830642871,-0.5653444834888172,-0.8389687787382042,0.5693315659518126,0.10680617801124187,0.9036463789870549,0.9042492780164408,0.6895532139458966,-0.2783477921170745
-0.9255264514658293,-0.5466208996184968,0.7715038808098602,-0.6576915006862235,-0.8468649142656711,0.49119112734820825,0.21963415104247755,0.9347011158470527,0.837259022706887,0.700267792187904,-0.4006850443430908
-0.9423333513380812,-0.41755996294302816,0.7577223308167855,-0.7274920864866617,-0.9344984719049446,0.6313358428197513,0.379843742045712,0.9383624297119328,0.8299882384453459,0.5854883506942884,-0.4307496708049939
-1.0063520887671071,-0.2878688465339981,0.6833567388095653,-0.8233317079421071,-0.780640188843267,0.6362023973351794,0.5126946205363828,0.925231375013474,0.7956040004057533,0.6163961668472422,-0.45429706050933744
-0.9816227787337326,-0.4108543456487288,0.603289922963072,-0.8312881535948983,-0.8555250622645093,0.574148065662189,0.5517122325867,0.6994947848807488,0.7071865545383338,0.6764166723428893,-0.48092942493084656
-0.8915965372678467,-0.2799679669474136,0.4309881460421463,-0.8959918466806893,-0.8752984489840892,0.6535076686592286,0.6986820593814635,0.5957654149185424,0.8057735121445294,0.6830804335255868,-0.49156151461809733
-0.9288947990167865,-0.18903514417757436,0.4302324003780249,-0.9812987613550573,-0.7355077854254042,0.6186769038710613,0.7811303240582658,0.6460932489024285,0.7312945734440659,0.6290960160889615,-0.48247923648006663
-1.0233523147497297,-0.06567720895447189,0.393920584105303,-0.981604834828829,-0.7503379226439908,0.64559974531228,0.9195219475762914,0.39343771235540503,0.7951375717933927,0.6206270656380899,-0.5435675666720721
-1.0167995170095885,-0.09406485117661807,0.2423562218313406,-1.0031048519075672,-0.6624910885098229,0.7668979794466859,1.0071455321505083,0.3160738735192754,0.8143547727976114,0.5618979415611762,-0.5681911096573566
-1.0299603665689854,-0.1245667903074705,-0.018391516518767914,-0.9293271659308958,-0.6044956937222782,0.6128334511981033,0.9654373517362477,0.08709054592289803,0.8141393143029606,0.5220269809444038,-0.6413967769845788
-0.9667302874971446,-0.05085494201975414,0.03153315936072818,-0.9494428965607093,-0.6513191930259089,0.7384260302339455,0.9875053313261392,-0.04011900317967808,0.7509742797779522,0.6644541185334136,-0.6041690345455356
-1.006452497157381,0.12497266403582716,-0.1490110801160055,-0.9299673709281865,-0.6419474740870613,0.7147560285715966,0.9697493575920266,-0.11270129263217826,0.8170587029699407,0.5118482888024456,-0.6763190674309043
-1.0148763241768985,0.046355613511596776,-0.2161232016580851,-0.9754061804661874,-0.6671072642040042,0.8180159739673113,0.9279860188362249,-0.29247762850963466,0.7183324496814687,0.6288483671788759,-0.7056965754266756
-1.047529566885514,0.2020020523478144,-0.24285301585483943,-0.9622762131025178,-0.5939147725754452,0.7452122039087209,0.8843071598776281,-0.4599696798664034,0.7217349221793928,0.6596561322714285,-0.7154036427142979
-1.0515477924321222,0.15672521231781603,-0.42557396511106527,-1.0140962227400383,-0.6103018042499082,0.7531560931237857,0.7979292895190235,-0.5799846126554389,0.8803801132596203,0.6029445349903418,-0.7755064465993623
-0.9898394463322625,0.20847695009327039,-0.5725433155601782,-0.783170977319572,-0.601477640796035,0.8036775678825133,0.7778435098986846,-0.6799314984727303,0.884491558071949,0.6668429365051005,-0.7869782459933918
-1.0129998740493549,0.35108149521224075,-0.5241088578569579,-0.8097622306895619,-0.6455827223738663,0.7984601605221542,0.5860427254691067,-0.7316494263325324,0.8714454999155065,0.5498898632232331,-0.7928491388565381
-0.9626409551432428,0.35342615405930583,-0.5022950190236066,-0.6497755173628694,-0.4842773307264253,0.8264716325907745,0.4574536323852632,-0.9170841977860756,0.8728037110673966,0.6232430763160184,-0.7288644494239884
-0.9033564774726327,0.41902355569690086,-0.7298824907474074,-0.7378881006346892,-0.4925963634001092,0.7989282598369751,0.34710517084096537,-1.0194484676641171,0.8513456392277587,0.4732829565751861,-0.7691622586405603
-0.819061977395473,0.4106711928909756,-0.79143581292568,-0.5710835722922886,-0.516214029554719,0.7592967878951185,0.21485999410743906,-1.023592836745618,0.8545137763217722,0.5376958930130247,-0.7502045384863844
-0.911843765301347,0.4740181192717487,-0.9741509636970321,-0.5447326964528721,-0.5185040866784542,0.7901313080857064,0.019736742168370184,-0.9701530812376211,0.9427826249774961,0.47215476857461497,-0.8518679890954739
-0.8769771197454389,0.5446033440759231,-0.8912599363803955,-0.42499969350471556,-0.5179521640479645,0.8245150757387819,-0.04498277942857233,-0.9157605865755379,0.8712362323761307,0.5936148204829081,-0.809456973596431
-0.8561067612040396,0.5491639746400009,-0.8635436959551842,-0.351318977289581,-0.4406301135615598,0.925511995504065,-0.2764224392033524,-1.0190762042941175,0.8673509775274718,0.473193141791471,-0.775242512100887
-0.831815406840141,0.6903937825417557,-1.0645205205918735,-0.2773757121190528,-0.30733754627545573,0.9432849732978484,-0.39394587744231446,-0.9330186960875836,0.8728881939014674,0.5386288521193748,-0.7967313688527237
-0.786332165057361,0.7008281706096643,-1.000824128717901,-0.12782169068082427,-0.46320906615471186,0.9353268042878273,-0.5183483687603352,-0.9000620808234875,0.9019960611187444,0.4052085699916464,-0.7860551343749931
-0.7328215174748218,0.6484025886901765,-1.0506114054718776,-0.07200457237238408,-0.4353262866784707,1.054015631735599,-0.7247459217960263,-0.8160457977924452,0.8737865362730519,0.4163027048055266,-0.7686594377146684
-0.6345151126826905,0.6964386995307054,-0.9976689639076339,0.04914351201799025,-0.44822714350254955,0.8315491642502054,-0.734526143732953,-0.6740992586585162,0.8433028175439312,0.4823336170573797,-0.7062036742141453
-0.6429751872272188,0.6843812173113496,-1.0240114973063654,0.18630973740893014,-0.40745518105992284,0.8918261972519171,-0.8648972361356783,-0.5903519935032524,0.8343351700154862,0.4676724470764352,-0.7101820790175036
-0.6758661993753771,0.7076236363183315,-0.9245213478002249,0.16537618363854628,-0.3956272175254336,0.9241944400880715,-0.957475011230084,-0.3403467158223279,0.9328486000523181,0.5330264970776516,-0.6944149475328427
-0.6375965173185407,0.803697300912994,-0.8724594900833788,0.3934507901510456,-0.2581420905537271,0.924621825979178,-0.933143781599323,-0.22536931425414397,0.9972021864349616,0.47687415400129185,-0.6321645237950293
-0.5124050702929067,0.8277885851033077,-0.859514640428543,0.5027423697657047,-0.21556950004470787,0.9946668663597524,-0.9454244514614885,-0.1236247296321838,0.8532651571432095,0.3962899204536364,-0.5571708272839577
-0.49132218606545175,0.7946492027029975,-0.8992793594101811,0.5288372671082738,-0.2651246212087832,0.8635091077917484,-0.931882614255879,0.03813275991987737,0.9002063768528419,0.3469823465457973,-0.5684698250975369
-0.3981945347090124,0.8449822843924456,-0.709126426570459,0.6157191708255029,-0.1866264345616143,1.0005460724968522,-0.9727558870631696,0.07037844488394929,0.925202970165029,0.39342579179379655,-0.44916048223796673
-0.5011258666302613,0.8343139239472772,-0.849208125031985,0.7515274294834502,-0.2800783738954298,0.9714657414968819,-0.9276872951752121,0.3418123305337619,0.9200184096037588,0.43002504377625694,-0.561341045603812
-0.2922564115538232,0.9475594505017718,-0.5773913018830541,0.7446701409619777,-0.16723544551203123,0.9523526657558277,-0.9184331811274832,0.4751081172559612,1.0028067135698306,0.32169518655014595,-0.35279268544423403
-0.2809837630853568,0.9322060577443154,-0.5584507638369797,0.8725211475071011,-0.06810120880493425,0.9910918915347599,-0.7701157094693218,0.585321898013051,0.9234212600983319,0.3698583682045032,-0.3216473524547592
-0.3451968115134634,1.0497099700415988,-0.5264424520537523,0.9319705330848402,-0.11192095405674948,1.12727514345982,-0.8424909581963589,0.6103992865864838,0.9466492846052348,0.3415105407260506,-0.35291533218420723
-0.14476183764538175,0.9777541895250597,-0.36133725314805165,0.8854342696679176,-0.0632295854951395,0.9877112498831664,-0.6124482754826454,0.853462528909698,0.9632321892810678,0.35373239020157765,-0.1934280118661343
-0.1842153000731443,1.0279115832275398,-0.34423886918908453,0.8630065762367765,-0.002462367902799037,0.9586087007063904,-0.4341586040012838,0.871855051689012,0.897704941161613,0.3337504058309979,-0.19587178437385733
-0.025800852129686178,1.0013700183459757,-0.1769631226425495,0.9682943307577105,-0.10409819227624709,1.0212436001066136,-0.30703378577710894,0.9639484378836721,0.970133480292072,0.37883137578538206,-0.08680900131285735
-0.12762420910299951,0.9541098067603047,-0.0982569603007653,1.002567647469597,-0.10163304927948698,0.9852281621945115,-0.23003352041541297,0.9787554114615776,0.9604402659531992,0.3638999248561431,-0.11361580249762673
-0.00696457998266105,1.0537462054479139,0.025126229331853173,0.973434257223102,0.01971888198749876,0.9649164088818128,-0.13158096927130103,1.027737510468481,1.0256758662594931,0.23314393560656912,0.00799935520572518
0.10425202742547927,1.053289334070376,0.18007301850268753,0.9691394585248142,-0.008327896691819915,0.9217661327591877,0.06787599156677886,1.0056063380780609,0.9241639853378935,0.2897800492410017,0.10448233992518191
0.08057902565708275,0.9494836213964495,0.18378678700757792,1.0784653054624904,-0.009072319186728267,1.0653824523742277,0.2656384422340543,0.9435069164751937,0.9978050588043361,0.21337807150383375,0.0936110850934691
0.14576913156926674,1.0311405821253468,0.31082170493065947,0.969204975823076,0.06331962046647215,0.9679858524189164,0.3686113821135783,0.9471127123737965,1.0056473828199348,0.2545640112084349,0.17879500135712562
0.26611898749818474,0.9403800458389098,0.35610358685439875,1.0294784266932502,0.12191452566574577,1.046323924937884,0.5010332630377531,0.7708541924684085,0.9769926706280513,0.3192233421123564,0.2642734749385612
0.24244739077612612,0.9673308233834432,0.4018105500347883,0.8060287198968261,0.1519938735075237,1.0283558273457283,0.744809965999076,0.6485242588415725,1.0016444959571937,0.3672311012774909,0.2721656351000043
0.2364171133614935,0.925593043847108,0.5860257309916711,0.8137597517195125,0.1102037126897829,0.9432121002142255,0.7244051110636417,0.6921257919675075,1.005580594674949,0.33376018509227534,0.31605701851620466
0.319959100443293,0.932922616624926,0.600345096698846,0.7961595697134861,0.15965688908893222,0.92286082685923,0.8252207351011336,0.5345898156872578,0.9099754833815253,0.24399789287852763,0.37201445704908676
0.3090426992597008,0.8667461829025856,0.6772921038834726,0.6955056781355223,0.20104906330868727,1.0678889813009291,0.9180187018929354,0.3963347193713307,0.9757420588107145,0.2256266755876126,0.3979187934566296
0.5108982361077636,0.8918710642858105,0.7138705202688327,0.5536306030500848,0.21950265495601357,1.0811852195259972,0.9458410321671668,0.29401727714107884,1.0075745688285505,0.20019750663831354,0.5135108051257343
0.3973695731740913,0.9569068385216281,0.7982050737388081,0.5461062582645239,0.3219811150266138,0.9765727036365506,1.0455778083805005,0.11939704741092419,0.925937491181206,0.1357359660232657,0.5025425317140109
0.5878984062992971,0.8570858262296439,0.8312044588373904,0.5082894976782821,0.24239152247196913,0.9816016620921905,1.0471931693670389,-0.11478172752556255,0.9415292515745762,0.19073048617690525,0.5917888452952594
0.4092048557589929,0.8086467133170192,0.8804333547307389,0.3290646341419155,0.30109313320570036,0.9850851903579168,0.9742719867422057,-0.21371974505191121,0.9917198579539799,0.2254444423871862,0.5289510609398582
0.5409608248522355,0.7342436604589574,0.9885207216813099,0.42499814846974027,0.3805090466679377,0.9758341854083734,0.8917169347754093,-0.390216953700909,1.029498546775794,0.20590016662615984,0.6431384382640982
0.5638843000845488,0.6611047717167089,1.0124331035072012,0.14793315152115857,0.3878525697243541,0.9068361585652024,0.7335876903517886,-0.4085029151393532,1.0027289470117482,0.17605763386224552,0.6632425950393055
0.6875074947446068,0.6966081304268825,1.009906198540352,0.05800335055728853,0.3806055755653678,0.9984798367258898,0.7733411385211538,-0.5245193260142357,0.9726422111298123,0.11917018579442183,0.7228467220474826
0.7020086998901328,0.7658247889551673,0.8858948306590867,-0.07158516961841652,0.42217022989336644,0.9119617097900573,0.7548547399396385,-0.723577747595707,1.0217831673770625,0.2308823760874807,0.7012068451214658
0.7468469815409156,0.6364830505685359,1.003327964663857,-0.1011212913972601,0.5002457456023218,0.9554074190004518,0.6429130795501831,-0.7819864174074875,1.059972329536833,0.14908810852868412,0.7744710292900793
0.7648626395906076,0.6095203180058694,0.9179390355867724,-0.23444413963298438,0.47847190957800445,0.8194662528668171,0.4978234903924055,-0.9592083342528361,1.0601130523245401,0.13099732141750853,0.7535074123869363
0.7171816693823121,0.5516553532146591,1.0271532148177216,-0.35876276432704696,0.3746158743546597,0.9322700566395823,0.31895281858402885,-0.9884195631844506,0.9768311920101116,0.08528528813956623,0.7416599740074045
0.881170330241443,0.47532197792565584,0.9177862951530602,-0.3556940894428935,0.5114652264588576,0.8992570990181095,0.18011947035998455,-1.104999571835628,0.9651210232701115,0.1055532161333724,0.8182140989584111
0.7676128043142291,0.42230036701931867,0.833998561573027,-0.4709989727789923,0.48599461368563657,0.8679654341584608,0.01317669645104573,-0.9493363588957627,1.0594582845777902,0.06718282970751661,0.7312048933661499
0.8877316474658485,0.45459069347005165,0.868549095680781,-0.5028732351288651,0.488234769685819,0.9124939379173296,-0.06857631475077236,-1.0475655880226988,1.0452478000315693,0.020842113838657486,0.8020775063743224
0.9383316078550926,0.4009521478479189,0.7100270408274116,-0.667444946355181,0.484588979579872,0.8346085240473204,-0.2598774704654551,-0.9131247556143006,1.0014336983522707,0.20863655652233082,0.7790917120917442
0.9238949449524899,0.33570078078634985,0.6751890288706938,-0.6615564530867984,0.5352133551819589,0.8472580984775997,-0.3942879788176308,-0.9622604743595568,1.0370280648711352,0.0609157413236652,0.7715468521738448
0.9586448990171581,0.2955310160794144,0.5498034554778288,-0.7103097850516858,0.6596908533553335,0.805942631071755,-0.490929083402269,-0.9178504156967309,1.0829057168797438,0.06399320667449962,0.7762016568229944
1.0728518473261737,0.27932462102470457,0.5742612945057486,-0.8789372291535599,0.6724184458810907,0.7300942191977681,-0.6758054733632686,-0.7956415232985998,0.9165114808417885,0.02198891885246395,0.8431880011910295
0.8594394664752542,0.1662201953809868,0.4425879235420121,-0.8394810623458009,0.6072107144653471,0.7401610110609144,-0.732812635199732,-0.5975093763207288,0.9921444725916476,0.06093894213423484,0.6839382531933001
0.987599676552892,0.15496675465015258,0.25995093017916915,-0.9442265190430846,0.6316280304479701,0.7981816374946705,-0.8566694126538781,-0.48835076925271237,1.00855161317813,0.047215666580926935,0.6981107234197907
0.9826856169847198,0.14080550895185184,0.3560788062816175,-1.0257375339593082,0.7148570243314595,0.8887697428909064,-0.9160238618061842,-0.3328681655657911,1.0098650613264382,0.04317106333304495,0.741137855243137
1.0614040947598264,0.027284264568592308,0.1702672874826681,-1.056648115147519,0.6699623293212725,0.78482011606539,-1.0489850468209183,-0.2098173299109911,0.9319264102945252,0.0063220014043163485,0.7157746994889681
0.9483015194524582,-0.04939133272215988,0.12614595116656319,-0.9620605104979878,0.5894971706685077,0.7275204435960698,-0.9364590495814547,-0.09679253613395411,1.0492689423263273,0.02761931201417511,0.6298939792098995
0.965396747728979,0.0003284199477090778,-0.12298794456156328,-1.0365593839943184,0.6693417670101804,0.7466954241389951,-0.9416429308425871,-0.0028113390968597385,1.102767310086994,-0.006178467039866437,0.5796703438980566
1.0637068461127106,-0.018777300842426604,-0.18054956302456238,-1.055529998924876,0.7267717219383687,0.6948153982040689,-1.0158229410373472,0.28142701866670483,1.0235992453603089,0.0034718164752259896,0.6230428985366603
1.053364025500299,-0.1125513575113599,-0.18246900927813076,-0.9403192322106467,0.6954326816297993,0.7348583269065558,-0.945688222617106,0.29588906128842934,0.9657570826664097,0.01045539381686568,0.6110278462926702
0.9545593821446772,-0.19176387021244926,-0.32460259451049106,-0.8315086305978882,0.7685253149922536,0.5993312303598584,-0.9756784450321748,0.4520867577655428,0.9691870795850767,-0.04897582063243793,0.5336039757176421
0.9471580482300719,-0.27750807567871943,-0.5172390861990236,-0.9159369829006997,0.7188226586044616,0.6303383389132954,-0.824618462813435,0.6237161401198636,0.9997889838114566,-0.05286882753331738,0.4621718299762212
0.930233081005612,-0.25418521057264964,-0.4673560780901838,-0.7758658449289725,0.845673354377334,0.6394892716616809,-0.6740251701322408,0.6939137131305859,0.9768554766927986,-0.037646811231107705,0.49404438795121763
0.9327954397406613,-0.30290550676174355,-0.6196021754213942,-0.8119849732713782,0.7629067221757557,0.6022799232746961,-0.6047694924488605,0.759651841925165,0.9430311739628886,-0.08002576599559487,0.4330984116790635
0.9251242648383008,-0.37229486702772346,-0.6387254617874011,-0.8249972572185609,0.8757190185885027,0.5245399214854848,-0.4366347336515956,0.8315603688731934,1.0720068276179,-0.07861759210445354,0.4460882976006306
0.9235644718693853,-0.3348478056639289,-0.7231757573158083,-0.5876958018719567,0.8343232812710865,0.47628900912675276,-0.2820047354903982,1.009701052717305,0.9864740012791555,-0.21641990164924613,0.41169416499416744
0.9162743622780355,-0.5064151177805374,-0.8234008974838337,-0.6401621314442814,0.894902367591843,0.463370701587923,-0.15755596078872286,1.0423298527306162,1.0064905182150188,-0.06145008151661277,0.39009738541223626
0.8243725370175246,-0.5044012325741905,-0.7913888960989849,-0.4492169514443708,0.938445541295597,0.48573012483254185,0.005085772695945172,0.9304073506486905,0.9919252506462584,0.003444873401924578,0.36245870793818624
0.8703127198083415,-0.4663741880874761,-0.9183823315951213,-0.39153872207208856,0.9104999519042858,0.40094010593519436,0.11625574682905074,1.0112174710397752,1.0219122802053733,-0.06019914696721808,0.34174165080649155
0.8022923392123099,-0.587522538830054,-0.9809247103414536,-0.30246936247884326,0.9918316176110769,0.5007040752462085,0.2783452778302952,0.8722744067443164,1.0030719844799743,-0.09920208770990378,0.3052350800259343
0.8613923043119267,-0.5837035188701586,-0.9874281035453009,-0.210009041954025,0.9389553031380926,0.5072593240499412,0.46645611164199985,0.9371201623034504,0.9806273883003297,-0.12005744855385934,0.3222587817199916
0.8496664785126218,-0.6221835778613308,-1.108890270480419,-0.12776343142274618,0.9366279838829131,0.4416862456437407,0.6155537708128946,0.8829731251839372,0.894634538488258,-0.11453272411655852,0.27949175488876776
0.6613376554019237,-0.724423785088155,-1.043773066050961,-0.13428403018396076,0.9839866743960255,0.3512663701810964,0.606518074428225,0.7077506290710363,0.9942997208417619,-0.14125268599331608,0.2143342427648787
0.6187657167521643,-0.8420834325562588,-0.9124785229386696,0.06982924160888293,0.9278716297008319,0.3907849775129206,0.8782794165309589,0.6639408439746473,1.0741669933588263,-0.2601646622467284,0.2212136274346477
0.6481013042016421,-0.7464290917371106,-1.0273973978791766,0.24094807457622086,0.9125070103820134,0.33870746882549746,0.8531121655317518,0.4054462512054742,1.098858750117221,-0.08271071054159763,0.1983328348134708
0.638337372210092,-0.7503317171992314,-0.9781530537099755,0.2755263464368981,0.9307608585767544,0.2992823103200566,0.9067887253285108,0.43009406383264903,1.0026322445331783,-0.21132140266061,0.21187494170740426
0.5729835370900983,-0.7950822291499989,-0.9616183246065853,0.4073072736287018,0.9617188021592215,0.28798099494784785,1.0553746111682816,0.3042467609661978,0.948290149463618,-0.07692606934608581,0.19035003159491792
0.4327640242704322,-0.9070673896004589,-0.8880000618029027,0.4016601929450867,0.97145323849692,0.33188326630657267,1.0749385486915617,0.13210629836556814,0.9835694812767787,-0.18510544166252899,0.1442726412937293
0.4999180741869628,-0.786390217738659,-0.8002419412237423,0.498275060735773,0.9479318719617785,0.2627931795222576,0.9836109429664389,0.017372780372552105,0.9419441783989582,-0.2958138093701323,0.19947282911871445
0.4591219350117057,-0.9281496070790213,-0.7307815111335669,0.6291491624149338,0.9838214285640271,0.15854563098096436,1.0381611867439233,-0.16758936541724279,0.930960785501252,-0.18756432495751202,0.2070907998785882
0.3197879057826968,-0.7850341909086651,-0.6580226702631499,0.6813844519307363,0.9603092916914132,0.22650761095939964,0.9482553181648369,-0.3342537266925685,0.9754141720007727,-0.2750174723400846,0.1545490101506861
0.3187665988091619,-0.9817201949800353,-0.6502538777179303,0.8205676869115583,0.995588760984197,0.22617419527170468,0.9250636089149263,-0.5051593287551226,1.0065056235585248,-0.25746621997850555,0.1634248882860413
0.3105452664054111,-0.9601336678399303,-0.5924548596633521,0.763579590186037,0.9676662324965373,0.1755958127279595,0.7632144986921787,-0.6774321985305558,0.9668908893170557,-0.22299083096665454,0.17106942180300738
0.20942949772095412,-0.9940388527183024,-0.5427736707081637,0.9167360936155897,0.9571823503597209,0.030717312944368316,0.6931162567029255,-0.6612740243798849,0.9736317489011763,-0.223235241167862,0.13331911771997212
0.2480705181718556,-1.0653973038218119,-0.3830734371425414,0.923235969387692,1.063163794565526,0.23834548065219685,0.6046559153644582,-0.896954533260212,0.9681121457345491,-0.3070659078129729,0.22174598685627056
0.12342603037985227,-0.9671417770712133,-0.33640596080700835,0.9227507936825319,0.9976392217582927,0.06736651469778213,0.4658286577696256,-0.8719043164229016,0.8479773819958688,-0.2543151718545413,0.16031907129948217
0.08613364245182317,-1.0048836098929448,-0.11920517382661922,0.9737361288449408,1.025255874304081,0.09388230030861419,0.34794245966279785,-0.927116300436516,0.9332678815653991,-0.21995271345059553,0.21235644393874203
0.062140534476044076,-0.9248771433034042,-0.1335421782722076,1.0170485467332009,0.9550191698677877,0.0033833259453296335,0.17265125459126646,-1.0252627751106105,0.8738121409151056,-0.22779741745894627,0.18201144772991731
0.01453643735459436,-1.0353823780385705,-0.08119331730138066,1.008579644551067,1.0694271217154458,0.017680018444734668,0.08624745212631814,-0.9727402583317905,0.9316235147680981,-0.29623213640216217,0.19679564782997216
-0.002275582866484792,-0.9915639502522409,0.07446084634865743,1.0440661218934681,1.0199791417543143,-0.06107093764071482,-0.18701114881111047,-1.0239623785375969,1.0161099279454127,-0.31457763256314847,0.2251962908222177
-0.038702335112740266,-1.0141021385490716,0.23968430648897437,0.9641556817777257,0.9866013716702668,-0.094437348453137,-0.2275773099713041,-0.8987262373533322,0.9817924404776468,-0.33323834440240085,0.24987439872437556
-0.2632609393036893,-1.0606268530506937,0.289369189256912,1.0347951277282679,0.9213997072055826,-0.0754882448664002,-0.42821201072759885,-0.891679038627463,0.9397151706476627,-0.45231071403497897,0.1394602285663455
-0.2606156466973441,-1.0379873559562187,0.45516961407408,0.9542007922927335,1.0221348118679467,-0.019194717377382153,-0.5530186950356477,-0.7355991192031903,0.8969602322810141,-0.31101188071965713,0.21067002324714132
-0.21707204007166214,-0.8618781877007413,0.5060851083400556,0.8669439246120967,0.9622056758367146,-0.16987613003878294,-0.7317233216831749,-0.6987584512352495,0.9968829553481995,-0.38174744245899467,0.23573064763352852
-0.2657315379653369,-0.9936142017004254,0.48723900647885626,0.8249999258920272,0.9647260269597953,-0.10974444873196884,-0.7293632715384947,-0.6377739147905308,0.8801397852103461,-0.4433939591868561,0.20625113835294748
-0.36390964164272066,-1.016869038724782,0.6465019687228021,0.7512044256626158,0.9841864645290048,-0.26226044166838686,-0.8597787342646082,-0.5238342550084362,0.8941071543212425,-0.3631460699923409,0.20883306270128127
-0.3114825038365644,-0.8725627523304812,0.7384924896224059,0.6525250115646224,0.9890427753005241,-0.20765018301998922,-0.9599685761845018,-0.3393336940782094,0.9650433416823225,-0.39499559328532347,0.2636150500285444
-0.4796119919126962,-0.9576255517601676,0.7473103681914425,0.5966498811832042,0.9627654382978937,-0.22533110308074863,-0.9942127435525882,-0.26917486273277336,0.9407724973421571,-0.42328950607974536,0.1769402021606634
-0.3966448550291334,-0.963686576111292,0.8502180295984937,0.5237273618514074,0.9193711824291366,-0.24640765143511872,-0.9560001758651359,0.01657479906753448,0.9699337832245675,-0.3234577095472537,0.24061721785080875
-0.4889818698281129,-0.9716178585511726,0.8815472442331722,0.45104168778006487,0.9844865513888968,-0.274379308529051,-1.0232594621668454,0.11418660274022185,0.8709416652223523,-0.35146515280460716,0.21687054863367455
-0.5893094404507067,-0.8202811254932422,0.973437392300926,0.31677393344280497,1.032098547246816,-0.26179255844039484,-0.975485693226092,0.21536248031656632,0.8899179314293981,-0.4367760053972102,0.20379620691428768
-0.5844284950138878,-0.7296384649948657,0.9193680503884606,0.25069506676761716,0.8662760699320671,-0.38492497151224697,-0.955820501524957,0.4072195187922475,0.9474411432907276,-0.4725995337392356,0.15685138159600764
-0.6244181520809243,-0.8075260727224076,0.9760599626758787,0.13609669834720967,0.9700689421715342,-0.34531503205222314,-0.8108678347032175,0.6521895521292342,1.0237625278850389,-0.3122021350836879,0.17462270119660828
-0.6404141444286371,-0.8941533691111901,1.1194260136822483,0.057740430583893027,0.9628461476800289,-0.34050808043490416,-0.8435831911441637,0.6605776337725676,0.8290903093997323,-0.5565227967210611,0.20818996142636167
-0.7595309447883031,-0.7500508922642687,1.0338051377560171,-0.05064358166654852,0.9118367007696988,-0.3986903287719946,-0.6272481338545669,0.7016178806156879,0.8812210122323411,-0.41527614428205906,0.11274340908659333
-0.7906859147095779,-0.657695947040597,0.9116964670780625,-0.12689303216321465,0.9416230110219089,-0.5178784327606156,-0.7119444220688185,0.9091975683498836,0.8382980155522131,-0.525007064007277,0.06649058497301158
-0.8891775361947609,-0.6540205695834816,0.8969009374063723,-0.14688686546928825,0.9101479930451942,-0.4955800163954391,-0.40387795729700854,0.9102252841308852,0.942865930841535,-0.5676917327796295,0.00651111173357008
-0.7301123182962376,-0.5981056350973573,0.8950496005935055,-0.3431883449617047,0.7609491349552406,-0.4776442557121448,-0.2846782844730043,0.9924327216937394,0.7939077824508606,-0.5519097250673466,0.05564854802098099
-0.9110530801281607,-0.5516231598703557,0.9265003866343889,-0.472970505224492,0.8807189765316652,-0.48398332605580446,-0.05909357349764101,0.9818410729642207,0.8095441714863676,-0.49232990767572826,-0.0014326287674306104
-0.8634404066030932,-0.5563450799631815,0.8355979233564755,-0.4744674626092832,0.8835073361478701,-0.41868947769184284,0.013153443634935699,1.0100516376473923,0.8632222939532235,-0.5008349368318719,-0.004339359065029913
-0.8256514911236912,-0.522565608729137,0.8318758934142556,-0.5801163187421966,0.8258883328271253,-0.43538644777318736,0.19585407551758827,0.941013025810224,0.8499021474103119,-0.6136774890067872,0.001914689027856159
-0.9287352433142618,-0.3826221296666587,0.6359119848266896,-0.6835942231987489,0.8459416251437314,-0.542515191030145,0.33185247978851273,0.9495781978494434,0.9107866826315454,-0.4935783390609955,-0.1044057011803777
-0.8663690806220394,-0.37264824980315253,0.7041774612713616,-0.7556119574826696,0.8693806381307669,-0.5901556174932446,0.5289635045052091,0.9302809522971106,0.8969527435220325,-0.473559575441848,-0.04805517430345785
-0.9524837430170523,-0.3769673084037746,0.610780867082182,-0.8738688263280954,0.8852727328128758,-0.5611975831964683,0.4865932208383257,0.7277028304457305,0.8630499988352397,-0.510935248286911,-0.11595306482129639
-1.0128653613214202,-0.31101625453903065,0.45277967348602,-0.8745614966087942,0.8146880587145285,-0.6058143238849301,0.7609901361453544,0.6709748336815403,0.960659405109574,-0.4459944215228566,-0.20766116687199837
-0.9224105613732961,-0.14688150896592217,0.4784192854294839,-0.9326837101067255,0.7736911418937227,-0.6128472983517947,0.6636427628694387,0.6074654685672836,0.8538618184298372,-0.5158294666392585,-0.16294126667905837
-0.9662273925066456,-0.1761369613079048,0.3446222998546503,-0.998278147470191,0.7558139956828743,-0.674530431781953,0.8649187089518229,0.4859808060241262,0.8395490549838389,-0.42600321682803965,-0.2285642071603528
-1.0317922728256226,-0.09980047645227058,0.20265740745919053,-0.8984779980716563,0.7251479636384106,-0.7594052324823061,0.91450812207862,0.32421509942016286,0.8381017695288286,-0.6120636712875465,-0.310069321447372
-0.9626227679761541,-0.07245648962345923,0.1272367860016675,-0.9041608360484625,0.7258564438698639,-0.6107023677310464,0.9490387348690725,0.31404396259482315,0.8210812327923381,-0.5325722665023461,-0.297969059413604
-1.0088941726532252,-0.1238266849149538,0.036767756115731284,-0.9668079103011121,0.7610471377389565,-0.6889822008620933,0.9875278895061463,0.08516360435651239,0.8125781091273854,-0.682668235616178,-0.3412073319441019
-1.0705629020106016,0.04043287162266475,0.03215207521159033,-0.9671338213943991,0.7322781494459694,-0.6148688432422749,0.9715475386838198,-0.12440449277972389,0.8848495216352592,-0.6457012068170089,-0.37918019855262974
-1.02424141111895,0.04742674705575812,-0.17203261173220782,-0.9955154374196405,0.6343713505601039,-0.7637317131432212,1.0214707954347082,-0.20419939224926675,0.8054043132590758,-0.5479835354548317,-0.43685621896711657
-1.0283679824581955,0.22021822176514502,-0.22986289470802712,-0.9835773031399196,0.7435757349123999,-0.73255145539928,0.8407953119636021,-0.3394291952402675,0.8551112764993468,-0.5775487715253516,-0.4344277126590259
-0.9425633004135321,0.27378361326497513,-0.31147439456271103,-0.9793337337290602,0.6637179516976421,-0.7853168270951537,0.7767712119967347,-0.513191688685517,0.7220225410382088,-0.654962989745444,-0.43198037823605095
-1.0651253152470552,0.22521412947013164,-0.477596957839634,-0.856200812258252,0.5285748573846439,-0.7597390407335137,0.7727121605421651,-0.6537678197692489,0.805080740913309,-0.6003099907313183,-0.5701267734984891
-0.9335528274361189,0.3015413780710351,-0.46225045090286,-0.8375125469356637,0.6503255803974475,-0.8515853222958213,0.6638997065514709,-0.6645888851077928,0.7869320264271631,-0.6619731611789919,-0.4753864329094279
-0.9175452660030134,0.34642314641642097,-0.6251486069692267,-0.8009050284083133,0.5967973704440246,-0.8018235668018994,0.503548222207053,-0.8562297765433673,0.7642494405969388,-0.7046615317018317,-0.5269577410034698
-0.981456377882522,0.3255215470505955,-0.6863664104921045,-0.8191763951865425,0.6007419020345105,-0.8261478245720334,0.4490584704940751,-0.9349960487773522,0.7352216249581146,-0.6325367066703121,-0.5764897316819902
-0.9342052134827277,0.41390171802650455,-0.7667381702550132,-0.5768757501732341,0.5420291155217962,-0.801175313860762,0.23495131355040227,-0.9566387111434803,0.7648513143449152,-0.6160564942886831,-0.5887182347135085
-0.9684798393499185,0.4574888675198682,-0.8362595922315272,-0.629906304099425,0.5197271277312991,-0.8886070999536546,0.15685225145527903,-1.0305384799120179,0.7841930920941772,-0.7083268806769523,-0.6311723717981575
-0.9639884545979662,0.6110789031786001,-0.856450953276915,-0.45923376033750585,0.42680403752921825,-0.7838168264582588,-0.036990064347880734,-0.9889194789073825,0.6145790139139955,-0.5702093742325461,-0.653568705776214
-0.8815496366074557,0.47460298575028614,-0.98446245679361,-0.35338626887422303,0.5948893222206452,-0.7864707104290214,-0.12175368483831805,-0.8913340663852598,0.7707632422511845,-0.6577464104785649,-0.6171356908976817
-0.8433420680443435,0.5910160384961952,-0.9284555635848958,-0.3278589666507354,0.42327071023687973,-0.9069135779645745,-0.3486099606937044,-0.8992459445777636,0.802768862906176,-0.700820510028938,-0.6155535610502645
-0.6701159560276749,0.690262995380668,-1.0355794531866893,-0.17621133644555198,0.3539030134335893,-0.944013876939647,-0.4628569179131853,-0.8836367300975326,0.7104848674711356,-0.6144836095376852,-0.5749512112831264
-0.7537951381284321,0.725668418638464,-0.9078048724522281,-0.14680690553631326,0.4266754785148605,-0.8534448749632116,-0.5528302094143238,-0.8604346818963449,0.6333717846638626,-0.6608086611160293,-0.5639039350969124
-0.7374721105143235,0.6901860966601635,-0.8874110745839119,-0.04641837950079888,0.4082278746544396,-0.8894989318749984,-0.761780983496475,-0.6081339825754897,0.6986325136603614,-0.6930485144219037,-0.5533138027014473
-0.6713241135763927,0.7335658999198276,-1.0191785855003561,0.030826980650007246,0.4023052057857184,-0.8431371748601334,-0.84944303757759,-0.711080299319065,0.7126554094504263,-0.8253043419813804,-0.5609545912811594
-0.6243506990767639,0.7031633698853875,-1.078754883766472,0.2045866369869313,0.3425209877916936,-0.9610455323112592,-0.8680980706013867,-0.417612533387783,0.724724764665209,-0.7165493047599593,-0.5672976171099848
-0.6335757350621052,0.7178888118904844,-0.9359519275910055,0.3947106730164429,0.3099606164437002,-0.9317667550725445,-0.9007185918241237,-0.3803641418202368,0.6142087055684191,-0.6351689844166556,-0.5355813225196142
-0.5290664127350402,0.8270435878988952,-0.9495065271785318,0.3552764984733294,0.2571345655586128,-0.9753981585509653,-0.9443609160851109,-0.23065215386884902,0.7229028716361002,-0.6397077710443891,-0.4979582514093571
-0.46113207315292176,0.865836717519441,-0.9523523134823421,0.4312140261356028,0.3205631573311417,-0.916786021541371,-1.0691633100031674,0.04323784405279159,0.6727866285465353,-0.7212421663143246,-0.45215909915493513
-0.5104570934490105,0.9156227442707099,-0.8286276248050654,0.623501363300283,0.2111602872253279,-0.9423084757339572,-0.9843218030452834,0.10486231232873001,0.7129700786404055,-0.6260545623721742,-0.46158477672095927
-0.4088803808391717,0.8806131501093198,-0.7843764574317756,0.6253476939829624,0.2129074400306797,-0.9618974702508798,-0.8914588513395267,0.3462677884714394,0.6317260835851802,-0.7711720470460546,-0.39717163964298263
-0.43639241242299986,0.9775293551586919,-0.7046334540865579,0.7537807537265131,0.23902059674555778,-1.0574594260446846,-0.9489026305695144,0.37144222785354,0.57110609399546,-0.8790114657339465,-0.38178212308835574
-0.33950984636073217,0.8652448229512919,-0.7126376902497278,0.7514171098023703,0.23393528974042715,-0.9456040771514833,-0.8585271071642292,0.5564364400419823,0.6256476908187043,-0.763100726796934,-0.336759172307199
-0.3243055389349763,0.930977824886869,-0.5885128515638439,0.7619685364848552,0.07851746714100953,-1.0597851401719136,-0.8219085605568162,0.5814974509161654,0.6137203594413663,-0.7185658539761118,-0.3230031315084394
-0.2863378619444045,1.0121033288074481,-0.4147895462984378,0.9950120131504194,0.11036692821338823,-0.9744944495631916,-0.640467469906638,0.7312746160769289,0.6257284805456185,-0.8291504750110007,-0.24553240921905595
-0.15712291561079425,0.9602745964973417,-0.41958421472916163,0.8851658717452556,0.014552461978177278,-1.0256189821375357,-0.6201597013586665,0.8337819525950819,0.6538569953919483,-0.7682002389315451,-0.20152622982851015
-0.13411285643517298,0.9963697428556839,-0.26248305731452337,0.9939377532976653,0.015761162570128315,-0.9963567188303689,-0.39511785971619573,0.905965903078074,0.5875658148427244,-0.8610751216366009,-0.14264911289791785
-0.1755279191989095,1.0345456569577163,-0.23707626603329546,0.9514192583764796,0.12814944505368567,-0.9576734272555254,-0.25200489651413566,0.8933997998128096,0.5689373161387066,-0.7475847841764305,-0.13325695039870622
-0.05067380922473117,1.0562667858103458,-0.11335382100876103,0.9661355801504313,-0.010236789586615978,-0.9134985575727077,-0.025950404532697813,0.9650962137515814,0.6460521550811699,-0.8672393077278788,-0.06139040883231709
-0.012985636911251382,1.0129967372277375,0.022088215486270938,0.9719448790460605,-0.04187879963365623,-1.0268440482157994,0.0015099558192473855,0.94319849431807,0.6153383326237976,-0.7851233885536392,-0.008242113736475657
0.08054568583875127,0.9765369127276599,0.286569423195437,1.061268680096942,0.013417468325161896,-1.0171887893065628,0.20949509852675297,0.9973252422065323,0.607166354954748,-0.8287231071146772,0.1289271635430391
0.12777639835540427,1.014659310377997,0.2272159495360379,0.9686048020845238,-0.03714803287147091,-1.0385219899145948,0.3286948364750418,0.9372239494275852,0.5130199185432258,-0.8882629634022204,0.12462337746421932
0.1895790758347031,1.036566141732518,0.3070236199602277,0.9069283629302711,-0.0959340489765904,-0.9744550398261097,0.4339081803751667,0.8468579332190567,0.619454394735515,-0.8689505831109671,0.16770981411010177
0.12950137165135434,1.0529306103058322,0.41446602591787485,0.9228514213200492,-0.2096425026134343,-1.0064137805547932,0.6003404002214107,0.7876438195737201,0.5976721283287333,-0.7899664375600077,0.14716199307835276
0.2434769738952926,0.918049664859495,0.5078116649770197,0.9138804718326712,-0.1777076295916451,-0.9301189484586708,0.7715110153543409,0.7438148020297212,0.5532923836487925,-0.7500693027588722,0.2385404605224232
0.3392521606525744,0.9583066859426194,0.6528998626148639,0.744913764503105,-0.09003717029099112,-0.9971448397547665,0.7942089328957344,0.6087065408900619,0.4635709141623443,-0.943512403461801,0.34748860505254814
0.28102306382964976,1.0708570426689643,0.7008402661950452,0.6463952519518918,-0.2406128126264308,-0.994617821079536,0.8910547749577046,0.45180729081277693,0.6043944175761098,-0.8911093991657171,0.3026410492480523
0.4198996596526546,0.9238399122144045,0.7619903361830169,0.5447773334501242,-0.2378735166727035,-0.9304941714962023,1.0268891924446366,0.2959608517856804,0.464457868054006,-0.8634878334478524,0.3909722273466916
0.38740122637585517,0.9666797603701321,0.8263798763596771,0.6418020473362799,-0.22432361684569285,-1.048078415678576,0.936132889269257,0.2731757130794464,0.5144403334466375,-0.9254952601167656,0.39674985272669216
0.5134008609891546,0.8562158520529984,0.8145682580669349,0.589721685606344,-0.18839858131724643,-0.965985681410781,0.9541048186102923,0.052411657990893576,0.4223441207825455,-0.8185385772283675,0.4633911916512085
0.5347966780027015,0.8758586354155288,0.8974744279509139,0.510019411152872,-0.21610586657831948,-0.9869984181214161,1.016085297036703,-0.14059997001323,0.4444086874013332,-0.8578919772616388,0.493419494070961
0.6974567798584304,0.8283421213179686,0.9090593640985442,0.2553575386518363,-0.2210307417372169,-0.9282209567808767,0.9441842210899607,-0.31457038332306597,0.44723756419220584,-0.9014382272157198,0.577240050811335
0.5898866986747091,0.8833577132457315,0.9682156118250419,0.20771283851885364,-0.2818471483807061,-0.9320684945620952,0.9995805973954769,-0.42243387752808187,0.4511314889012707,-0.8513688241741362,0.5290386032087259
0.6145757393448237,0.7933684412386692,1.0604105434464954,0.13174496229238725,-0.3690832264207208,-0.8714814188978406,0.768156621455518,-0.6106303507650602,0.42650952552825605,-0.8117612294348714,0.5515943874222163
0.6392991423428057,0.6873000735507983,1.0077719074443319,0.055242020609601615,-0.3911511732192027,-0.8788064239039209,0.8298916703427213,-0.7032512456586301,0.5041567252499711,-0.9404125112183999,0.5437509087608619
0.8941384122653315,0.741169480124997,1.0265808975842226,-0.07602524670023608,-0.40669594590310687,-0.9120100997472131,0.6142069684899343,-0.8387928209616611,0.5020728633448692,-0.9914243932814437,0.673704286227311
0.7472102938837984,0.6030595528832413,0.9149300900149916,-0.238821179063476,-0.3891724893834524,-0.8970622689664683,0.4248736678674724,-0.8902096972791766,0.4998473828896874,-0.832534123709333,0.5702496760697062
0.8084415665434559,0.6167258412271823,0.9954936085640212,-0.24852776069485805,-0.4482611311615158,-0.9277721693027082,0.2890940668224349,-0.9241488343492779,0.4645288827337555,-0.8727611539030822,0.6132166396086312
0.8681879240880773,0.5459684601486081,0.8539358378515818,-0.41138101338095723,-0.45787194300297984,-0.8795190604476179,0.27443116830558295,-0.8948086112459142,0.46636321585316504,-0.9076630918084373,0.5987003247989172
0.8822746353484996,0.44002355875525995,0.836936186503273,-0.4916090000028449,-0.5282845324183439,-0.9061879934208787,0.14839263765927577,-1.0290094212175875,0.4685907461762077,-0.9392458392641696,0.586561267141563
0.8505202205080937,0.5670993968624681,0.801900397868485,-0.48903363101609143,-0.4598414939491033,-0.8259234527001101,0.017614731749474054,-1.026006577271536,0.38382857317675273,-0.9701387158848788,0.5738619308247717
0.8184133928690107,0.3933744807113199,0.7395657607530077,-0.7028272539029461,-0.5296915672010863,-0.8660506921414287,-0.2703132588769304,-0.9962324494049479,0.3409783169204766,-0.8766250956518756,0.5251381112201904
0.9993394764492332,0.3079404286492927,0.7843993084898707,-0.7378830478693653,-0.6249412614277507,-0.7847391916806021,-0.2934165925665746,-0.8776319074889567,0.4042176435131085,-0.8891313354482436,0.6100012784860276
1.0190556261736325,0.3721410825463848,0.7359771708905549,-0.753154755145017,-0.5684662258653761,-0.8252781584864594,-0.5144089520524394,-0.8450131836107787,0.35672447550870057,-0.860932143932176,0.6166277191809075
0.8904189042451076,0.25066239404833723,0.5353993236431597,-0.8434028895635903,-0.5327881667088538,-0.819502963128714,-0.6168791521497885,-0.9013052009476288,0.35355154612304973,-0.9116473180173431,0.499271615873731
0.8232153232116663,0.22570170045003224,0.5188727392174622,-0.8060766428581356,-0.5809839618923396,-0.7256352541331975,-0.7972004825637853,-0.7765324466575036,0.3635013613536823,-0.9864434063925113,0.45107269099260394
0.9862678724536353,0.1467415776871656,0.4309710603475463,-0.8605164880987666,-0.6122413306956646,-0.7406353325029844,-0.8057637956812939,-0.6018935747549881,0.34173792086418797,-0.8263028359991803,0.49997698819194863
0.9134327115838847,0.07701629213913012,0.2668901910969037,-0.9118763299123427,-0.6950645277556842,-0.8142544479638939,-0.8748088276279142,-0.505512486587022,0.38611341566338553,-0.9173768007005099,0.39777050756987664
0.9234288304384786,0.10886038066485601,0.16610488434376244,-1.0746688819407157,-0.735247273048369,-0.7788439577944134,-0.9207067976157023,-0.24859697490055016,0.23340094559088614,-0.8691123494180761,0.36449642591269427
0.9745377397619235,0.017913760773508702,0.12348976540441509,-0.9435369272135081,-0.6029579533248822,-0.7298610036886475,-0.9602406816165135,-0.14985329985887108,0.36982847020193294,-0.9511889742312598,0.4037242088373098
0.9425158261933609,0.0391052996277272,0.033400752315507404,-1.0283704400955669,-0.6620821998279921,-0.7647699819427558,-1.0754679122362856,-0.016153615266642277,0.2118605220066687,-0.9692966315993385,0.34886169882573426
0.9734957266059028,-0.13414154378535348,-0.11442187356698937,-1.004144287807029,-0.8035640934968221,-0.6898992985878736,-0.99597856000652,0.09436871527399457,0.28613301384278705,-0.893822179351691,0.29170848253349013
1.0724251324508836,-0.037139877622201826,-0.24615859000635282,-1.0043236531298092,-0.7530201649460889,-0.6836782754502411,-0.9958571876704427,0.26809383686510235,0.3471985100024738,-1.0046490491744742,0.3117609562343181
1.023717229837543,-0.043511194214424814,-0.27092534961391673,-1.000353805560773,-0.704191842822993,-0.6138790423233196,-0.9262003725778379,0.358815504779439,0.20127513342562145,-0.9369088741354316,0.28974264146999784
0.9995373983680205,-0.18604874747169609,-0.32434818790735653,-0.9287920962016402,-0.6689105612076145,-0.7240071689280276,-0.8366602986469698,0.5342941002289899,0.29567801844455327,-0.968535837593559,0.26868213057028034
1.0520617140260053,-0.2560870042122633,-0.45552152966278775,-0.8727403892502114,-0.7174391809487555,-0.6393972705918793,-0.742563066974363,0.6671717247862674,0.3133394498027673,-0.9686372644256037,0.24588656192441524
0.8917220642015455,-0.2992487716329438,-0.5636766620393207,-0.7989809661699537,-0.7596198663775094,-0.6222434497509559,-0.6533191182165092,0.7508627490559219,0.29072239156943375,-0.8931274903168701,0.12483406021347465
0.9043766614788598,-0.3055103803393868,-0.6008020825384479,-0.7031895355323582,-0.8612635027016832,-0.5924752910256679,-0.49033756270378787,0.7928513107028349,0.16709722293979545,-0.990978058470947,0.09969500543755888
0.922143665145021,-0.39970679462950265,-0.7255546322940878,-0.6652555566214371,-0.870362009146981,-0.507783262200486,-0.39769825433533657,0.8827550914349522,0.22040690805612023,-0.9457773096224509,0.06933304105488797
0.8915888082362745,-0.4520795957221563,-0.771981947778822,-0.7349948257367214,-0.957418787997536,-0.55025689090898,-0.14470091558473602,0.9462315708617526,0.2767703238614524,-1.0082158960097727,0.022716062184983454
0.8640885696385942,-0.5257316202934053,-0.8432242143339337,-0.481752420777256,-0.9912396970170613,-0.542966093732861,-0.024144449767018406,1.0158927528800592,0.19100353857028365,-0.9990932395289177,-0.019170918884295257
0.824305285435574,-0.5102462894656242,-0.9205685590094838,-0.3986803844059369,-0.8790555152333583,-0.42694669325990786,0.032188887511968634,1.0276820027263582,0.1903641857673152,-1.0346324017999795,-0.039829028031729774
0.891973558458878,-0.5753119932698633,-0.9372178042140887,-0.37835018139410204,-0.8948873124868055,-0.4902255272378991,0.22343768103350792,0.9612848372188706,0.17937685958376348,-0.9425371453124121,-0.014156024532148703
0.7550950696391775,-0.6617719431715468,-0.9335668317078863,-0.2759304777878477,-0.9419255594980053,-0.5227205431710362,0.33921757183839013,0.9444772083102247,0.25961270881994736,-0.9263419706932187,-0.09090762659237822
0.7392700903808851,-0.7035288941493343,-0.9372518077449317,-0.14747234962824055,-0.941302607370262,-0.45287620836775533,0.505349423113383,0.8004330557338964,0.2164113130706258,-0.9286221736415287,-0.09980101860708931
0.7391477778414642,-0.6709759771101943,-1.0303830791175823,-0.1464733111417929,-0.8829845880520908,-0.43214165599978804,0.7024404800140607,0.794877511468008,0.2080706003395973,-0.9836594714367582,-0.11613795242496072
0.7154482467637944,-0.7371317480931229,-1.051654981760957,-0.03641893502707413,-1.028457339701808,-0.3253340560574853,0.7456804385477253,0.7384436069059594,0.1626445555714706,-0.9789096019951973,-0.16346383908675152
0.662529238179073,-0.7571527732617988,-1.0220650736084458,0.09196214983021929,-0.903181749449066,-0.40133863366701483,0.7553841551068723,0.590412552478529,0.23646257935022752,-1.0518025159063933,-0.15599125288281043
0.6061148914124632,-0.8585325368800869,-0.9338951003300481,0.268618319033008,-0.8290513576487036,-0.369911337298352,0.8558878265449787,0.4181388761642425,0.0933047725664056,-1.0408802714105518,-0.14292135592252356
0.6095807213504338,-0.7498871357068837,-0.8326053142577676,0.23389160414250676,-0.8904971225749201,-0.321185417357254,0.877306184290372,0.30113950951892193,0.0711892908191571,-0.9849383505065968,-0.12309065811709738
0.5563577364433555,-0.7575415502698227,-0.9300142337759694,0.40587631599074336,-0.9800423935701158,-0.20645380480730546,1.0057965497269026,0.27037920265681303,0.04227719556128387,-0.9661519206767186,-0.19683388062513618
0.5645250383222099,-0.8888078363753302,-0.8342295738737703,0.5073843047063628,-0.9280636343493429,-0.260467063573991,0.9702649657849176,-0.05851390693698551,0.09231091585322772,-1.0104079636128134,-0.1536190798708947
0.4005631589212581,-0.8428236092816026,-0.8407085522701647,0.5813610389457329,-0.9463376532796425,-0.2364170121728479,1.0636502410678002,-0.143263960773195,0.09968401961654055,-1.0674937445255135,-0.24119851687634883
0.42549499355916426,-0.9177631295223749,-0.7998828889598101,0.6294111633754935,-0.96949486029177,-0.2027325973391152,0.9883573941008384,-0.26084551549354346,0.16823431599059369,-0.9591451371149406,-0.2211163419667149
0.3758605205321757,-0.9674789943989489,-0.6498587242586007,0.6792397466555595,-0.9944979312013206,-0.19877823014926527,0.9663172264972589,-0.39827410944888253,0.038086214389444914,-1.0099012874810978,-0.20592694325175648
0.32025657500939825,-0.967954422358574,-0.5727349686622399,0.872047766412129,-1.00069602162212,-0.17000111092837514,0.8512117006869293,-0.5755837602316365,0.05083513128422773,-0.9510081122147833,-0.21183140741839684
0.3520619106998176,-0.9459441797898785,-0.6341895379911757,0.8374731514211647,-1.01416810353386,-0.09135206083542623,0.7717237199395605,-0.7019464216476956,0.020529227976937722,-0.9602881640579629,-0.21705952675421591
0.21485685319247416,-1.0564793320079409,-0.3422050245559996,0.8602857639963206,-1.0114152604623212,-0.03085256289056519,0.6464136013070652,-0.7625519832465851,0.05532887020833296,-1.0140570733264516,-0.19751613286302705
0.16816920743062921,-1.0562747331409448,-0.34526422016023606,0.871834225472481,-0.9987040089026803,-0.1367408147494296,0.5300141933036655,-0.8287873690906075,0.0502400939063196,-1.0053046808131048,-0.21923546411329228
0.10627811820115199,-0.9216521174479323,-0.2958041788922716,0.9797188872031672,-1.0415535117761803,-0.020120462699831754,0.361875284093176,-0.9321513765987236,0.04369423938201751,-1.0845446403392358,-0.24391289692234158
0.05222773186860116,-1.0861945401992603,-0.1684525605374318,1.030034828598138,-0.9652051152866885,-0.018077958277523083,0.2619099901221495,-1.001478385778527,0.01527244101001676,-0.9368467951477333,-0.2174629252842667
-0.006932605171011394,-1.052851650945015,-0.149371503239993,0.9920824682773257,-1.0065688625524638,0.015278717050094318,0.15651363881004143,-0.9999039661034965,0.015898597994352212,-0.9881161467565757,-0.24959152606799634
-0.060135887445916705,-1.002950220472526,0.08164047139350275,0.9399262728651396,-0.954962752110123,0.002963277174449625,-0.0826308220366742,-1.0160106861307625,-0.02913789548711938,-0.9751744200805726,-0.19656835272693216
-0.11804762676325337,-1.043644225989512,0.1489114418037862,0.9583160279775135,-0.9239543118323679,0.0817686354741039,-0.20824144738164915,-1.0029373535136998,-0.031704902657225136,-0.9278758744457333,-0.19914124320696439
-0.11250273266413055,-0.9525774644259182,0.3342122959801406,0.9226117635186522,-1.0450243008756177,0.07147228418117979,-0.342171414143455,-0.8983840147191219,0.08999291882837349,-0.967382045818429,-0.16499253771314665
-0.1684621594392584,-0.9607892588926128,0.3511488654770008,0.9924750874290192,-0.9510449266079993,0.07223580453353214,-0.5308758797110087,-0.8601168415570235,-0.005581465171393088,-0.9581138294655872,-0.16909540539812884
-0.22579780823039333,-0.9811339330410811,0.43814970344393195,0.8521463435723782,-0.9016638024915358,0.1250609691022354,-0.5767545154439501,-0.796878876554179,0.03155067429206029,-0.9920772471026347,-0.16178675358032424
-0.33168241922388936,-0.9037463378477353,0.5649619534909737,0.8759853866954265,-0.9904227239360748,0.11525297569046425,-0.7537585498261257,-0.7075945921877894,-0.051704589491250064,-0.9638553912438717,-0.19443716835186756
-0.2972583006585948,-0.9321603649420845,0.6198266564835881,0.8694225626792179,-0.9460800840442561,0.1742292988716008,-0.7947169743393343,-0.4835436491897804,-0.11859302837951523,-0.9852866656256304,-0.15189717019307222
-0.340748553974244,-0.9142266036686462,0.6926347641579117,0.7806234064650583,-0.9775154324578509,0.18237786124529845,-0.8294586690664996,-0.4166982789979496,-0.10970162828513061,-0.9042163804241421,-0.15808693423131867
-0.4607063224717954,-0.9189394618415284,0.7518138897089074,0.6619811365093786,-0.994527381028331,0.22181203120294826,-0.9772809807046053,-0.31307856418825164,-0.09365684407500574,-0.9691110489477599,-0.20371447052889172
-0.4482160496646958,-0.8974304018741558,0.8018270748872182,0.5957905638775398,-0.9376047367606027,0.27725938374160447,-0.9161849692796268,-0.18823330958465953,-0.05220672456972553,-0.9027789725391373,-0.171080849718303
-0.48707563194448916,-0.8457590141763384,0.8822529378941816,0.4582960625831799,-0.9751995096552952,0.320881142958542,-0.9594969602987469,0.013947001932880839,-0.06646292367252966,-0.9698614492703785,-0.17390183653504915
-0.4856443531560253,-0.8988655438560669,0.9188581535598552,0.40741597963803755,-0.9090723789783262,0.36604221428945055,-1.0111004939327677,0.12247994787259137,-0.04381356688050676,-0.9304653970142931,-0.1489792063057213
-0.5759167659776788,-0.7414716728480105,0.9969141128549038,0.3576659040541207,-1.026756651663637,0.3211085634839447,-0.9773271849527796,0.3164394531816296,-0.1643234496726672,-0.8475956579324138,-0.1942354794650957
-0.6307740032282716,-0.8073851171263268,0.9550395471443002,0.05499451780231007,-0.9542413144513769,0.2741894311938881,-0.9418747445691235,0.42695655347063005,-0.16043187306668508,-0.9725219130179189,-0.21972340036112115
-0.6708042722363261,-0.7287129037946044,1.028187682145972,0.19710009143555007,-0.8416386012162206,0.3790135119796871,-0.904767768225756,0.5092724380520618,-0.135490254482888,-0.9869041794102728,-0.19527355171761565
-0.7167663499920818,-0.7617238636881382,1.0844772161326741,0.11557319062355409,-0.8329251171551267,0.45277155267591107,-0.7432257636602815,0.730335038540271,-0.10230335949591099,-0.9899163280955072,-0.199625033587264
-0.6926411212104236,-0.7226869885794333,1.0548822703799001,-0.1800252000914157,-0.9051477739173174,0.4488450643045648,-0.6109831016175433,0.7416900603382246,-0.10541768197343518,-1.0399385427129995,-0.2108854342747053
-0.7603225194144154,-0.6448224910440715,1.00940155870971,-0.13926158318155527,-0.8931894286818859,0.44443413797432907,-0.5256995283032599,0.8744088031055397,-0.18320634730541643,-0.9561960115402943,-0.2559786778306719
-0.8684441538311621,-0.507115616402476,0.9782887709754294,-0.2321908286963299,-0.8732836128055596,0.3669411462857957,-0.3565966697180229,0.9302482180502275,-0.19840063636508595,-1.0061254776754542,-0.3153921681840642
-0.8478511564983816,-0.5768342712839238,0.9131787475428262,-0.34803555189064506,-0.9494691261207746,0.4573652734211696,-0.19996266214404337,0.9727460049943633,-0.09007982933184344,-0.9554328388833311,-0.3398657792104979
-0.9420927509727631,-0.5358503052547802,0.7963812786695527,-0.39498042281111656,-0.8499166346570657,0.4220600405850809,-0.07107442127239533,0.9409459836641895,-0.3117642950881587,-1.0074360238068425,-0.40211531881692897
-0.9044229449853446,-0.5009290810581025,0.8055076675486449,-0.5960484485323216,-0.9831315611039176,0.5948281388478329,0.05299792357767001,0.9732828179002555,-0.16012485900968706,-0.9668528195002042,-0.4071854844488624
-0.9489213520995232,-0.46083759827381604,0.7572685146822937,-0.5483209065945382,-0.8702038273626805,0.5385437724412251,0.24581045587088585,0.8961087348250854,-0.27826938932485695,-1.0302819673698764,-0.4213208871176096
-0.9316003779637976,-0.37215159090167294,0.7528638005398248,-0.6734747010359756,-0.8947624360607299,0.45967048901344715,0.32419712917186594,0.9370987249864767,-0.24556887669675462,-1.0404224377615883,-0.41889353603209734
-0.9128043794687707,-0.3443463735398335,0.7637821678386167,-0.7983393260525129,-0.7581455257328791,0.5570918683628333,0.4315601539661164,0.8705936438636658,-0.17601840117224948,-0.9253406078557046,-0.37889664452937616
-0.9292738842322417,-0.29502594263870036,0.5735838752307568,-0.8953562315478871,-0.8774897635587318,0.6355161509770537,0.528431688436689,0.7526944376376522,-0.3716892946214683,-0.984157848328928,-0.46805973225864017
-0.9138023854609255,-0.23311468182994566,0.39761020373417333,-0.9169505102225782,-0.9285759858949447,0.7085188007856572,0.7955274332193417,0.7266998455450132,-0.29705885615471656,-0.9863380753699342,-0.5233333287891997
-0.9077061525522413,-0.08876599766730237,0.3915037911032057,-0.8900883544857647,-0.8052296843874638,0.5207870279577295,0.8719361414482709,0.6630461359005669,-0.2875517989449424,-0.8600329124013504,-0.4974478758226517
-0.8897567359080027,-0.11842063170630024,0.2710674939688583,-0.9808165870157494,-0.9177494278500117,0.7148339649080921,0.8874858279530904,0.4441126750503974,-0.3527553308865411,-0.9643688433539606,-0.5471080053333462
-1.0205989395377018,-0.08459072658937093,0.17401462740686444,-0.9693371604476152,-0.7153041886388978,0.6975586724904247,0.9181855174738541,0.31665714961849073,-0.2648702110682729,-1.004219678936673,-0.6011559192745711
-1.0304411981334458,-0.0471092175856143,0.0713551257057324,-0.9826586593983758,-0.672993604338771,0.6724531378488647,0.954073352683767,0.11443179989954036,-0.2786475026131504,-1.0404071509039616,-0.6284127822227574
-1.0087394303808714,0.06799929883897166,0.003512134052194766,-0.9205765017544846,-0.7783584071817133,0.6669099025876796,0.953502094946757,-0.042618121012169156,-0.35779404237716605,-0.9167973273545732,-0.65898775641112
-0.8605197837485683,0.06702019464348415,-0.13988895422610606,-0.8949363139087814,-0.73680044644854,0.7561957568003611,0.9858512121302072,-0.17490270851640347,-0.4069309153474104,-0.8962964409554264,-0.619586667431824
-1.0150931477068803,0.08028659849312828,-0.19224466459357095,-0.9870716290018149,-0.6278110432454874,0.7393260472373758,0.9387100259305738,-0.3451623755145651,-0.3643939061464918,-0.9716448014030272,-0.6907821818806089
-1.0364842443090154,0.1847269253450797,-0.3520330037341736,-0.9555738411048803,-0.6165530711599421,0.7481706171343068,0.8838970482063176,-0.4364582476819028,-0.3216690616795818,-0.9247974252240152,-0.7471626375067482
-0.9722453209085428,0.16703442292816914,-0.43698904459329535,-0.8759319730318454,-0.6491343373179091,0.8122138575982271,0.8838248192500994,-0.5613656941817691,-0.3712578722160236,-0.9326695826969784,-0.7470462412958419
-1.0117875080792942,0.29050522213619934,-0.47677782941773506,-0.8307213215131241,-0.5776450785043132,0.7520181343118534,0.7465255037308066,-0.695912670145901,-0.327681292836179,-0.9476086290303097,-0.7644561185658303
-0.9979051843782029,0.29842454236746335,-0.6258425004288333,-0.8113463068897705,-0.6263746038950355,0.815426590303321,0.6500239726146082,-0.8117664970210133,-0.37862799073564557,-0.8879431480316331,-0.8119802630967585
-0.8845294742345744,0.4300612819698984,-0.6925920980658481,-0.7724785867604794,-0.5875260944943174,0.8556283952685024,0.504611234007771,-0.9014108686151919,-0.45050345478703646,-0.9005686434042843,-0.7675475854359051
-0.942311071212895,0.31000337077588647,-0.7358426138654515,-0.6738064998203449,-0.6185207993379953,0.8124105511123726,0.389375323817495,-1.0630236911455768,-0.4206092494984341,-0.9101801540987543,-0.815612479633682
-0.8856212946959128,0.4687474142881595,-0.8077325191135557,-0.6911049704738839,-0.4815968408736244,0.8709512426374151,0.16612895236614206,-1.0052297796541059,-0.45424161654282574,-0.886779284708556,-0.781449771256748
-0.8201736009499835,0.40852982871563437,-0.9223961096832356,-0.5259421719386875,-0.5135430848638531,0.8486031389437323,0.13953405078267747,-1.1276007169306375,-0.4455358250121908,-0.9116553221347864,-0.789514250352733
-0.8173837254572133,0.43321030599227955,-0.8382617314849478,-0.5318665227914341,-0.5294614506234998,0.8180638279735055,-0.10928326660174253,-1.021033682114098,-0.43532830385838023,-0.9137270475935586,-0.7660626722987909
-0.722254640703655,0.5290283883228962,-0.8018886744915864,-0.3725481805513142,-0.41620636883655887,0.9072167562615495,-0.17425913862886244,-0.9337690298511192,-0.4554018354112398,-0.931531495413228,-0.6849351964666153
-0.8031078848536949,0.5438193539220487,-0.967660863248178,-0.22448638495535517,-0.4049304969991459,0.9348070950461316,-0.32748322191623275,-0.9754321001838681,-0.4678270780021548,-0.9349582191625484,-0.77283830080113
-0.7957015252971243,0.6172562028873126,-0.9236936417459267,-0.17931569909717684,-0.3291846390142345,0.8643426328891342,-0.5689377712216938,-0.7961776850788642,-0.4213929859459834,-0.8481230149182725,-0.7407957829751871
-0.793797438395563,0.6953628532758078,-0.9919702462968305,0.0076446608395603285,-0.4751349415720454,0.9766731554912587,-0.6312968744614496,-0.7861430160630692,-0.4312021345255739,-0.8119203962877687,-0.7895167814012398
-0.6765407333202285,0.7074346861019535,-1.0232565131705045,-0.02660346690843679,-0.3745120411735987,0.8609720168083254,-0.8745319615173527,-0.7070943640409539,-0.4126915655525368,-0.8408230905318579,-0.7201497288459853
-0.5813985465381301,0.8633807294686363,-0.9816565026496377,0.0999035120799332,-0.3215258415521233,0.9256228186438172,-0.8616724895346224,-0.5715530796508667,-0.3531025250266466,-0.9240040488865441,-0.649501392374381
-0.6167787365925719,0.8570773935697213,-0.955526310355376,0.1820748623863883,-0.28718255340540416,1.0249180459448783,-0.9101856028287886,-0.45585959690095884,-0.4417114526117365,-0.8549083278196896,-0.6524837720839796
-0.5914932250777015,0.7847111048253106,-1.0226775797535874,0.29351046343421233,-0.31545705526133233,0.8872188870133358,-0.9579056022981998,-0.2197738545412752,-0.5277651257286606,-1.0172026863081645,-0.6656412975171935
-0.5766302653557257,0.7631821529092442,-0.8006806913575147,0.4640571593433127,-0.2734431977820148,0.9557741593835561,-0.9427372513507235,-0.0831597530936676,-0.43471916070462036,-0.8496315790400181,-0.5832079796415202
-0.47559431088290655,0.7809458305813688,-0.7983604443245497,0.5524400961536781,-0.2692768548314432,0.9752356007134744,-1.0350339332990157,0.020968873220624053,-0.4115892385379372,-0.8084006662215897,-0.5311606597051068
-0.4140012388512241,0.8899894297610617,-0.8108459971885095,0.5376379427680203,-0.2820439369531704,0.9545266892277015,-1.0458496743426917,0.13976132915121975,-0.46141413470012044,-0.7948571934896725,-0.5066632059727989
-0.3809103775575025,0.8821003304228917,-0.6738969304669835,0.6548029434521477,-0.15028122119955573,0.9116580837591287,-0.9423398566191391,0.2774176819092313,-0.5588943042106762,-0.9416955474959848,-0.42268051215875746
-0.35456103592866056,0.8921323600332145,-0.6343871476874852,0.7631022266068179,-0.13540434097550608,0.9453496290795801,-0.9788476150528543,0.47530507807134825,-0.4381149925024912,-0.8550953070390686,-0.39467753046567705
-0.3466504225137766,0.9035185086431017,-0.5096630544433289,0.8134957448421408,-0.1488089560873834,0.9493453356938746,-0.7301033112957663,0.5947416866371102,-0.4548175434407617,-0.9269312209945227,-0.35598591880736363
-0.3695378741181542,0.9937557374956225,-0.5128544736229032,0.766470980587138,-0.0782503050513499,1.028030616078385,-0.6631406765452843,0.6915325639572011,-0.6309682561397636,-0.8838019147346821,-0.35427534015621803
